ISO-10303-21;
HEADER;
FILE_DESCRIPTION(('KiCad electronic assembly'),'2;1');
FILE_NAME('logic_board.step','2025-12-24T22:30:18',('Pcbnew'),('Kicad'),
  'Open CASCADE STEP processor 7.8','KiCad to STEP converter','Unknown'
  );
FILE_SCHEMA(('AUTOMOTIVE_DESIGN { 1 0 10303 214 1 1 1 1 }'));
ENDSEC;
DATA;
#1 = APPLICATION_PROTOCOL_DEFINITION('international standard',
  'automotive_design',2000,#2);
#2 = APPLICATION_CONTEXT(
  'core data for automotive mechanical design processes');
#3 = SHAPE_DEFINITION_REPRESENTATION(#4,#10);
#4 = PRODUCT_DEFINITION_SHAPE('','',#5);
#5 = PRODUCT_DEFINITION('design','',#6,#9);
#6 = PRODUCT_DEFINITION_FORMATION('','',#7);
#7 = PRODUCT('logic_board 1','logic_board 1','',(#8));
#8 = PRODUCT_CONTEXT('',#2,'mechanical');
#9 = PRODUCT_DEFINITION_CONTEXT('part definition',#2,'design');
#10 = SHAPE_REPRESENTATION('',(#11,#15,#19,#23),#27);
#11 = AXIS2_PLACEMENT_3D('',#12,#13,#14);
#12 = CARTESIAN_POINT('',(0.,0.,0.));
#13 = DIRECTION('',(0.,0.,1.));
#14 = DIRECTION('',(1.,0.,-0.));
#15 = AXIS2_PLACEMENT_3D('',#16,#17,#18);
#16 = CARTESIAN_POINT('',(120.41,-95.5,4.095));
#17 = DIRECTION('',(0.,-1.,1.110223024625E-16));
#18 = DIRECTION('',(1.,0.,0.));
#19 = AXIS2_PLACEMENT_3D('',#20,#21,#22);
#20 = CARTESIAN_POINT('',(154.84,-104.9,1.595));
#21 = DIRECTION('',(0.,0.,1.));
#22 = DIRECTION('',(1.,0.,0.));
#23 = AXIS2_PLACEMENT_3D('',#24,#25,#26);
#24 = CARTESIAN_POINT('',(0.,0.,0.));
#25 = DIRECTION('',(0.,0.,1.));
#26 = DIRECTION('',(1.,0.,-0.));
#27 = ( GEOMETRIC_REPRESENTATION_CONTEXT(3) 
GLOBAL_UNCERTAINTY_ASSIGNED_CONTEXT((#31)) GLOBAL_UNIT_ASSIGNED_CONTEXT(
(#28,#29,#30)) REPRESENTATION_CONTEXT('Context #1',
  '3D Context with UNIT and UNCERTAINTY') );
#28 = ( LENGTH_UNIT() NAMED_UNIT(*) SI_UNIT(.MILLI.,.METRE.) );
#29 = ( NAMED_UNIT(*) PLANE_ANGLE_UNIT() SI_UNIT($,.RADIAN.) );
#30 = ( NAMED_UNIT(*) SI_UNIT($,.STERADIAN.) SOLID_ANGLE_UNIT() );
#31 = UNCERTAINTY_MEASURE_WITH_UNIT(LENGTH_MEASURE(5.E-06),#28,
  'distance_accuracy_value','confusion accuracy');
#32 = PRODUCT_RELATED_PRODUCT_CATEGORY('part',$,(#7));
#33 = SHAPE_DEFINITION_REPRESENTATION(#34,#40);
#34 = PRODUCT_DEFINITION_SHAPE('','',#35);
#35 = PRODUCT_DEFINITION('design','',#36,#39);
#36 = PRODUCT_DEFINITION_FORMATION('','',#37);
#37 = PRODUCT('SJ3-35083C-TR','SJ3-35083C-TR','',(#38));
#38 = PRODUCT_CONTEXT('',#2,'mechanical');
#39 = PRODUCT_DEFINITION_CONTEXT('part definition',#2,'design');
#40 = SHAPE_REPRESENTATION('',(#11,#41,#2248,#4872,#7364,#14187),#16811
  );
#41 = MANIFOLD_SOLID_BREP('',#42);
#42 = CLOSED_SHELL('',(#43,#85,#118,#316,#348,#372,#397,#421,#446,#470,
    #494,#518,#542,#566,#590,#615,#640,#698,#723,#814,#832,#856,#880,
    #904,#928,#952,#969,#1007,#1024,#1075,#1100,#1149,#1166,#1190,#1208,
    #1240,#1332,#1357,#1545,#1562,#1585,#1602,#1619,#1636,#1653,#1696,
    #1712,#1729,#1763,#1805,#1829,#1847,#1867,#1893,#1996,#2013,#2030,
    #2047,#2064,#2081,#2098,#2115,#2150,#2175,#2207,#2219,#2236));
#43 = ADVANCED_FACE('',(#44),#80,.F.);
#44 = FACE_BOUND('',#45,.F.);
#45 = EDGE_LOOP('',(#46,#56,#65,#73));
#46 = ORIENTED_EDGE('',*,*,#47,.T.);
#47 = EDGE_CURVE('',#48,#50,#52,.T.);
#48 = VERTEX_POINT('',#49);
#49 = CARTESIAN_POINT('',(-2.44,1.05,13.825));
#50 = VERTEX_POINT('',#51);
#51 = CARTESIAN_POINT('',(-2.64,1.05,13.825));
#52 = LINE('',#53,#54);
#53 = CARTESIAN_POINT('',(-2.54,1.05,13.825));
#54 = VECTOR('',#55,1.);
#55 = DIRECTION('',(-1.,0.,0.));
#56 = ORIENTED_EDGE('',*,*,#57,.T.);
#57 = EDGE_CURVE('',#50,#58,#60,.T.);
#58 = VERTEX_POINT('',#59);
#59 = CARTESIAN_POINT('',(-2.64,1.15,13.725));
#60 = CIRCLE('',#61,1.E-01);
#61 = AXIS2_PLACEMENT_3D('',#62,#63,#64);
#62 = CARTESIAN_POINT('',(-2.64,1.15,13.825));
#63 = DIRECTION('',(1.,0.,0.));
#64 = DIRECTION('',(0.,0.,-1.));
#65 = ORIENTED_EDGE('',*,*,#66,.F.);
#66 = EDGE_CURVE('',#67,#58,#69,.T.);
#67 = VERTEX_POINT('',#68);
#68 = CARTESIAN_POINT('',(-2.44,1.15,13.725));
#69 = LINE('',#70,#71);
#70 = CARTESIAN_POINT('',(-2.54,1.15,13.725));
#71 = VECTOR('',#72,1.);
#72 = DIRECTION('',(-1.,0.,0.));
#73 = ORIENTED_EDGE('',*,*,#74,.T.);
#74 = EDGE_CURVE('',#67,#48,#75,.T.);
#75 = CIRCLE('',#76,1.E-01);
#76 = AXIS2_PLACEMENT_3D('',#77,#78,#79);
#77 = CARTESIAN_POINT('',(-2.44,1.15,13.825));
#78 = DIRECTION('',(-1.,0.,0.));
#79 = DIRECTION('',(0.,0.,-1.));
#80 = CYLINDRICAL_SURFACE('',#81,1.E-01);
#81 = AXIS2_PLACEMENT_3D('',#82,#83,#84);
#82 = CARTESIAN_POINT('',(-2.54,1.15,13.825));
#83 = DIRECTION('',(-1.,0.,0.));
#84 = DIRECTION('',(0.,0.,-1.));
#85 = ADVANCED_FACE('',(#86),#113,.F.);
#86 = FACE_BOUND('',#87,.F.);
#87 = EDGE_LOOP('',(#88,#97,#105,#112));
#88 = ORIENTED_EDGE('',*,*,#89,.T.);
#89 = EDGE_CURVE('',#58,#90,#92,.T.);
#90 = VERTEX_POINT('',#91);
#91 = CARTESIAN_POINT('',(-2.64,1.22453559925,13.758333333334));
#92 = CIRCLE('',#93,1.E-01);
#93 = AXIS2_PLACEMENT_3D('',#94,#95,#96);
#94 = CARTESIAN_POINT('',(-2.64,1.15,13.825));
#95 = DIRECTION('',(1.,0.,0.));
#96 = DIRECTION('',(0.,0.,-1.));
#97 = ORIENTED_EDGE('',*,*,#98,.T.);
#98 = EDGE_CURVE('',#90,#99,#101,.T.);
#99 = VERTEX_POINT('',#100);
#100 = CARTESIAN_POINT('',(-2.44,1.22453559925,13.758333333334));
#101 = LINE('',#102,#103);
#102 = CARTESIAN_POINT('',(4.160865725051,1.224535599251,13.758333333334
    ));
#103 = VECTOR('',#104,1.);
#104 = DIRECTION('',(1.,0.,0.));
#105 = ORIENTED_EDGE('',*,*,#106,.T.);
#106 = EDGE_CURVE('',#99,#67,#107,.T.);
#107 = CIRCLE('',#108,1.E-01);
#108 = AXIS2_PLACEMENT_3D('',#109,#110,#111);
#109 = CARTESIAN_POINT('',(-2.44,1.15,13.825));
#110 = DIRECTION('',(-1.,0.,0.));
#111 = DIRECTION('',(0.,0.,-1.));
#112 = ORIENTED_EDGE('',*,*,#66,.T.);
#113 = CYLINDRICAL_SURFACE('',#114,1.E-01);
#114 = AXIS2_PLACEMENT_3D('',#115,#116,#117);
#115 = CARTESIAN_POINT('',(-2.54,1.15,13.825));
#116 = DIRECTION('',(-1.,0.,0.));
#117 = DIRECTION('',(0.,0.,-1.));
#118 = ADVANCED_FACE('',(#119),#311,.T.);
#119 = FACE_BOUND('',#120,.T.);
#120 = EDGE_LOOP('',(#121,#131,#140,#148,#156,#164,#172,#180,#186,#187,
    #188,#197,#205,#213,#221,#230,#239,#247,#255,#263,#271,#279,#287,
    #296,#304));
#121 = ORIENTED_EDGE('',*,*,#122,.T.);
#122 = EDGE_CURVE('',#123,#125,#127,.T.);
#123 = VERTEX_POINT('',#124);
#124 = CARTESIAN_POINT('',(-2.64,-3.7,13.4));
#125 = VERTEX_POINT('',#126);
#126 = CARTESIAN_POINT('',(-2.64,-2.25,13.4));
#127 = LINE('',#128,#129);
#128 = CARTESIAN_POINT('',(-2.64,2.45,13.4));
#129 = VECTOR('',#130,1.);
#130 = DIRECTION('',(0.,1.,0.));
#131 = ORIENTED_EDGE('',*,*,#132,.T.);
#132 = EDGE_CURVE('',#125,#133,#135,.T.);
#133 = VERTEX_POINT('',#134);
#134 = CARTESIAN_POINT('',(-2.64,-2.15,13.5));
#135 = CIRCLE('',#136,1.E-01);
#136 = AXIS2_PLACEMENT_3D('',#137,#138,#139);
#137 = CARTESIAN_POINT('',(-2.64,-2.25,13.5));
#138 = DIRECTION('',(1.,0.,-0.));
#139 = DIRECTION('',(0.,0.,1.));
#140 = ORIENTED_EDGE('',*,*,#141,.T.);
#141 = EDGE_CURVE('',#133,#142,#144,.T.);
#142 = VERTEX_POINT('',#143);
#143 = CARTESIAN_POINT('',(-2.64,-2.15,13.675));
#144 = LINE('',#145,#146);
#145 = CARTESIAN_POINT('',(-2.64,-2.15,12.56));
#146 = VECTOR('',#147,1.);
#147 = DIRECTION('',(0.,0.,1.));
#148 = ORIENTED_EDGE('',*,*,#149,.T.);
#149 = EDGE_CURVE('',#142,#150,#152,.T.);
#150 = VERTEX_POINT('',#151);
#151 = CARTESIAN_POINT('',(-2.64,-2.,13.825));
#152 = LINE('',#153,#154);
#153 = CARTESIAN_POINT('',(-2.64,-2.15,13.675));
#154 = VECTOR('',#155,1.);
#155 = DIRECTION('',(0.,0.707106781187,0.707106781187));
#156 = ORIENTED_EDGE('',*,*,#157,.T.);
#157 = EDGE_CURVE('',#150,#158,#160,.T.);
#158 = VERTEX_POINT('',#159);
#159 = CARTESIAN_POINT('',(-2.64,0.55,13.825));
#160 = LINE('',#161,#162);
#161 = CARTESIAN_POINT('',(-2.64,2.45,13.825));
#162 = VECTOR('',#163,1.);
#163 = DIRECTION('',(0.,1.,0.));
#164 = ORIENTED_EDGE('',*,*,#165,.T.);
#165 = EDGE_CURVE('',#158,#166,#168,.T.);
#166 = VERTEX_POINT('',#167);
#167 = CARTESIAN_POINT('',(-2.64,0.9,13.875));
#168 = LINE('',#169,#170);
#169 = CARTESIAN_POINT('',(-2.64,0.55,13.825));
#170 = VECTOR('',#171,1.);
#171 = DIRECTION('',(0.,0.989949493661,0.141421356237));
#172 = ORIENTED_EDGE('',*,*,#173,.T.);
#173 = EDGE_CURVE('',#166,#174,#176,.T.);
#174 = VERTEX_POINT('',#175);
#175 = CARTESIAN_POINT('',(-2.64,1.05,13.875));
#176 = LINE('',#177,#178);
#177 = CARTESIAN_POINT('',(-2.64,2.45,13.875));
#178 = VECTOR('',#179,1.);
#179 = DIRECTION('',(0.,1.,0.));
#180 = ORIENTED_EDGE('',*,*,#181,.T.);
#181 = EDGE_CURVE('',#174,#50,#182,.T.);
#182 = LINE('',#183,#184);
#183 = CARTESIAN_POINT('',(-2.64,1.05,12.56));
#184 = VECTOR('',#185,1.);
#185 = DIRECTION('',(0.,0.,-1.));
#186 = ORIENTED_EDGE('',*,*,#57,.T.);
#187 = ORIENTED_EDGE('',*,*,#89,.T.);
#188 = ORIENTED_EDGE('',*,*,#189,.T.);
#189 = EDGE_CURVE('',#90,#190,#192,.T.);
#190 = VERTEX_POINT('',#191);
#191 = CARTESIAN_POINT('',(-2.64,1.37360679775,13.825));
#192 = CIRCLE('',#193,0.2);
#193 = AXIS2_PLACEMENT_3D('',#194,#195,#196);
#194 = CARTESIAN_POINT('',(-2.64,1.37360679775,13.625));
#195 = DIRECTION('',(-1.,0.,0.));
#196 = DIRECTION('',(0.,0.,-1.));
#197 = ORIENTED_EDGE('',*,*,#198,.T.);
#198 = EDGE_CURVE('',#190,#199,#201,.T.);
#199 = VERTEX_POINT('',#200);
#200 = CARTESIAN_POINT('',(-2.64,2.15,13.825));
#201 = LINE('',#202,#203);
#202 = CARTESIAN_POINT('',(-2.64,2.45,13.825));
#203 = VECTOR('',#204,1.);
#204 = DIRECTION('',(0.,1.,0.));
#205 = ORIENTED_EDGE('',*,*,#206,.T.);
#206 = EDGE_CURVE('',#199,#207,#209,.T.);
#207 = VERTEX_POINT('',#208);
#208 = CARTESIAN_POINT('',(-2.64,2.15,12.175));
#209 = LINE('',#210,#211);
#210 = CARTESIAN_POINT('',(-2.64,2.15,12.56));
#211 = VECTOR('',#212,1.);
#212 = DIRECTION('',(0.,0.,-1.));
#213 = ORIENTED_EDGE('',*,*,#214,.T.);
#214 = EDGE_CURVE('',#207,#215,#217,.T.);
#215 = VERTEX_POINT('',#216);
#216 = CARTESIAN_POINT('',(-2.64,1.37360679775,12.175));
#217 = LINE('',#218,#219);
#218 = CARTESIAN_POINT('',(-2.64,2.45,12.175));
#219 = VECTOR('',#220,1.);
#220 = DIRECTION('',(0.,-1.,0.));
#221 = ORIENTED_EDGE('',*,*,#222,.T.);
#222 = EDGE_CURVE('',#215,#223,#225,.T.);
#223 = VERTEX_POINT('',#224);
#224 = CARTESIAN_POINT('',(-2.64,1.224535599251,12.241666666666));
#225 = CIRCLE('',#226,0.2);
#226 = AXIS2_PLACEMENT_3D('',#227,#228,#229);
#227 = CARTESIAN_POINT('',(-2.64,1.37360679775,12.375));
#228 = DIRECTION('',(-1.,0.,0.));
#229 = DIRECTION('',(0.,0.,-1.));
#230 = ORIENTED_EDGE('',*,*,#231,.T.);
#231 = EDGE_CURVE('',#223,#232,#234,.T.);
#232 = VERTEX_POINT('',#233);
#233 = CARTESIAN_POINT('',(-2.64,1.05,12.175));
#234 = CIRCLE('',#235,1.E-01);
#235 = AXIS2_PLACEMENT_3D('',#236,#237,#238);
#236 = CARTESIAN_POINT('',(-2.64,1.15,12.175));
#237 = DIRECTION('',(1.,0.,0.));
#238 = DIRECTION('',(0.,-4.336808689942E-15,-1.));
#239 = ORIENTED_EDGE('',*,*,#240,.T.);
#240 = EDGE_CURVE('',#232,#241,#243,.T.);
#241 = VERTEX_POINT('',#242);
#242 = CARTESIAN_POINT('',(-2.64,1.05,12.125));
#243 = LINE('',#244,#245);
#244 = CARTESIAN_POINT('',(-2.64,1.05,12.56));
#245 = VECTOR('',#246,1.);
#246 = DIRECTION('',(0.,0.,-1.));
#247 = ORIENTED_EDGE('',*,*,#248,.T.);
#248 = EDGE_CURVE('',#241,#249,#251,.T.);
#249 = VERTEX_POINT('',#250);
#250 = CARTESIAN_POINT('',(-2.64,0.9,12.125));
#251 = LINE('',#252,#253);
#252 = CARTESIAN_POINT('',(-2.64,2.45,12.125));
#253 = VECTOR('',#254,1.);
#254 = DIRECTION('',(0.,-1.,0.));
#255 = ORIENTED_EDGE('',*,*,#256,.T.);
#256 = EDGE_CURVE('',#249,#257,#259,.T.);
#257 = VERTEX_POINT('',#258);
#258 = CARTESIAN_POINT('',(-2.64,0.55,12.175));
#259 = LINE('',#260,#261);
#260 = CARTESIAN_POINT('',(-2.64,0.9,12.125));
#261 = VECTOR('',#262,1.);
#262 = DIRECTION('',(0.,-0.989949493661,0.141421356237));
#263 = ORIENTED_EDGE('',*,*,#264,.T.);
#264 = EDGE_CURVE('',#257,#265,#267,.T.);
#265 = VERTEX_POINT('',#266);
#266 = CARTESIAN_POINT('',(-2.64,-2.,12.175));
#267 = LINE('',#268,#269);
#268 = CARTESIAN_POINT('',(-2.64,2.45,12.175));
#269 = VECTOR('',#270,1.);
#270 = DIRECTION('',(0.,-1.,0.));
#271 = ORIENTED_EDGE('',*,*,#272,.T.);
#272 = EDGE_CURVE('',#265,#273,#275,.T.);
#273 = VERTEX_POINT('',#274);
#274 = CARTESIAN_POINT('',(-2.64,-2.15,12.325));
#275 = LINE('',#276,#277);
#276 = CARTESIAN_POINT('',(-2.64,-2.,12.175));
#277 = VECTOR('',#278,1.);
#278 = DIRECTION('',(0.,-0.707106781187,0.707106781187));
#279 = ORIENTED_EDGE('',*,*,#280,.T.);
#280 = EDGE_CURVE('',#273,#281,#283,.T.);
#281 = VERTEX_POINT('',#282);
#282 = CARTESIAN_POINT('',(-2.64,-2.15,12.5));
#283 = LINE('',#284,#285);
#284 = CARTESIAN_POINT('',(-2.64,-2.15,12.56));
#285 = VECTOR('',#286,1.);
#286 = DIRECTION('',(0.,0.,1.));
#287 = ORIENTED_EDGE('',*,*,#288,.T.);
#288 = EDGE_CURVE('',#281,#289,#291,.T.);
#289 = VERTEX_POINT('',#290);
#290 = CARTESIAN_POINT('',(-2.64,-2.25,12.6));
#291 = CIRCLE('',#292,1.E-01);
#292 = AXIS2_PLACEMENT_3D('',#293,#294,#295);
#293 = CARTESIAN_POINT('',(-2.64,-2.25,12.5));
#294 = DIRECTION('',(1.,0.,-0.));
#295 = DIRECTION('',(0.,0.,1.));
#296 = ORIENTED_EDGE('',*,*,#297,.T.);
#297 = EDGE_CURVE('',#289,#298,#300,.T.);
#298 = VERTEX_POINT('',#299);
#299 = CARTESIAN_POINT('',(-2.64,-3.7,12.6));
#300 = LINE('',#301,#302);
#301 = CARTESIAN_POINT('',(-2.64,2.45,12.6));
#302 = VECTOR('',#303,1.);
#303 = DIRECTION('',(0.,-1.,0.));
#304 = ORIENTED_EDGE('',*,*,#305,.T.);
#305 = EDGE_CURVE('',#298,#123,#306,.T.);
#306 = CIRCLE('',#307,0.4);
#307 = AXIS2_PLACEMENT_3D('',#308,#309,#310);
#308 = CARTESIAN_POINT('',(-2.64,-3.7,13.));
#309 = DIRECTION('',(-1.,0.,0.));
#310 = DIRECTION('',(0.,0.,-1.));
#311 = PLANE('',#312);
#312 = AXIS2_PLACEMENT_3D('',#313,#314,#315);
#313 = CARTESIAN_POINT('',(-2.64,2.45,12.56));
#314 = DIRECTION('',(-1.,0.,0.));
#315 = DIRECTION('',(0.,0.,-1.));
#316 = ADVANCED_FACE('',(#317),#343,.F.);
#317 = FACE_BOUND('',#318,.F.);
#318 = EDGE_LOOP('',(#319,#330,#336,#337));
#319 = ORIENTED_EDGE('',*,*,#320,.F.);
#320 = EDGE_CURVE('',#321,#323,#325,.T.);
#321 = VERTEX_POINT('',#322);
#322 = CARTESIAN_POINT('',(-2.44,-2.25,13.4));
#323 = VERTEX_POINT('',#324);
#324 = CARTESIAN_POINT('',(-2.44,-2.15,13.5));
#325 = CIRCLE('',#326,1.E-01);
#326 = AXIS2_PLACEMENT_3D('',#327,#328,#329);
#327 = CARTESIAN_POINT('',(-2.44,-2.25,13.5));
#328 = DIRECTION('',(1.,0.,-0.));
#329 = DIRECTION('',(0.,0.,1.));
#330 = ORIENTED_EDGE('',*,*,#331,.T.);
#331 = EDGE_CURVE('',#321,#125,#332,.T.);
#332 = LINE('',#333,#334);
#333 = CARTESIAN_POINT('',(-8.994023510668,-2.25,13.4));
#334 = VECTOR('',#335,1.);
#335 = DIRECTION('',(-1.,0.,0.));
#336 = ORIENTED_EDGE('',*,*,#132,.T.);
#337 = ORIENTED_EDGE('',*,*,#338,.T.);
#338 = EDGE_CURVE('',#133,#323,#339,.T.);
#339 = LINE('',#340,#341);
#340 = CARTESIAN_POINT('',(-8.994023510668,-2.15,13.5));
#341 = VECTOR('',#342,1.);
#342 = DIRECTION('',(1.,0.,0.));
#343 = CYLINDRICAL_SURFACE('',#344,1.E-01);
#344 = AXIS2_PLACEMENT_3D('',#345,#346,#347);
#345 = CARTESIAN_POINT('',(-8.994023510668,-2.25,13.5));
#346 = DIRECTION('',(1.,0.,0.));
#347 = DIRECTION('',(0.,0.,1.));
#348 = ADVANCED_FACE('',(#349),#367,.T.);
#349 = FACE_BOUND('',#350,.T.);
#350 = EDGE_LOOP('',(#351,#352,#353,#361));
#351 = ORIENTED_EDGE('',*,*,#331,.T.);
#352 = ORIENTED_EDGE('',*,*,#122,.F.);
#353 = ORIENTED_EDGE('',*,*,#354,.T.);
#354 = EDGE_CURVE('',#123,#355,#357,.T.);
#355 = VERTEX_POINT('',#356);
#356 = CARTESIAN_POINT('',(-2.44,-3.7,13.4));
#357 = LINE('',#358,#359);
#358 = CARTESIAN_POINT('',(-2.598578643763,-3.7,13.4));
#359 = VECTOR('',#360,1.);
#360 = DIRECTION('',(1.,0.,0.));
#361 = ORIENTED_EDGE('',*,*,#362,.T.);
#362 = EDGE_CURVE('',#355,#321,#363,.T.);
#363 = LINE('',#364,#365);
#364 = CARTESIAN_POINT('',(-2.44,2.45,13.4));
#365 = VECTOR('',#366,1.);
#366 = DIRECTION('',(0.,1.,0.));
#367 = PLANE('',#368);
#368 = AXIS2_PLACEMENT_3D('',#369,#370,#371);
#369 = CARTESIAN_POINT('',(-2.598578643763,-2.391421356237,13.4));
#370 = DIRECTION('',(0.,0.,1.));
#371 = DIRECTION('',(-1.,0.,0.));
#372 = ADVANCED_FACE('',(#373),#392,.T.);
#373 = FACE_BOUND('',#374,.T.);
#374 = EDGE_LOOP('',(#375,#376,#377,#385));
#375 = ORIENTED_EDGE('',*,*,#354,.F.);
#376 = ORIENTED_EDGE('',*,*,#305,.F.);
#377 = ORIENTED_EDGE('',*,*,#378,.T.);
#378 = EDGE_CURVE('',#298,#379,#381,.T.);
#379 = VERTEX_POINT('',#380);
#380 = CARTESIAN_POINT('',(-2.44,-3.7,12.6));
#381 = LINE('',#382,#383);
#382 = CARTESIAN_POINT('',(-2.64,-3.7,12.6));
#383 = VECTOR('',#384,1.);
#384 = DIRECTION('',(1.,0.,0.));
#385 = ORIENTED_EDGE('',*,*,#386,.T.);
#386 = EDGE_CURVE('',#379,#355,#387,.T.);
#387 = CIRCLE('',#388,0.4);
#388 = AXIS2_PLACEMENT_3D('',#389,#390,#391);
#389 = CARTESIAN_POINT('',(-2.44,-3.7,13.));
#390 = DIRECTION('',(-1.,0.,0.));
#391 = DIRECTION('',(0.,0.,-1.));
#392 = CYLINDRICAL_SURFACE('',#393,0.4);
#393 = AXIS2_PLACEMENT_3D('',#394,#395,#396);
#394 = CARTESIAN_POINT('',(-2.64,-3.7,13.));
#395 = DIRECTION('',(-1.,0.,0.));
#396 = DIRECTION('',(0.,0.,-1.));
#397 = ADVANCED_FACE('',(#398),#416,.F.);
#398 = FACE_BOUND('',#399,.T.);
#399 = EDGE_LOOP('',(#400,#401,#409,#415));
#400 = ORIENTED_EDGE('',*,*,#297,.F.);
#401 = ORIENTED_EDGE('',*,*,#402,.F.);
#402 = EDGE_CURVE('',#403,#289,#405,.T.);
#403 = VERTEX_POINT('',#404);
#404 = CARTESIAN_POINT('',(-2.44,-2.25,12.6));
#405 = LINE('',#406,#407);
#406 = CARTESIAN_POINT('',(-2.598578643763,-2.25,12.6));
#407 = VECTOR('',#408,1.);
#408 = DIRECTION('',(-1.,0.,0.));
#409 = ORIENTED_EDGE('',*,*,#410,.T.);
#410 = EDGE_CURVE('',#403,#379,#411,.T.);
#411 = LINE('',#412,#413);
#412 = CARTESIAN_POINT('',(-2.44,2.45,12.6));
#413 = VECTOR('',#414,1.);
#414 = DIRECTION('',(0.,-1.,0.));
#415 = ORIENTED_EDGE('',*,*,#378,.F.);
#416 = PLANE('',#417);
#417 = AXIS2_PLACEMENT_3D('',#418,#419,#420);
#418 = CARTESIAN_POINT('',(-2.598578643763,-2.391421356237,12.6));
#419 = DIRECTION('',(0.,0.,1.));
#420 = DIRECTION('',(-1.,0.,0.));
#421 = ADVANCED_FACE('',(#422),#441,.F.);
#422 = FACE_BOUND('',#423,.F.);
#423 = EDGE_LOOP('',(#424,#433,#439,#440));
#424 = ORIENTED_EDGE('',*,*,#425,.F.);
#425 = EDGE_CURVE('',#426,#403,#428,.T.);
#426 = VERTEX_POINT('',#427);
#427 = CARTESIAN_POINT('',(-2.44,-2.15,12.5));
#428 = CIRCLE('',#429,1.E-01);
#429 = AXIS2_PLACEMENT_3D('',#430,#431,#432);
#430 = CARTESIAN_POINT('',(-2.44,-2.25,12.5));
#431 = DIRECTION('',(1.,0.,-0.));
#432 = DIRECTION('',(0.,0.,1.));
#433 = ORIENTED_EDGE('',*,*,#434,.T.);
#434 = EDGE_CURVE('',#426,#281,#435,.T.);
#435 = LINE('',#436,#437);
#436 = CARTESIAN_POINT('',(-8.994023510668,-2.15,12.5));
#437 = VECTOR('',#438,1.);
#438 = DIRECTION('',(-1.,0.,0.));
#439 = ORIENTED_EDGE('',*,*,#288,.T.);
#440 = ORIENTED_EDGE('',*,*,#402,.F.);
#441 = CYLINDRICAL_SURFACE('',#442,1.E-01);
#442 = AXIS2_PLACEMENT_3D('',#443,#444,#445);
#443 = CARTESIAN_POINT('',(-8.994023510668,-2.25,12.5));
#444 = DIRECTION('',(1.,0.,0.));
#445 = DIRECTION('',(0.,0.,1.));
#446 = ADVANCED_FACE('',(#447),#465,.T.);
#447 = FACE_BOUND('',#448,.T.);
#448 = EDGE_LOOP('',(#449,#457,#458,#459));
#449 = ORIENTED_EDGE('',*,*,#450,.T.);
#450 = EDGE_CURVE('',#451,#426,#453,.T.);
#451 = VERTEX_POINT('',#452);
#452 = CARTESIAN_POINT('',(-2.44,-2.15,12.325));
#453 = LINE('',#454,#455);
#454 = CARTESIAN_POINT('',(-2.44,-2.15,12.56));
#455 = VECTOR('',#456,1.);
#456 = DIRECTION('',(0.,0.,1.));
#457 = ORIENTED_EDGE('',*,*,#434,.T.);
#458 = ORIENTED_EDGE('',*,*,#280,.F.);
#459 = ORIENTED_EDGE('',*,*,#460,.T.);
#460 = EDGE_CURVE('',#273,#451,#461,.T.);
#461 = LINE('',#462,#463);
#462 = CARTESIAN_POINT('',(-2.54,-2.15,12.325));
#463 = VECTOR('',#464,1.);
#464 = DIRECTION('',(1.,0.,0.));
#465 = PLANE('',#466);
#466 = AXIS2_PLACEMENT_3D('',#467,#468,#469);
#467 = CARTESIAN_POINT('',(-2.54,-2.15,12.3875));
#468 = DIRECTION('',(0.,-1.,0.));
#469 = DIRECTION('',(-1.,0.,0.));
#470 = ADVANCED_FACE('',(#471),#489,.T.);
#471 = FACE_BOUND('',#472,.T.);
#472 = EDGE_LOOP('',(#473,#474,#475,#483));
#473 = ORIENTED_EDGE('',*,*,#460,.F.);
#474 = ORIENTED_EDGE('',*,*,#272,.F.);
#475 = ORIENTED_EDGE('',*,*,#476,.T.);
#476 = EDGE_CURVE('',#265,#477,#479,.T.);
#477 = VERTEX_POINT('',#478);
#478 = CARTESIAN_POINT('',(-2.44,-2.,12.175));
#479 = LINE('',#480,#481);
#480 = CARTESIAN_POINT('',(-2.54,-2.,12.175));
#481 = VECTOR('',#482,1.);
#482 = DIRECTION('',(1.,0.,0.));
#483 = ORIENTED_EDGE('',*,*,#484,.T.);
#484 = EDGE_CURVE('',#477,#451,#485,.T.);
#485 = LINE('',#486,#487);
#486 = CARTESIAN_POINT('',(-2.44,-2.,12.175));
#487 = VECTOR('',#488,1.);
#488 = DIRECTION('',(0.,-0.707106781187,0.707106781187));
#489 = PLANE('',#490);
#490 = AXIS2_PLACEMENT_3D('',#491,#492,#493);
#491 = CARTESIAN_POINT('',(-2.54,-2.075,12.25));
#492 = DIRECTION('',(0.,-0.707106781187,-0.707106781187));
#493 = DIRECTION('',(0.,-0.707106781187,0.707106781187));
#494 = ADVANCED_FACE('',(#495),#513,.F.);
#495 = FACE_BOUND('',#496,.T.);
#496 = EDGE_LOOP('',(#497,#498,#499,#507));
#497 = ORIENTED_EDGE('',*,*,#476,.F.);
#498 = ORIENTED_EDGE('',*,*,#264,.F.);
#499 = ORIENTED_EDGE('',*,*,#500,.F.);
#500 = EDGE_CURVE('',#501,#257,#503,.T.);
#501 = VERTEX_POINT('',#502);
#502 = CARTESIAN_POINT('',(-2.44,0.55,12.175));
#503 = LINE('',#504,#505);
#504 = CARTESIAN_POINT('',(-2.54,0.55,12.175));
#505 = VECTOR('',#506,1.);
#506 = DIRECTION('',(-1.,0.,0.));
#507 = ORIENTED_EDGE('',*,*,#508,.F.);
#508 = EDGE_CURVE('',#477,#501,#509,.T.);
#509 = LINE('',#510,#511);
#510 = CARTESIAN_POINT('',(-2.44,-0.2,12.175));
#511 = VECTOR('',#512,1.);
#512 = DIRECTION('',(0.,1.,0.));
#513 = PLANE('',#514);
#514 = AXIS2_PLACEMENT_3D('',#515,#516,#517);
#515 = CARTESIAN_POINT('',(-2.54,-0.2,12.175));
#516 = DIRECTION('',(0.,0.,1.));
#517 = DIRECTION('',(-1.,0.,0.));
#518 = ADVANCED_FACE('',(#519),#537,.T.);
#519 = FACE_BOUND('',#520,.T.);
#520 = EDGE_LOOP('',(#521,#522,#523,#531));
#521 = ORIENTED_EDGE('',*,*,#500,.T.);
#522 = ORIENTED_EDGE('',*,*,#256,.F.);
#523 = ORIENTED_EDGE('',*,*,#524,.T.);
#524 = EDGE_CURVE('',#249,#525,#527,.T.);
#525 = VERTEX_POINT('',#526);
#526 = CARTESIAN_POINT('',(-2.44,0.9,12.125));
#527 = LINE('',#528,#529);
#528 = CARTESIAN_POINT('',(-2.54,0.9,12.125));
#529 = VECTOR('',#530,1.);
#530 = DIRECTION('',(1.,0.,0.));
#531 = ORIENTED_EDGE('',*,*,#532,.T.);
#532 = EDGE_CURVE('',#525,#501,#533,.T.);
#533 = LINE('',#534,#535);
#534 = CARTESIAN_POINT('',(-2.44,0.725,12.15));
#535 = VECTOR('',#536,1.);
#536 = DIRECTION('',(0.,-0.989949493661,0.141421356237));
#537 = PLANE('',#538);
#538 = AXIS2_PLACEMENT_3D('',#539,#540,#541);
#539 = CARTESIAN_POINT('',(-2.54,0.725,12.15));
#540 = DIRECTION('',(0.,-0.141421356237,-0.989949493661));
#541 = DIRECTION('',(0.,-0.989949493661,0.141421356237));
#542 = ADVANCED_FACE('',(#543),#561,.T.);
#543 = FACE_BOUND('',#544,.T.);
#544 = EDGE_LOOP('',(#545,#546,#547,#555));
#545 = ORIENTED_EDGE('',*,*,#524,.F.);
#546 = ORIENTED_EDGE('',*,*,#248,.F.);
#547 = ORIENTED_EDGE('',*,*,#548,.T.);
#548 = EDGE_CURVE('',#241,#549,#551,.T.);
#549 = VERTEX_POINT('',#550);
#550 = CARTESIAN_POINT('',(-2.44,1.05,12.125));
#551 = LINE('',#552,#553);
#552 = CARTESIAN_POINT('',(-2.54,1.05,12.125));
#553 = VECTOR('',#554,1.);
#554 = DIRECTION('',(1.,0.,0.));
#555 = ORIENTED_EDGE('',*,*,#556,.T.);
#556 = EDGE_CURVE('',#549,#525,#557,.T.);
#557 = LINE('',#558,#559);
#558 = CARTESIAN_POINT('',(-2.44,0.975,12.125));
#559 = VECTOR('',#560,1.);
#560 = DIRECTION('',(0.,-1.,0.));
#561 = PLANE('',#562);
#562 = AXIS2_PLACEMENT_3D('',#563,#564,#565);
#563 = CARTESIAN_POINT('',(-2.54,0.975,12.125));
#564 = DIRECTION('',(0.,0.,-1.));
#565 = DIRECTION('',(1.,0.,0.));
#566 = ADVANCED_FACE('',(#567),#585,.T.);
#567 = FACE_BOUND('',#568,.T.);
#568 = EDGE_LOOP('',(#569,#570,#578,#584));
#569 = ORIENTED_EDGE('',*,*,#240,.F.);
#570 = ORIENTED_EDGE('',*,*,#571,.T.);
#571 = EDGE_CURVE('',#232,#572,#574,.T.);
#572 = VERTEX_POINT('',#573);
#573 = CARTESIAN_POINT('',(-2.44,1.05,12.175));
#574 = LINE('',#575,#576);
#575 = CARTESIAN_POINT('',(-2.54,1.05,12.175));
#576 = VECTOR('',#577,1.);
#577 = DIRECTION('',(1.,0.,0.));
#578 = ORIENTED_EDGE('',*,*,#579,.T.);
#579 = EDGE_CURVE('',#572,#549,#580,.T.);
#580 = LINE('',#581,#582);
#581 = CARTESIAN_POINT('',(-2.44,1.05,12.15));
#582 = VECTOR('',#583,1.);
#583 = DIRECTION('',(0.,0.,-1.));
#584 = ORIENTED_EDGE('',*,*,#548,.F.);
#585 = PLANE('',#586);
#586 = AXIS2_PLACEMENT_3D('',#587,#588,#589);
#587 = CARTESIAN_POINT('',(-2.54,1.05,12.15));
#588 = DIRECTION('',(-0.,1.,0.));
#589 = DIRECTION('',(1.,0.,0.));
#590 = ADVANCED_FACE('',(#591),#610,.F.);
#591 = FACE_BOUND('',#592,.F.);
#592 = EDGE_LOOP('',(#593,#602,#608,#609));
#593 = ORIENTED_EDGE('',*,*,#594,.T.);
#594 = EDGE_CURVE('',#572,#595,#597,.T.);
#595 = VERTEX_POINT('',#596);
#596 = CARTESIAN_POINT('',(-2.44,1.224535599251,12.241666666666));
#597 = CIRCLE('',#598,1.E-01);
#598 = AXIS2_PLACEMENT_3D('',#599,#600,#601);
#599 = CARTESIAN_POINT('',(-2.44,1.15,12.175));
#600 = DIRECTION('',(-1.,0.,0.));
#601 = DIRECTION('',(0.,0.,-1.));
#602 = ORIENTED_EDGE('',*,*,#603,.T.);
#603 = EDGE_CURVE('',#595,#223,#604,.T.);
#604 = LINE('',#605,#606);
#605 = CARTESIAN_POINT('',(-2.54,1.224535599252,12.241666666665));
#606 = VECTOR('',#607,1.);
#607 = DIRECTION('',(-1.,0.,0.));
#608 = ORIENTED_EDGE('',*,*,#231,.T.);
#609 = ORIENTED_EDGE('',*,*,#571,.T.);
#610 = CYLINDRICAL_SURFACE('',#611,1.E-01);
#611 = AXIS2_PLACEMENT_3D('',#612,#613,#614);
#612 = CARTESIAN_POINT('',(-2.54,1.15,12.175));
#613 = DIRECTION('',(-1.,0.,0.));
#614 = DIRECTION('',(0.,0.,-1.));
#615 = ADVANCED_FACE('',(#616),#635,.T.);
#616 = FACE_BOUND('',#617,.T.);
#617 = EDGE_LOOP('',(#618,#619,#620,#628));
#618 = ORIENTED_EDGE('',*,*,#603,.T.);
#619 = ORIENTED_EDGE('',*,*,#222,.F.);
#620 = ORIENTED_EDGE('',*,*,#621,.T.);
#621 = EDGE_CURVE('',#215,#622,#624,.T.);
#622 = VERTEX_POINT('',#623);
#623 = CARTESIAN_POINT('',(-2.44,1.37360679775,12.175));
#624 = LINE('',#625,#626);
#625 = CARTESIAN_POINT('',(4.160865725051,1.37360679775,12.175));
#626 = VECTOR('',#627,1.);
#627 = DIRECTION('',(1.,0.,0.));
#628 = ORIENTED_EDGE('',*,*,#629,.T.);
#629 = EDGE_CURVE('',#622,#595,#630,.T.);
#630 = CIRCLE('',#631,0.2);
#631 = AXIS2_PLACEMENT_3D('',#632,#633,#634);
#632 = CARTESIAN_POINT('',(-2.44,1.37360679775,12.375));
#633 = DIRECTION('',(-1.,0.,0.));
#634 = DIRECTION('',(0.,0.,-1.));
#635 = CYLINDRICAL_SURFACE('',#636,0.2);
#636 = AXIS2_PLACEMENT_3D('',#637,#638,#639);
#637 = CARTESIAN_POINT('',(4.160865725051,1.37360679775,12.375));
#638 = DIRECTION('',(-1.,0.,0.));
#639 = DIRECTION('',(0.,0.,-1.));
#640 = ADVANCED_FACE('',(#641),#693,.F.);
#641 = FACE_BOUND('',#642,.T.);
#642 = EDGE_LOOP('',(#643,#644,#653,#661,#669,#677,#686,#692));
#643 = ORIENTED_EDGE('',*,*,#214,.F.);
#644 = ORIENTED_EDGE('',*,*,#645,.F.);
#645 = EDGE_CURVE('',#646,#207,#648,.T.);
#646 = VERTEX_POINT('',#647);
#647 = CARTESIAN_POINT('',(-2.34,2.45,12.175));
#648 = CIRCLE('',#649,0.3);
#649 = AXIS2_PLACEMENT_3D('',#650,#651,#652);
#650 = CARTESIAN_POINT('',(-2.34,2.15,12.175));
#651 = DIRECTION('',(0.,0.,1.));
#652 = DIRECTION('',(-1.,0.,0.));
#653 = ORIENTED_EDGE('',*,*,#654,.F.);
#654 = EDGE_CURVE('',#655,#646,#657,.T.);
#655 = VERTEX_POINT('',#656);
#656 = CARTESIAN_POINT('',(-1.84,2.45,12.175));
#657 = LINE('',#658,#659);
#658 = CARTESIAN_POINT('',(-2.64,2.45,12.175));
#659 = VECTOR('',#660,1.);
#660 = DIRECTION('',(-1.,-0.,-0.));
#661 = ORIENTED_EDGE('',*,*,#662,.F.);
#662 = EDGE_CURVE('',#663,#655,#665,.T.);
#663 = VERTEX_POINT('',#664);
#664 = CARTESIAN_POINT('',(-1.84,2.25,12.175));
#665 = LINE('',#666,#667);
#666 = CARTESIAN_POINT('',(-1.84,2.35,12.175));
#667 = VECTOR('',#668,1.);
#668 = DIRECTION('',(0.,1.,0.));
#669 = ORIENTED_EDGE('',*,*,#670,.F.);
#670 = EDGE_CURVE('',#671,#663,#673,.T.);
#671 = VERTEX_POINT('',#672);
#672 = CARTESIAN_POINT('',(-2.34,2.25,12.175));
#673 = LINE('',#674,#675);
#674 = CARTESIAN_POINT('',(-1.99,2.25,12.175));
#675 = VECTOR('',#676,1.);
#676 = DIRECTION('',(1.,0.,0.));
#677 = ORIENTED_EDGE('',*,*,#678,.T.);
#678 = EDGE_CURVE('',#671,#679,#681,.T.);
#679 = VERTEX_POINT('',#680);
#680 = CARTESIAN_POINT('',(-2.44,2.15,12.175));
#681 = CIRCLE('',#682,1.E-01);
#682 = AXIS2_PLACEMENT_3D('',#683,#684,#685);
#683 = CARTESIAN_POINT('',(-2.34,2.15,12.175));
#684 = DIRECTION('',(0.,0.,1.));
#685 = DIRECTION('',(-1.,0.,0.));
#686 = ORIENTED_EDGE('',*,*,#687,.F.);
#687 = EDGE_CURVE('',#622,#679,#688,.T.);
#688 = LINE('',#689,#690);
#689 = CARTESIAN_POINT('',(-2.44,-0.2,12.175));
#690 = VECTOR('',#691,1.);
#691 = DIRECTION('',(0.,1.,0.));
#692 = ORIENTED_EDGE('',*,*,#621,.F.);
#693 = PLANE('',#694);
#694 = AXIS2_PLACEMENT_3D('',#695,#696,#697);
#695 = CARTESIAN_POINT('',(-2.54,-0.2,12.175));
#696 = DIRECTION('',(0.,0.,1.));
#697 = DIRECTION('',(-1.,0.,0.));
#698 = ADVANCED_FACE('',(#699),#718,.T.);
#699 = FACE_BOUND('',#700,.T.);
#700 = EDGE_LOOP('',(#701,#709,#710,#711));
#701 = ORIENTED_EDGE('',*,*,#702,.F.);
#702 = EDGE_CURVE('',#646,#703,#705,.T.);
#703 = VERTEX_POINT('',#704);
#704 = CARTESIAN_POINT('',(-2.34,2.45,13.825));
#705 = LINE('',#706,#707);
#706 = CARTESIAN_POINT('',(-2.34,2.45,13.825));
#707 = VECTOR('',#708,1.);
#708 = DIRECTION('',(0.,0.,1.));
#709 = ORIENTED_EDGE('',*,*,#645,.T.);
#710 = ORIENTED_EDGE('',*,*,#206,.F.);
#711 = ORIENTED_EDGE('',*,*,#712,.T.);
#712 = EDGE_CURVE('',#199,#703,#713,.T.);
#713 = CIRCLE('',#714,0.3);
#714 = AXIS2_PLACEMENT_3D('',#715,#716,#717);
#715 = CARTESIAN_POINT('',(-2.34,2.15,13.825));
#716 = DIRECTION('',(0.,0.,-1.));
#717 = DIRECTION('',(-1.,0.,0.));
#718 = CYLINDRICAL_SURFACE('',#719,0.3);
#719 = AXIS2_PLACEMENT_3D('',#720,#721,#722);
#720 = CARTESIAN_POINT('',(-2.34,2.15,11.295));
#721 = DIRECTION('',(0.,0.,1.));
#722 = DIRECTION('',(-1.,0.,0.));
#723 = ADVANCED_FACE('',(#724),#809,.T.);
#724 = FACE_BOUND('',#725,.T.);
#725 = EDGE_LOOP('',(#726,#727,#735,#743,#752,#760,#769,#777,#785,#793,
    #802,#808));
#726 = ORIENTED_EDGE('',*,*,#198,.F.);
#727 = ORIENTED_EDGE('',*,*,#728,.T.);
#728 = EDGE_CURVE('',#190,#729,#731,.T.);
#729 = VERTEX_POINT('',#730);
#730 = CARTESIAN_POINT('',(-2.44,1.37360679775,13.825));
#731 = LINE('',#732,#733);
#732 = CARTESIAN_POINT('',(-2.54,1.37360679775,13.825));
#733 = VECTOR('',#734,1.);
#734 = DIRECTION('',(1.,0.,0.));
#735 = ORIENTED_EDGE('',*,*,#736,.T.);
#736 = EDGE_CURVE('',#729,#737,#739,.T.);
#737 = VERTEX_POINT('',#738);
#738 = CARTESIAN_POINT('',(-2.44,2.15,13.825));
#739 = LINE('',#740,#741);
#740 = CARTESIAN_POINT('',(-2.44,-5.E-02,13.825));
#741 = VECTOR('',#742,1.);
#742 = DIRECTION('',(0.,1.,0.));
#743 = ORIENTED_EDGE('',*,*,#744,.F.);
#744 = EDGE_CURVE('',#745,#737,#747,.T.);
#745 = VERTEX_POINT('',#746);
#746 = CARTESIAN_POINT('',(-2.34,2.25,13.825));
#747 = CIRCLE('',#748,1.E-01);
#748 = AXIS2_PLACEMENT_3D('',#749,#750,#751);
#749 = CARTESIAN_POINT('',(-2.34,2.15,13.825));
#750 = DIRECTION('',(0.,0.,1.));
#751 = DIRECTION('',(-1.,0.,0.));
#752 = ORIENTED_EDGE('',*,*,#753,.T.);
#753 = EDGE_CURVE('',#745,#754,#756,.T.);
#754 = VERTEX_POINT('',#755);
#755 = CARTESIAN_POINT('',(-0.94,2.25,13.825));
#756 = LINE('',#757,#758);
#757 = CARTESIAN_POINT('',(-2.64,2.25,13.825));
#758 = VECTOR('',#759,1.);
#759 = DIRECTION('',(1.,0.,0.));
#760 = ORIENTED_EDGE('',*,*,#761,.T.);
#761 = EDGE_CURVE('',#754,#762,#764,.T.);
#762 = VERTEX_POINT('',#763);
#763 = CARTESIAN_POINT('',(-0.84,2.15,13.825));
#764 = CIRCLE('',#765,0.1);
#765 = AXIS2_PLACEMENT_3D('',#766,#767,#768);
#766 = CARTESIAN_POINT('',(-0.94,2.15,13.825));
#767 = DIRECTION('',(0.,0.,-1.));
#768 = DIRECTION('',(-1.,0.,0.));
#769 = ORIENTED_EDGE('',*,*,#770,.T.);
#770 = EDGE_CURVE('',#762,#771,#773,.T.);
#771 = VERTEX_POINT('',#772);
#772 = CARTESIAN_POINT('',(-0.84,1.75,13.825));
#773 = LINE('',#774,#775);
#774 = CARTESIAN_POINT('',(-0.84,2.45,13.825));
#775 = VECTOR('',#776,1.);
#776 = DIRECTION('',(0.,-1.,0.));
#777 = ORIENTED_EDGE('',*,*,#778,.F.);
#778 = EDGE_CURVE('',#779,#771,#781,.T.);
#779 = VERTEX_POINT('',#780);
#780 = CARTESIAN_POINT('',(-0.64,1.75,13.825));
#781 = LINE('',#782,#783);
#782 = CARTESIAN_POINT('',(-0.74,1.75,13.825));
#783 = VECTOR('',#784,1.);
#784 = DIRECTION('',(-1.,0.,0.));
#785 = ORIENTED_EDGE('',*,*,#786,.T.);
#786 = EDGE_CURVE('',#779,#787,#789,.T.);
#787 = VERTEX_POINT('',#788);
#788 = CARTESIAN_POINT('',(-0.64,2.15,13.825));
#789 = LINE('',#790,#791);
#790 = CARTESIAN_POINT('',(-0.64,1.95,13.825));
#791 = VECTOR('',#792,1.);
#792 = DIRECTION('',(0.,1.,0.));
#793 = ORIENTED_EDGE('',*,*,#794,.F.);
#794 = EDGE_CURVE('',#795,#787,#797,.T.);
#795 = VERTEX_POINT('',#796);
#796 = CARTESIAN_POINT('',(-0.94,2.45,13.825));
#797 = CIRCLE('',#798,0.3);
#798 = AXIS2_PLACEMENT_3D('',#799,#800,#801);
#799 = CARTESIAN_POINT('',(-0.94,2.15,13.825));
#800 = DIRECTION('',(0.,0.,-1.));
#801 = DIRECTION('',(-1.,-1.445602896647E-15,-0.));
#802 = ORIENTED_EDGE('',*,*,#803,.F.);
#803 = EDGE_CURVE('',#703,#795,#804,.T.);
#804 = LINE('',#805,#806);
#805 = CARTESIAN_POINT('',(-2.64,2.45,13.825));
#806 = VECTOR('',#807,1.);
#807 = DIRECTION('',(1.,0.,0.));
#808 = ORIENTED_EDGE('',*,*,#712,.F.);
#809 = PLANE('',#810);
#810 = AXIS2_PLACEMENT_3D('',#811,#812,#813);
#811 = CARTESIAN_POINT('',(-2.54,-5.E-02,13.825));
#812 = DIRECTION('',(0.,0.,1.));
#813 = DIRECTION('',(-1.,0.,0.));
#814 = ADVANCED_FACE('',(#815),#827,.T.);
#815 = FACE_BOUND('',#816,.T.);
#816 = EDGE_LOOP('',(#817,#818,#819,#820));
#817 = ORIENTED_EDGE('',*,*,#728,.F.);
#818 = ORIENTED_EDGE('',*,*,#189,.F.);
#819 = ORIENTED_EDGE('',*,*,#98,.T.);
#820 = ORIENTED_EDGE('',*,*,#821,.T.);
#821 = EDGE_CURVE('',#99,#729,#822,.T.);
#822 = CIRCLE('',#823,0.2);
#823 = AXIS2_PLACEMENT_3D('',#824,#825,#826);
#824 = CARTESIAN_POINT('',(-2.44,1.37360679775,13.625));
#825 = DIRECTION('',(-1.,0.,0.));
#826 = DIRECTION('',(0.,0.,-1.));
#827 = CYLINDRICAL_SURFACE('',#828,0.2);
#828 = AXIS2_PLACEMENT_3D('',#829,#830,#831);
#829 = CARTESIAN_POINT('',(4.160865725051,1.37360679775,13.625));
#830 = DIRECTION('',(-1.,0.,0.));
#831 = DIRECTION('',(0.,0.,-1.));
#832 = ADVANCED_FACE('',(#833),#851,.T.);
#833 = FACE_BOUND('',#834,.T.);
#834 = EDGE_LOOP('',(#835,#843,#844,#845));
#835 = ORIENTED_EDGE('',*,*,#836,.T.);
#836 = EDGE_CURVE('',#837,#48,#839,.T.);
#837 = VERTEX_POINT('',#838);
#838 = CARTESIAN_POINT('',(-2.44,1.05,13.875));
#839 = LINE('',#840,#841);
#840 = CARTESIAN_POINT('',(-2.44,1.05,13.85));
#841 = VECTOR('',#842,1.);
#842 = DIRECTION('',(0.,0.,-1.));
#843 = ORIENTED_EDGE('',*,*,#47,.T.);
#844 = ORIENTED_EDGE('',*,*,#181,.F.);
#845 = ORIENTED_EDGE('',*,*,#846,.T.);
#846 = EDGE_CURVE('',#174,#837,#847,.T.);
#847 = LINE('',#848,#849);
#848 = CARTESIAN_POINT('',(-2.54,1.05,13.875));
#849 = VECTOR('',#850,1.);
#850 = DIRECTION('',(1.,0.,0.));
#851 = PLANE('',#852);
#852 = AXIS2_PLACEMENT_3D('',#853,#854,#855);
#853 = CARTESIAN_POINT('',(-2.54,1.05,13.85));
#854 = DIRECTION('',(-0.,1.,0.));
#855 = DIRECTION('',(1.,0.,0.));
#856 = ADVANCED_FACE('',(#857),#875,.T.);
#857 = FACE_BOUND('',#858,.T.);
#858 = EDGE_LOOP('',(#859,#860,#861,#869));
#859 = ORIENTED_EDGE('',*,*,#846,.F.);
#860 = ORIENTED_EDGE('',*,*,#173,.F.);
#861 = ORIENTED_EDGE('',*,*,#862,.T.);
#862 = EDGE_CURVE('',#166,#863,#865,.T.);
#863 = VERTEX_POINT('',#864);
#864 = CARTESIAN_POINT('',(-2.44,0.9,13.875));
#865 = LINE('',#866,#867);
#866 = CARTESIAN_POINT('',(-2.54,0.9,13.875));
#867 = VECTOR('',#868,1.);
#868 = DIRECTION('',(1.,0.,0.));
#869 = ORIENTED_EDGE('',*,*,#870,.T.);
#870 = EDGE_CURVE('',#863,#837,#871,.T.);
#871 = LINE('',#872,#873);
#872 = CARTESIAN_POINT('',(-2.44,0.975,13.875));
#873 = VECTOR('',#874,1.);
#874 = DIRECTION('',(0.,1.,0.));
#875 = PLANE('',#876);
#876 = AXIS2_PLACEMENT_3D('',#877,#878,#879);
#877 = CARTESIAN_POINT('',(-2.54,0.975,13.875));
#878 = DIRECTION('',(0.,0.,1.));
#879 = DIRECTION('',(-1.,0.,0.));
#880 = ADVANCED_FACE('',(#881),#899,.T.);
#881 = FACE_BOUND('',#882,.T.);
#882 = EDGE_LOOP('',(#883,#884,#885,#893));
#883 = ORIENTED_EDGE('',*,*,#862,.F.);
#884 = ORIENTED_EDGE('',*,*,#165,.F.);
#885 = ORIENTED_EDGE('',*,*,#886,.T.);
#886 = EDGE_CURVE('',#158,#887,#889,.T.);
#887 = VERTEX_POINT('',#888);
#888 = CARTESIAN_POINT('',(-2.44,0.55,13.825));
#889 = LINE('',#890,#891);
#890 = CARTESIAN_POINT('',(-2.54,0.55,13.825));
#891 = VECTOR('',#892,1.);
#892 = DIRECTION('',(1.,0.,0.));
#893 = ORIENTED_EDGE('',*,*,#894,.T.);
#894 = EDGE_CURVE('',#887,#863,#895,.T.);
#895 = LINE('',#896,#897);
#896 = CARTESIAN_POINT('',(-2.44,0.725,13.85));
#897 = VECTOR('',#898,1.);
#898 = DIRECTION('',(0.,0.989949493661,0.141421356237));
#899 = PLANE('',#900);
#900 = AXIS2_PLACEMENT_3D('',#901,#902,#903);
#901 = CARTESIAN_POINT('',(-2.54,0.725,13.85));
#902 = DIRECTION('',(0.,-0.141421356237,0.989949493661));
#903 = DIRECTION('',(0.,0.989949493661,0.141421356237));
#904 = ADVANCED_FACE('',(#905),#923,.T.);
#905 = FACE_BOUND('',#906,.T.);
#906 = EDGE_LOOP('',(#907,#915,#916,#917));
#907 = ORIENTED_EDGE('',*,*,#908,.T.);
#908 = EDGE_CURVE('',#909,#887,#911,.T.);
#909 = VERTEX_POINT('',#910);
#910 = CARTESIAN_POINT('',(-2.44,-2.,13.825));
#911 = LINE('',#912,#913);
#912 = CARTESIAN_POINT('',(-2.44,-5.E-02,13.825));
#913 = VECTOR('',#914,1.);
#914 = DIRECTION('',(0.,1.,0.));
#915 = ORIENTED_EDGE('',*,*,#886,.F.);
#916 = ORIENTED_EDGE('',*,*,#157,.F.);
#917 = ORIENTED_EDGE('',*,*,#918,.T.);
#918 = EDGE_CURVE('',#150,#909,#919,.T.);
#919 = LINE('',#920,#921);
#920 = CARTESIAN_POINT('',(-2.54,-2.,13.825));
#921 = VECTOR('',#922,1.);
#922 = DIRECTION('',(1.,0.,0.));
#923 = PLANE('',#924);
#924 = AXIS2_PLACEMENT_3D('',#925,#926,#927);
#925 = CARTESIAN_POINT('',(-2.54,-5.E-02,13.825));
#926 = DIRECTION('',(0.,0.,1.));
#927 = DIRECTION('',(-1.,0.,0.));
#928 = ADVANCED_FACE('',(#929),#947,.T.);
#929 = FACE_BOUND('',#930,.T.);
#930 = EDGE_LOOP('',(#931,#932,#933,#941));
#931 = ORIENTED_EDGE('',*,*,#918,.F.);
#932 = ORIENTED_EDGE('',*,*,#149,.F.);
#933 = ORIENTED_EDGE('',*,*,#934,.T.);
#934 = EDGE_CURVE('',#142,#935,#937,.T.);
#935 = VERTEX_POINT('',#936);
#936 = CARTESIAN_POINT('',(-2.44,-2.15,13.675));
#937 = LINE('',#938,#939);
#938 = CARTESIAN_POINT('',(-2.54,-2.15,13.675));
#939 = VECTOR('',#940,1.);
#940 = DIRECTION('',(1.,0.,0.));
#941 = ORIENTED_EDGE('',*,*,#942,.T.);
#942 = EDGE_CURVE('',#935,#909,#943,.T.);
#943 = LINE('',#944,#945);
#944 = CARTESIAN_POINT('',(-2.44,-2.075,13.75));
#945 = VECTOR('',#946,1.);
#946 = DIRECTION('',(0.,0.707106781187,0.707106781187));
#947 = PLANE('',#948);
#948 = AXIS2_PLACEMENT_3D('',#949,#950,#951);
#949 = CARTESIAN_POINT('',(-2.54,-2.075,13.75));
#950 = DIRECTION('',(0.,-0.707106781187,0.707106781187));
#951 = DIRECTION('',(0.,0.707106781187,0.707106781187));
#952 = ADVANCED_FACE('',(#953),#964,.F.);
#953 = FACE_BOUND('',#954,.T.);
#954 = EDGE_LOOP('',(#955,#956,#957,#958));
#955 = ORIENTED_EDGE('',*,*,#934,.F.);
#956 = ORIENTED_EDGE('',*,*,#141,.F.);
#957 = ORIENTED_EDGE('',*,*,#338,.T.);
#958 = ORIENTED_EDGE('',*,*,#959,.F.);
#959 = EDGE_CURVE('',#935,#323,#960,.T.);
#960 = LINE('',#961,#962);
#961 = CARTESIAN_POINT('',(-2.44,-2.15,13.6125));
#962 = VECTOR('',#963,1.);
#963 = DIRECTION('',(0.,0.,-1.));
#964 = PLANE('',#965);
#965 = AXIS2_PLACEMENT_3D('',#966,#967,#968);
#966 = CARTESIAN_POINT('',(-2.54,-2.15,13.6125));
#967 = DIRECTION('',(-0.,1.,0.));
#968 = DIRECTION('',(1.,0.,0.));
#969 = ADVANCED_FACE('',(#970),#1002,.F.);
#970 = FACE_BOUND('',#971,.T.);
#971 = EDGE_LOOP('',(#972,#973,#974,#975,#976,#977,#978,#979,#980,#981,
    #982,#983,#989,#990,#991,#992,#993,#994,#995,#996,#997,#998,#999,
    #1000,#1001));
#972 = ORIENTED_EDGE('',*,*,#410,.F.);
#973 = ORIENTED_EDGE('',*,*,#425,.F.);
#974 = ORIENTED_EDGE('',*,*,#450,.F.);
#975 = ORIENTED_EDGE('',*,*,#484,.F.);
#976 = ORIENTED_EDGE('',*,*,#508,.T.);
#977 = ORIENTED_EDGE('',*,*,#532,.F.);
#978 = ORIENTED_EDGE('',*,*,#556,.F.);
#979 = ORIENTED_EDGE('',*,*,#579,.F.);
#980 = ORIENTED_EDGE('',*,*,#594,.T.);
#981 = ORIENTED_EDGE('',*,*,#629,.F.);
#982 = ORIENTED_EDGE('',*,*,#687,.T.);
#983 = ORIENTED_EDGE('',*,*,#984,.F.);
#984 = EDGE_CURVE('',#737,#679,#985,.T.);
#985 = LINE('',#986,#987);
#986 = CARTESIAN_POINT('',(-2.44,2.15,12.56));
#987 = VECTOR('',#988,1.);
#988 = DIRECTION('',(0.,0.,-1.));
#989 = ORIENTED_EDGE('',*,*,#736,.F.);
#990 = ORIENTED_EDGE('',*,*,#821,.F.);
#991 = ORIENTED_EDGE('',*,*,#106,.T.);
#992 = ORIENTED_EDGE('',*,*,#74,.T.);
#993 = ORIENTED_EDGE('',*,*,#836,.F.);
#994 = ORIENTED_EDGE('',*,*,#870,.F.);
#995 = ORIENTED_EDGE('',*,*,#894,.F.);
#996 = ORIENTED_EDGE('',*,*,#908,.F.);
#997 = ORIENTED_EDGE('',*,*,#942,.F.);
#998 = ORIENTED_EDGE('',*,*,#959,.T.);
#999 = ORIENTED_EDGE('',*,*,#320,.F.);
#1000 = ORIENTED_EDGE('',*,*,#362,.F.);
#1001 = ORIENTED_EDGE('',*,*,#386,.F.);
#1002 = PLANE('',#1003);
#1003 = AXIS2_PLACEMENT_3D('',#1004,#1005,#1006);
#1004 = CARTESIAN_POINT('',(-2.44,2.45,12.56));
#1005 = DIRECTION('',(-1.,0.,0.));
#1006 = DIRECTION('',(0.,0.,-1.));
#1007 = ADVANCED_FACE('',(#1008),#1019,.F.);
#1008 = FACE_BOUND('',#1009,.F.);
#1009 = EDGE_LOOP('',(#1010,#1016,#1017,#1018));
#1010 = ORIENTED_EDGE('',*,*,#1011,.T.);
#1011 = EDGE_CURVE('',#745,#671,#1012,.T.);
#1012 = LINE('',#1013,#1014);
#1013 = CARTESIAN_POINT('',(-2.34,2.25,11.295));
#1014 = VECTOR('',#1015,1.);
#1015 = DIRECTION('',(0.,0.,-1.));
#1016 = ORIENTED_EDGE('',*,*,#678,.T.);
#1017 = ORIENTED_EDGE('',*,*,#984,.F.);
#1018 = ORIENTED_EDGE('',*,*,#744,.F.);
#1019 = CYLINDRICAL_SURFACE('',#1020,1.E-01);
#1020 = AXIS2_PLACEMENT_3D('',#1021,#1022,#1023);
#1021 = CARTESIAN_POINT('',(-2.34,2.15,11.295));
#1022 = DIRECTION('',(0.,0.,1.));
#1023 = DIRECTION('',(-1.,0.,0.));
#1024 = ADVANCED_FACE('',(#1025),#1070,.F.);
#1025 = FACE_BOUND('',#1026,.T.);
#1026 = EDGE_LOOP('',(#1027,#1035,#1036,#1037,#1038,#1047,#1055,#1064));
#1027 = ORIENTED_EDGE('',*,*,#1028,.F.);
#1028 = EDGE_CURVE('',#754,#1029,#1031,.T.);
#1029 = VERTEX_POINT('',#1030);
#1030 = CARTESIAN_POINT('',(-0.94,2.25,11.425));
#1031 = LINE('',#1032,#1033);
#1032 = CARTESIAN_POINT('',(-0.94,2.25,13.825));
#1033 = VECTOR('',#1034,1.);
#1034 = DIRECTION('',(0.,0.,-1.));
#1035 = ORIENTED_EDGE('',*,*,#753,.F.);
#1036 = ORIENTED_EDGE('',*,*,#1011,.T.);
#1037 = ORIENTED_EDGE('',*,*,#670,.T.);
#1038 = ORIENTED_EDGE('',*,*,#1039,.F.);
#1039 = EDGE_CURVE('',#1040,#663,#1042,.T.);
#1040 = VERTEX_POINT('',#1041);
#1041 = CARTESIAN_POINT('',(-1.64,2.25,11.975));
#1042 = CIRCLE('',#1043,0.2);
#1043 = AXIS2_PLACEMENT_3D('',#1044,#1045,#1046);
#1044 = CARTESIAN_POINT('',(-1.84,2.25,11.975));
#1045 = DIRECTION('',(0.,-1.,0.));
#1046 = DIRECTION('',(-1.,0.,0.));
#1047 = ORIENTED_EDGE('',*,*,#1048,.F.);
#1048 = EDGE_CURVE('',#1049,#1040,#1051,.T.);
#1049 = VERTEX_POINT('',#1050);
#1050 = CARTESIAN_POINT('',(-1.64,2.25,11.625));
#1051 = LINE('',#1052,#1053);
#1052 = CARTESIAN_POINT('',(-1.64,2.25,13.825));
#1053 = VECTOR('',#1054,1.);
#1054 = DIRECTION('',(0.,0.,1.));
#1055 = ORIENTED_EDGE('',*,*,#1056,.F.);
#1056 = EDGE_CURVE('',#1057,#1049,#1059,.T.);
#1057 = VERTEX_POINT('',#1058);
#1058 = CARTESIAN_POINT('',(-1.44,2.25,11.425));
#1059 = CIRCLE('',#1060,0.2);
#1060 = AXIS2_PLACEMENT_3D('',#1061,#1062,#1063);
#1061 = CARTESIAN_POINT('',(-1.44,2.25,11.625));
#1062 = DIRECTION('',(-0.,1.,0.));
#1063 = DIRECTION('',(1.,0.,0.));
#1064 = ORIENTED_EDGE('',*,*,#1065,.F.);
#1065 = EDGE_CURVE('',#1029,#1057,#1066,.T.);
#1066 = LINE('',#1067,#1068);
#1067 = CARTESIAN_POINT('',(-2.64,2.25,11.425));
#1068 = VECTOR('',#1069,1.);
#1069 = DIRECTION('',(-1.,-0.,-0.));
#1070 = PLANE('',#1071);
#1071 = AXIS2_PLACEMENT_3D('',#1072,#1073,#1074);
#1072 = CARTESIAN_POINT('',(-2.64,2.25,13.825));
#1073 = DIRECTION('',(-0.,1.,0.));
#1074 = DIRECTION('',(1.,0.,0.));
#1075 = ADVANCED_FACE('',(#1076),#1095,.F.);
#1076 = FACE_BOUND('',#1077,.F.);
#1077 = EDGE_LOOP('',(#1078,#1079,#1087,#1094));
#1078 = ORIENTED_EDGE('',*,*,#1039,.F.);
#1079 = ORIENTED_EDGE('',*,*,#1080,.T.);
#1080 = EDGE_CURVE('',#1040,#1081,#1083,.T.);
#1081 = VERTEX_POINT('',#1082);
#1082 = CARTESIAN_POINT('',(-1.64,2.45,11.975));
#1083 = LINE('',#1084,#1085);
#1084 = CARTESIAN_POINT('',(-1.64,8.968,11.975));
#1085 = VECTOR('',#1086,1.);
#1086 = DIRECTION('',(0.,1.,0.));
#1087 = ORIENTED_EDGE('',*,*,#1088,.T.);
#1088 = EDGE_CURVE('',#1081,#655,#1089,.T.);
#1089 = CIRCLE('',#1090,0.2);
#1090 = AXIS2_PLACEMENT_3D('',#1091,#1092,#1093);
#1091 = CARTESIAN_POINT('',(-1.84,2.45,11.975));
#1092 = DIRECTION('',(0.,-1.,0.));
#1093 = DIRECTION('',(-1.,0.,0.));
#1094 = ORIENTED_EDGE('',*,*,#662,.F.);
#1095 = CYLINDRICAL_SURFACE('',#1096,0.2);
#1096 = AXIS2_PLACEMENT_3D('',#1097,#1098,#1099);
#1097 = CARTESIAN_POINT('',(-1.84,8.968,11.975));
#1098 = DIRECTION('',(0.,-1.,0.));
#1099 = DIRECTION('',(-1.,0.,0.));
#1100 = ADVANCED_FACE('',(#1101),#1144,.F.);
#1101 = FACE_BOUND('',#1102,.T.);
#1102 = EDGE_LOOP('',(#1103,#1113,#1122,#1130,#1137,#1138));
#1103 = ORIENTED_EDGE('',*,*,#1104,.F.);
#1104 = EDGE_CURVE('',#1105,#1107,#1109,.T.);
#1105 = VERTEX_POINT('',#1106);
#1106 = CARTESIAN_POINT('',(-0.94,2.45,11.425));
#1107 = VERTEX_POINT('',#1108);
#1108 = CARTESIAN_POINT('',(-1.44,2.45,11.425));
#1109 = LINE('',#1110,#1111);
#1110 = CARTESIAN_POINT('',(-2.64,2.45,11.425));
#1111 = VECTOR('',#1112,1.);
#1112 = DIRECTION('',(-1.,-0.,-0.));
#1113 = ORIENTED_EDGE('',*,*,#1114,.F.);
#1114 = EDGE_CURVE('',#1115,#1105,#1117,.T.);
#1115 = VERTEX_POINT('',#1116);
#1116 = CARTESIAN_POINT('',(-0.64,2.15,11.425));
#1117 = CIRCLE('',#1118,0.3);
#1118 = AXIS2_PLACEMENT_3D('',#1119,#1120,#1121);
#1119 = CARTESIAN_POINT('',(-0.94,2.15,11.425));
#1120 = DIRECTION('',(0.,0.,1.));
#1121 = DIRECTION('',(-1.,0.,0.));
#1122 = ORIENTED_EDGE('',*,*,#1123,.T.);
#1123 = EDGE_CURVE('',#1115,#1124,#1126,.T.);
#1124 = VERTEX_POINT('',#1125);
#1125 = CARTESIAN_POINT('',(-0.84,2.15,11.425));
#1126 = LINE('',#1127,#1128);
#1127 = CARTESIAN_POINT('',(-0.798578643763,2.15,11.425));
#1128 = VECTOR('',#1129,1.);
#1129 = DIRECTION('',(-1.,0.,0.));
#1130 = ORIENTED_EDGE('',*,*,#1131,.T.);
#1131 = EDGE_CURVE('',#1124,#1029,#1132,.T.);
#1132 = CIRCLE('',#1133,0.1);
#1133 = AXIS2_PLACEMENT_3D('',#1134,#1135,#1136);
#1134 = CARTESIAN_POINT('',(-0.94,2.15,11.425));
#1135 = DIRECTION('',(0.,0.,1.));
#1136 = DIRECTION('',(-1.,0.,0.));
#1137 = ORIENTED_EDGE('',*,*,#1065,.T.);
#1138 = ORIENTED_EDGE('',*,*,#1139,.F.);
#1139 = EDGE_CURVE('',#1107,#1057,#1140,.T.);
#1140 = LINE('',#1141,#1142);
#1141 = CARTESIAN_POINT('',(-1.44,2.35,11.425));
#1142 = VECTOR('',#1143,1.);
#1143 = DIRECTION('',(0.,-1.,0.));
#1144 = PLANE('',#1145);
#1145 = AXIS2_PLACEMENT_3D('',#1146,#1147,#1148);
#1146 = CARTESIAN_POINT('',(-1.29,2.35,11.425));
#1147 = DIRECTION('',(0.,0.,1.));
#1148 = DIRECTION('',(-1.,0.,0.));
#1149 = ADVANCED_FACE('',(#1150),#1161,.F.);
#1150 = FACE_BOUND('',#1151,.F.);
#1151 = EDGE_LOOP('',(#1152,#1158,#1159,#1160));
#1152 = ORIENTED_EDGE('',*,*,#1153,.T.);
#1153 = EDGE_CURVE('',#762,#1124,#1154,.T.);
#1154 = LINE('',#1155,#1156);
#1155 = CARTESIAN_POINT('',(-0.84,2.15,11.295));
#1156 = VECTOR('',#1157,1.);
#1157 = DIRECTION('',(0.,0.,-1.));
#1158 = ORIENTED_EDGE('',*,*,#1131,.T.);
#1159 = ORIENTED_EDGE('',*,*,#1028,.F.);
#1160 = ORIENTED_EDGE('',*,*,#761,.T.);
#1161 = CYLINDRICAL_SURFACE('',#1162,0.1);
#1162 = AXIS2_PLACEMENT_3D('',#1163,#1164,#1165);
#1163 = CARTESIAN_POINT('',(-0.94,2.15,11.295));
#1164 = DIRECTION('',(0.,0.,1.));
#1165 = DIRECTION('',(-1.,0.,0.));
#1166 = ADVANCED_FACE('',(#1167),#1185,.T.);
#1167 = FACE_BOUND('',#1168,.T.);
#1168 = EDGE_LOOP('',(#1169,#1177,#1183,#1184));
#1169 = ORIENTED_EDGE('',*,*,#1170,.F.);
#1170 = EDGE_CURVE('',#1171,#1081,#1173,.T.);
#1171 = VERTEX_POINT('',#1172);
#1172 = CARTESIAN_POINT('',(-1.64,2.45,11.625));
#1173 = LINE('',#1174,#1175);
#1174 = CARTESIAN_POINT('',(-1.64,2.45,13.825));
#1175 = VECTOR('',#1176,1.);
#1176 = DIRECTION('',(0.,0.,1.));
#1177 = ORIENTED_EDGE('',*,*,#1178,.T.);
#1178 = EDGE_CURVE('',#1171,#1049,#1179,.T.);
#1179 = LINE('',#1180,#1181);
#1180 = CARTESIAN_POINT('',(-1.64,2.35,11.625));
#1181 = VECTOR('',#1182,1.);
#1182 = DIRECTION('',(0.,-1.,0.));
#1183 = ORIENTED_EDGE('',*,*,#1048,.T.);
#1184 = ORIENTED_EDGE('',*,*,#1080,.T.);
#1185 = PLANE('',#1186);
#1186 = AXIS2_PLACEMENT_3D('',#1187,#1188,#1189);
#1187 = CARTESIAN_POINT('',(-1.64,2.35,11.735));
#1188 = DIRECTION('',(-1.,0.,0.));
#1189 = DIRECTION('',(0.,0.,-1.));
#1190 = ADVANCED_FACE('',(#1191),#1203,.T.);
#1191 = FACE_BOUND('',#1192,.T.);
#1192 = EDGE_LOOP('',(#1193,#1194,#1201,#1202));
#1193 = ORIENTED_EDGE('',*,*,#1178,.F.);
#1194 = ORIENTED_EDGE('',*,*,#1195,.F.);
#1195 = EDGE_CURVE('',#1107,#1171,#1196,.T.);
#1196 = CIRCLE('',#1197,0.2);
#1197 = AXIS2_PLACEMENT_3D('',#1198,#1199,#1200);
#1198 = CARTESIAN_POINT('',(-1.44,2.45,11.625));
#1199 = DIRECTION('',(-0.,1.,0.));
#1200 = DIRECTION('',(1.,0.,0.));
#1201 = ORIENTED_EDGE('',*,*,#1139,.T.);
#1202 = ORIENTED_EDGE('',*,*,#1056,.T.);
#1203 = CYLINDRICAL_SURFACE('',#1204,0.2);
#1204 = AXIS2_PLACEMENT_3D('',#1205,#1206,#1207);
#1205 = CARTESIAN_POINT('',(-1.44,-9.068,11.625));
#1206 = DIRECTION('',(0.,1.,0.));
#1207 = DIRECTION('',(1.,0.,0.));
#1208 = ADVANCED_FACE('',(#1209),#1235,.F.);
#1209 = FACE_BOUND('',#1210,.T.);
#1210 = EDGE_LOOP('',(#1211,#1221,#1227,#1228,#1229));
#1211 = ORIENTED_EDGE('',*,*,#1212,.F.);
#1212 = EDGE_CURVE('',#1213,#1215,#1217,.T.);
#1213 = VERTEX_POINT('',#1214);
#1214 = CARTESIAN_POINT('',(-0.84,1.75,11.402812162818));
#1215 = VERTEX_POINT('',#1216);
#1216 = CARTESIAN_POINT('',(-0.84,2.15,11.402812162818));
#1217 = LINE('',#1218,#1219);
#1218 = CARTESIAN_POINT('',(-0.84,2.45,11.402812162818));
#1219 = VECTOR('',#1220,1.);
#1220 = DIRECTION('',(0.,1.,0.));
#1221 = ORIENTED_EDGE('',*,*,#1222,.F.);
#1222 = EDGE_CURVE('',#771,#1213,#1223,.T.);
#1223 = LINE('',#1224,#1225);
#1224 = CARTESIAN_POINT('',(-0.84,1.75,13.223872));
#1225 = VECTOR('',#1226,1.);
#1226 = DIRECTION('',(0.,0.,-1.));
#1227 = ORIENTED_EDGE('',*,*,#770,.F.);
#1228 = ORIENTED_EDGE('',*,*,#1153,.T.);
#1229 = ORIENTED_EDGE('',*,*,#1230,.F.);
#1230 = EDGE_CURVE('',#1215,#1124,#1231,.T.);
#1231 = LINE('',#1232,#1233);
#1232 = CARTESIAN_POINT('',(-0.84,2.15,13.223872));
#1233 = VECTOR('',#1234,1.);
#1234 = DIRECTION('',(0.,0.,1.));
#1235 = PLANE('',#1236);
#1236 = AXIS2_PLACEMENT_3D('',#1237,#1238,#1239);
#1237 = CARTESIAN_POINT('',(-0.84,2.45,13.223872));
#1238 = DIRECTION('',(1.,0.,-0.));
#1239 = DIRECTION('',(0.,0.,1.));
#1240 = ADVANCED_FACE('',(#1241),#1327,.T.);
#1241 = FACE_BOUND('',#1242,.T.);
#1242 = EDGE_LOOP('',(#1243,#1244,#1252,#1261,#1269,#1278,#1286,#1294,
    #1302,#1311,#1319,#1326));
#1243 = ORIENTED_EDGE('',*,*,#1123,.F.);
#1244 = ORIENTED_EDGE('',*,*,#1245,.F.);
#1245 = EDGE_CURVE('',#1246,#1115,#1248,.T.);
#1246 = VERTEX_POINT('',#1247);
#1247 = CARTESIAN_POINT('',(-0.64,2.15,11.402812162818));
#1248 = LINE('',#1249,#1250);
#1249 = CARTESIAN_POINT('',(-0.64,2.15,13.223872));
#1250 = VECTOR('',#1251,1.);
#1251 = DIRECTION('',(0.,0.,1.));
#1252 = ORIENTED_EDGE('',*,*,#1253,.T.);
#1253 = EDGE_CURVE('',#1246,#1254,#1256,.T.);
#1254 = VERTEX_POINT('',#1255);
#1255 = CARTESIAN_POINT('',(-0.69418122807,2.15,11.201791325638));
#1256 = CIRCLE('',#1257,0.4);
#1257 = AXIS2_PLACEMENT_3D('',#1258,#1259,#1260);
#1258 = CARTESIAN_POINT('',(-1.04,2.15,11.402812162818));
#1259 = DIRECTION('',(0.,1.,0.));
#1260 = DIRECTION('',(-1.,0.,-8.673617379884E-15));
#1261 = ORIENTED_EDGE('',*,*,#1262,.F.);
#1262 = EDGE_CURVE('',#1263,#1254,#1265,.T.);
#1263 = VERTEX_POINT('',#1264);
#1264 = CARTESIAN_POINT('',(-0.912909385965,2.15,10.82551041859));
#1265 = LINE('',#1266,#1267);
#1266 = CARTESIAN_POINT('',(-0.912909385965,2.15,10.82551041859));
#1267 = VECTOR('',#1268,1.);
#1268 = DIRECTION('',(0.502552092951,0.,0.864546929825));
#1269 = ORIENTED_EDGE('',*,*,#1270,.F.);
#1270 = EDGE_CURVE('',#1271,#1263,#1273,.T.);
#1271 = VERTEX_POINT('',#1272);
#1272 = CARTESIAN_POINT('',(-0.94,2.15,10.725));
#1273 = CIRCLE('',#1274,0.2);
#1274 = AXIS2_PLACEMENT_3D('',#1275,#1276,#1277);
#1275 = CARTESIAN_POINT('',(-0.74,2.15,10.725));
#1276 = DIRECTION('',(0.,1.,0.));
#1277 = DIRECTION('',(-1.,0.,0.));
#1278 = ORIENTED_EDGE('',*,*,#1279,.F.);
#1279 = EDGE_CURVE('',#1280,#1271,#1282,.T.);
#1280 = VERTEX_POINT('',#1281);
#1281 = CARTESIAN_POINT('',(-0.94,2.15,10.689686550609));
#1282 = LINE('',#1283,#1284);
#1283 = CARTESIAN_POINT('',(-0.94,2.15,9.6));
#1284 = VECTOR('',#1285,1.);
#1285 = DIRECTION('',(0.,0.,1.));
#1286 = ORIENTED_EDGE('',*,*,#1287,.F.);
#1287 = EDGE_CURVE('',#1288,#1280,#1290,.T.);
#1288 = VERTEX_POINT('',#1289);
#1289 = CARTESIAN_POINT('',(-1.14,2.15,10.689686550609));
#1290 = LINE('',#1291,#1292);
#1291 = CARTESIAN_POINT('',(-1.04,2.15,10.689686550609));
#1292 = VECTOR('',#1293,1.);
#1293 = DIRECTION('',(1.,0.,0.));
#1294 = ORIENTED_EDGE('',*,*,#1295,.F.);
#1295 = EDGE_CURVE('',#1296,#1288,#1298,.T.);
#1296 = VERTEX_POINT('',#1297);
#1297 = CARTESIAN_POINT('',(-1.14,2.15,10.725));
#1298 = LINE('',#1299,#1300);
#1299 = CARTESIAN_POINT('',(-1.14,2.15,10.725));
#1300 = VECTOR('',#1301,1.);
#1301 = DIRECTION('',(0.,0.,-1.));
#1302 = ORIENTED_EDGE('',*,*,#1303,.F.);
#1303 = EDGE_CURVE('',#1304,#1296,#1306,.T.);
#1304 = VERTEX_POINT('',#1305);
#1305 = CARTESIAN_POINT('',(-1.08581877193,2.15,10.926020837181));
#1306 = CIRCLE('',#1307,0.4);
#1307 = AXIS2_PLACEMENT_3D('',#1308,#1309,#1310);
#1308 = CARTESIAN_POINT('',(-0.74,2.15,10.725));
#1309 = DIRECTION('',(0.,-1.,0.));
#1310 = DIRECTION('',(-1.,0.,0.));
#1311 = ORIENTED_EDGE('',*,*,#1312,.F.);
#1312 = EDGE_CURVE('',#1313,#1304,#1315,.T.);
#1313 = VERTEX_POINT('',#1314);
#1314 = CARTESIAN_POINT('',(-0.867090614035,2.15,11.302301744228));
#1315 = LINE('',#1316,#1317);
#1316 = CARTESIAN_POINT('',(-0.867090614035,2.15,11.302301744228));
#1317 = VECTOR('',#1318,1.);
#1318 = DIRECTION('',(-0.502552092952,0.,-0.864546929825));
#1319 = ORIENTED_EDGE('',*,*,#1320,.T.);
#1320 = EDGE_CURVE('',#1313,#1215,#1321,.T.);
#1321 = CIRCLE('',#1322,0.2);
#1322 = AXIS2_PLACEMENT_3D('',#1323,#1324,#1325);
#1323 = CARTESIAN_POINT('',(-1.04,2.15,11.402812162818));
#1324 = DIRECTION('',(0.,-1.,0.));
#1325 = DIRECTION('',(-1.,0.,0.));
#1326 = ORIENTED_EDGE('',*,*,#1230,.T.);
#1327 = PLANE('',#1328);
#1328 = AXIS2_PLACEMENT_3D('',#1329,#1330,#1331);
#1329 = CARTESIAN_POINT('',(-0.74,2.15,11.413906081409));
#1330 = DIRECTION('',(-0.,1.,0.));
#1331 = DIRECTION('',(1.,0.,0.));
#1332 = ADVANCED_FACE('',(#1333),#1352,.F.);
#1333 = FACE_BOUND('',#1334,.F.);
#1334 = EDGE_LOOP('',(#1335,#1336,#1345,#1351));
#1335 = ORIENTED_EDGE('',*,*,#1212,.F.);
#1336 = ORIENTED_EDGE('',*,*,#1337,.T.);
#1337 = EDGE_CURVE('',#1213,#1338,#1340,.T.);
#1338 = VERTEX_POINT('',#1339);
#1339 = CARTESIAN_POINT('',(-0.867090614035,1.75,11.302301744228));
#1340 = CIRCLE('',#1341,0.2);
#1341 = AXIS2_PLACEMENT_3D('',#1342,#1343,#1344);
#1342 = CARTESIAN_POINT('',(-1.04,1.75,11.402812162818));
#1343 = DIRECTION('',(0.,1.,0.));
#1344 = DIRECTION('',(-1.,0.,-1.734723475977E-14));
#1345 = ORIENTED_EDGE('',*,*,#1346,.T.);
#1346 = EDGE_CURVE('',#1338,#1313,#1347,.T.);
#1347 = LINE('',#1348,#1349);
#1348 = CARTESIAN_POINT('',(-0.867090614035,2.15,11.302301744228));
#1349 = VECTOR('',#1350,1.);
#1350 = DIRECTION('',(0.,1.,0.));
#1351 = ORIENTED_EDGE('',*,*,#1320,.T.);
#1352 = CYLINDRICAL_SURFACE('',#1353,0.2);
#1353 = AXIS2_PLACEMENT_3D('',#1354,#1355,#1356);
#1354 = CARTESIAN_POINT('',(-1.04,2.15,11.402812162818));
#1355 = DIRECTION('',(0.,-1.,0.));
#1356 = DIRECTION('',(-1.,0.,0.));
#1357 = ADVANCED_FACE('',(#1358),#1540,.T.);
#1358 = FACE_BOUND('',#1359,.T.);
#1359 = EDGE_LOOP('',(#1360,#1371,#1380,#1388,#1397,#1405,#1414,#1420,
    #1421,#1422,#1423,#1431,#1440,#1448,#1457,#1466,#1474,#1483,#1492,
    #1500,#1508,#1516,#1525,#1534));
#1360 = ORIENTED_EDGE('',*,*,#1361,.F.);
#1361 = EDGE_CURVE('',#1362,#1364,#1366,.T.);
#1362 = VERTEX_POINT('',#1363);
#1363 = CARTESIAN_POINT('',(-1.118571428571,1.75,10.10083148475));
#1364 = VERTEX_POINT('',#1365);
#1365 = CARTESIAN_POINT('',(-1.19,1.75,10.005));
#1366 = CIRCLE('',#1367,0.1);
#1367 = AXIS2_PLACEMENT_3D('',#1368,#1369,#1370);
#1368 = CARTESIAN_POINT('',(-1.09,1.75,10.005));
#1369 = DIRECTION('',(-0.,-1.,0.));
#1370 = DIRECTION('',(1.,-0.,0.));
#1371 = ORIENTED_EDGE('',*,*,#1372,.T.);
#1372 = EDGE_CURVE('',#1362,#1373,#1375,.T.);
#1373 = VERTEX_POINT('',#1374);
#1374 = CARTESIAN_POINT('',(-0.94,1.75,10.340410232712));
#1375 = CIRCLE('',#1376,0.25);
#1376 = AXIS2_PLACEMENT_3D('',#1377,#1378,#1379);
#1377 = CARTESIAN_POINT('',(-1.19,1.75,10.340410196625));
#1378 = DIRECTION('',(-0.,-1.,0.));
#1379 = DIRECTION('',(1.,-0.,0.));
#1380 = ORIENTED_EDGE('',*,*,#1381,.T.);
#1381 = EDGE_CURVE('',#1373,#1382,#1384,.T.);
#1382 = VERTEX_POINT('',#1383);
#1383 = CARTESIAN_POINT('',(-0.94,1.75,10.725));
#1384 = LINE('',#1385,#1386);
#1385 = CARTESIAN_POINT('',(-0.94,1.75,10.465));
#1386 = VECTOR('',#1387,1.);
#1387 = DIRECTION('',(0.,0.,1.));
#1388 = ORIENTED_EDGE('',*,*,#1389,.F.);
#1389 = EDGE_CURVE('',#1390,#1382,#1392,.T.);
#1390 = VERTEX_POINT('',#1391);
#1391 = CARTESIAN_POINT('',(-0.912909385965,1.75,10.82551041859));
#1392 = CIRCLE('',#1393,0.2);
#1393 = AXIS2_PLACEMENT_3D('',#1394,#1395,#1396);
#1394 = CARTESIAN_POINT('',(-0.74,1.75,10.725));
#1395 = DIRECTION('',(0.,-1.,0.));
#1396 = DIRECTION('',(-1.,0.,0.));
#1397 = ORIENTED_EDGE('',*,*,#1398,.F.);
#1398 = EDGE_CURVE('',#1399,#1390,#1401,.T.);
#1399 = VERTEX_POINT('',#1400);
#1400 = CARTESIAN_POINT('',(-0.69418122807,1.75,11.201791325638));
#1401 = LINE('',#1402,#1403);
#1402 = CARTESIAN_POINT('',(-0.69418122807,1.75,11.201791325638));
#1403 = VECTOR('',#1404,1.);
#1404 = DIRECTION('',(-0.502552092951,0.,-0.864546929825));
#1405 = ORIENTED_EDGE('',*,*,#1406,.F.);
#1406 = EDGE_CURVE('',#1407,#1399,#1409,.T.);
#1407 = VERTEX_POINT('',#1408);
#1408 = CARTESIAN_POINT('',(-0.64,1.75,11.402812162818));
#1409 = CIRCLE('',#1410,0.4);
#1410 = AXIS2_PLACEMENT_3D('',#1411,#1412,#1413);
#1411 = CARTESIAN_POINT('',(-1.04,1.75,11.402812162818));
#1412 = DIRECTION('',(0.,1.,0.));
#1413 = DIRECTION('',(-1.,0.,-8.673617379884E-15));
#1414 = ORIENTED_EDGE('',*,*,#1415,.T.);
#1415 = EDGE_CURVE('',#1407,#779,#1416,.T.);
#1416 = LINE('',#1417,#1418);
#1417 = CARTESIAN_POINT('',(-0.64,1.75,12.56));
#1418 = VECTOR('',#1419,1.);
#1419 = DIRECTION('',(0.,0.,1.));
#1420 = ORIENTED_EDGE('',*,*,#778,.T.);
#1421 = ORIENTED_EDGE('',*,*,#1222,.T.);
#1422 = ORIENTED_EDGE('',*,*,#1337,.T.);
#1423 = ORIENTED_EDGE('',*,*,#1424,.F.);
#1424 = EDGE_CURVE('',#1425,#1338,#1427,.T.);
#1425 = VERTEX_POINT('',#1426);
#1426 = CARTESIAN_POINT('',(-1.08581877193,1.75,10.926020837181));
#1427 = LINE('',#1428,#1429);
#1428 = CARTESIAN_POINT('',(-0.867090614035,1.75,11.302301744228));
#1429 = VECTOR('',#1430,1.);
#1430 = DIRECTION('',(0.502552092952,0.,0.864546929825));
#1431 = ORIENTED_EDGE('',*,*,#1432,.F.);
#1432 = EDGE_CURVE('',#1433,#1425,#1435,.T.);
#1433 = VERTEX_POINT('',#1434);
#1434 = CARTESIAN_POINT('',(-1.14,1.75,10.725));
#1435 = CIRCLE('',#1436,0.4);
#1436 = AXIS2_PLACEMENT_3D('',#1437,#1438,#1439);
#1437 = CARTESIAN_POINT('',(-0.74,1.75,10.725));
#1438 = DIRECTION('',(0.,1.,0.));
#1439 = DIRECTION('',(-1.,0.,0.));
#1440 = ORIENTED_EDGE('',*,*,#1441,.F.);
#1441 = EDGE_CURVE('',#1442,#1433,#1444,.T.);
#1442 = VERTEX_POINT('',#1443);
#1443 = CARTESIAN_POINT('',(-1.14,1.75,10.34041000924));
#1444 = LINE('',#1445,#1446);
#1445 = CARTESIAN_POINT('',(-1.14,1.75,10.725));
#1446 = VECTOR('',#1447,1.);
#1447 = DIRECTION('',(0.,0.,1.));
#1448 = ORIENTED_EDGE('',*,*,#1449,.T.);
#1449 = EDGE_CURVE('',#1442,#1450,#1452,.T.);
#1450 = VERTEX_POINT('',#1451);
#1451 = CARTESIAN_POINT('',(-1.175714285678,1.75,10.292494454261));
#1452 = CIRCLE('',#1453,5.E-02);
#1453 = AXIS2_PLACEMENT_3D('',#1454,#1455,#1456);
#1454 = CARTESIAN_POINT('',(-1.19,1.75,10.340410196625));
#1455 = DIRECTION('',(-0.,1.,0.));
#1456 = DIRECTION('',(1.,0.,0.));
#1457 = ORIENTED_EDGE('',*,*,#1458,.F.);
#1458 = EDGE_CURVE('',#1459,#1450,#1461,.T.);
#1459 = VERTEX_POINT('',#1460);
#1460 = CARTESIAN_POINT('',(-1.39,1.75,10.005));
#1461 = CIRCLE('',#1462,0.3);
#1462 = AXIS2_PLACEMENT_3D('',#1463,#1464,#1465);
#1463 = CARTESIAN_POINT('',(-1.09,1.75,10.005));
#1464 = DIRECTION('',(-0.,1.,0.));
#1465 = DIRECTION('',(1.,0.,0.));
#1466 = ORIENTED_EDGE('',*,*,#1467,.T.);
#1467 = EDGE_CURVE('',#1459,#1468,#1470,.T.);
#1468 = VERTEX_POINT('',#1469);
#1469 = CARTESIAN_POINT('',(-1.39,1.75,9.505));
#1470 = LINE('',#1471,#1472);
#1471 = CARTESIAN_POINT('',(-1.39,1.75,9.755));
#1472 = VECTOR('',#1473,1.);
#1473 = DIRECTION('',(0.,0.,-1.));
#1474 = ORIENTED_EDGE('',*,*,#1475,.T.);
#1475 = EDGE_CURVE('',#1468,#1476,#1478,.T.);
#1476 = VERTEX_POINT('',#1477);
#1477 = CARTESIAN_POINT('',(-1.175714285668,1.75,9.217505545736));
#1478 = CIRCLE('',#1479,0.3);
#1479 = AXIS2_PLACEMENT_3D('',#1480,#1481,#1482);
#1480 = CARTESIAN_POINT('',(-1.09,1.75,9.505));
#1481 = DIRECTION('',(0.,-1.,0.));
#1482 = DIRECTION('',(-1.,0.,0.));
#1483 = ORIENTED_EDGE('',*,*,#1484,.T.);
#1484 = EDGE_CURVE('',#1476,#1485,#1487,.T.);
#1485 = VERTEX_POINT('',#1486);
#1486 = CARTESIAN_POINT('',(-1.14,1.75,9.169589803375));
#1487 = CIRCLE('',#1488,5.E-02);
#1488 = AXIS2_PLACEMENT_3D('',#1489,#1490,#1491);
#1489 = CARTESIAN_POINT('',(-1.19,1.75,9.169589803375));
#1490 = DIRECTION('',(0.,1.,0.));
#1491 = DIRECTION('',(-1.,0.,0.));
#1492 = ORIENTED_EDGE('',*,*,#1493,.T.);
#1493 = EDGE_CURVE('',#1485,#1494,#1496,.T.);
#1494 = VERTEX_POINT('',#1495);
#1495 = CARTESIAN_POINT('',(-1.14,1.75,8.675));
#1496 = LINE('',#1497,#1498);
#1497 = CARTESIAN_POINT('',(-1.14,1.75,9.363578643763));
#1498 = VECTOR('',#1499,1.);
#1499 = DIRECTION('',(0.,0.,-1.));
#1500 = ORIENTED_EDGE('',*,*,#1501,.T.);
#1501 = EDGE_CURVE('',#1494,#1502,#1504,.T.);
#1502 = VERTEX_POINT('',#1503);
#1503 = CARTESIAN_POINT('',(-0.94,1.75,8.675));
#1504 = LINE('',#1505,#1506);
#1505 = CARTESIAN_POINT('',(-1.231421356237,1.75,8.675));
#1506 = VECTOR('',#1507,1.);
#1507 = DIRECTION('',(1.,0.,0.));
#1508 = ORIENTED_EDGE('',*,*,#1509,.T.);
#1509 = EDGE_CURVE('',#1502,#1510,#1512,.T.);
#1510 = VERTEX_POINT('',#1511);
#1511 = CARTESIAN_POINT('',(-0.94,1.75,9.169589803375));
#1512 = LINE('',#1513,#1514);
#1513 = CARTESIAN_POINT('',(-0.94,1.75,9.363578643763));
#1514 = VECTOR('',#1515,1.);
#1515 = DIRECTION('',(0.,0.,1.));
#1516 = ORIENTED_EDGE('',*,*,#1517,.T.);
#1517 = EDGE_CURVE('',#1510,#1518,#1520,.T.);
#1518 = VERTEX_POINT('',#1519);
#1519 = CARTESIAN_POINT('',(-1.118571428571,1.75,9.40916851525));
#1520 = CIRCLE('',#1521,0.25);
#1521 = AXIS2_PLACEMENT_3D('',#1522,#1523,#1524);
#1522 = CARTESIAN_POINT('',(-1.19,1.75,9.169589803375));
#1523 = DIRECTION('',(0.,-1.,0.));
#1524 = DIRECTION('',(-1.,0.,0.));
#1525 = ORIENTED_EDGE('',*,*,#1526,.T.);
#1526 = EDGE_CURVE('',#1518,#1527,#1529,.T.);
#1527 = VERTEX_POINT('',#1528);
#1528 = CARTESIAN_POINT('',(-1.19,1.75,9.505));
#1529 = CIRCLE('',#1530,0.1);
#1530 = AXIS2_PLACEMENT_3D('',#1531,#1532,#1533);
#1531 = CARTESIAN_POINT('',(-1.09,1.75,9.505));
#1532 = DIRECTION('',(0.,1.,0.));
#1533 = DIRECTION('',(-1.,0.,0.));
#1534 = ORIENTED_EDGE('',*,*,#1535,.T.);
#1535 = EDGE_CURVE('',#1527,#1364,#1536,.T.);
#1536 = LINE('',#1537,#1538);
#1537 = CARTESIAN_POINT('',(-1.19,1.75,9.755));
#1538 = VECTOR('',#1539,1.);
#1539 = DIRECTION('',(0.,0.,1.));
#1540 = PLANE('',#1541);
#1541 = AXIS2_PLACEMENT_3D('',#1542,#1543,#1544);
#1542 = CARTESIAN_POINT('',(-0.74,1.75,12.56));
#1543 = DIRECTION('',(0.,-1.,0.));
#1544 = DIRECTION('',(-1.,0.,0.));
#1545 = ADVANCED_FACE('',(#1546),#1557,.T.);
#1546 = FACE_BOUND('',#1547,.T.);
#1547 = EDGE_LOOP('',(#1548,#1549,#1550,#1556));
#1548 = ORIENTED_EDGE('',*,*,#1346,.T.);
#1549 = ORIENTED_EDGE('',*,*,#1312,.T.);
#1550 = ORIENTED_EDGE('',*,*,#1551,.T.);
#1551 = EDGE_CURVE('',#1304,#1425,#1552,.T.);
#1552 = LINE('',#1553,#1554);
#1553 = CARTESIAN_POINT('',(-1.08581877193,2.15,10.926020837181));
#1554 = VECTOR('',#1555,1.);
#1555 = DIRECTION('',(0.,-1.,0.));
#1556 = ORIENTED_EDGE('',*,*,#1424,.T.);
#1557 = PLANE('',#1558);
#1558 = AXIS2_PLACEMENT_3D('',#1559,#1560,#1561);
#1559 = CARTESIAN_POINT('',(-0.867090614035,2.15,11.302301744228));
#1560 = DIRECTION('',(-0.864546929825,0.,0.502552092952));
#1561 = DIRECTION('',(-0.502552092952,0.,-0.864546929825));
#1562 = ADVANCED_FACE('',(#1563),#1580,.T.);
#1563 = FACE_BOUND('',#1564,.T.);
#1564 = EDGE_LOOP('',(#1565,#1566,#1572,#1573,#1574));
#1565 = ORIENTED_EDGE('',*,*,#1245,.T.);
#1566 = ORIENTED_EDGE('',*,*,#1567,.T.);
#1567 = EDGE_CURVE('',#1115,#787,#1568,.T.);
#1568 = LINE('',#1569,#1570);
#1569 = CARTESIAN_POINT('',(-0.64,2.15,13.223872));
#1570 = VECTOR('',#1571,1.);
#1571 = DIRECTION('',(0.,0.,1.));
#1572 = ORIENTED_EDGE('',*,*,#786,.F.);
#1573 = ORIENTED_EDGE('',*,*,#1415,.F.);
#1574 = ORIENTED_EDGE('',*,*,#1575,.T.);
#1575 = EDGE_CURVE('',#1407,#1246,#1576,.T.);
#1576 = LINE('',#1577,#1578);
#1577 = CARTESIAN_POINT('',(-0.64,2.45,11.402812162818));
#1578 = VECTOR('',#1579,1.);
#1579 = DIRECTION('',(0.,1.,0.));
#1580 = PLANE('',#1581);
#1581 = AXIS2_PLACEMENT_3D('',#1582,#1583,#1584);
#1582 = CARTESIAN_POINT('',(-0.64,2.45,13.223872));
#1583 = DIRECTION('',(1.,0.,-0.));
#1584 = DIRECTION('',(0.,0.,1.));
#1585 = ADVANCED_FACE('',(#1586),#1597,.T.);
#1586 = FACE_BOUND('',#1587,.T.);
#1587 = EDGE_LOOP('',(#1588,#1589,#1590,#1591));
#1588 = ORIENTED_EDGE('',*,*,#1253,.F.);
#1589 = ORIENTED_EDGE('',*,*,#1575,.F.);
#1590 = ORIENTED_EDGE('',*,*,#1406,.T.);
#1591 = ORIENTED_EDGE('',*,*,#1592,.T.);
#1592 = EDGE_CURVE('',#1399,#1254,#1593,.T.);
#1593 = LINE('',#1594,#1595);
#1594 = CARTESIAN_POINT('',(-0.69418122807,2.15,11.201791325638));
#1595 = VECTOR('',#1596,1.);
#1596 = DIRECTION('',(0.,1.,0.));
#1597 = CYLINDRICAL_SURFACE('',#1598,0.4);
#1598 = AXIS2_PLACEMENT_3D('',#1599,#1600,#1601);
#1599 = CARTESIAN_POINT('',(-1.04,2.15,11.402812162818));
#1600 = DIRECTION('',(0.,-1.,0.));
#1601 = DIRECTION('',(-1.,0.,0.));
#1602 = ADVANCED_FACE('',(#1603),#1614,.T.);
#1603 = FACE_BOUND('',#1604,.T.);
#1604 = EDGE_LOOP('',(#1605,#1606,#1607,#1613));
#1605 = ORIENTED_EDGE('',*,*,#1551,.F.);
#1606 = ORIENTED_EDGE('',*,*,#1303,.T.);
#1607 = ORIENTED_EDGE('',*,*,#1608,.T.);
#1608 = EDGE_CURVE('',#1296,#1433,#1609,.T.);
#1609 = LINE('',#1610,#1611);
#1610 = CARTESIAN_POINT('',(-1.14,2.15,10.725));
#1611 = VECTOR('',#1612,1.);
#1612 = DIRECTION('',(0.,-1.,0.));
#1613 = ORIENTED_EDGE('',*,*,#1432,.T.);
#1614 = CYLINDRICAL_SURFACE('',#1615,0.4);
#1615 = AXIS2_PLACEMENT_3D('',#1616,#1617,#1618);
#1616 = CARTESIAN_POINT('',(-0.74,2.15,10.725));
#1617 = DIRECTION('',(0.,-1.,0.));
#1618 = DIRECTION('',(-1.,0.,0.));
#1619 = ADVANCED_FACE('',(#1620),#1631,.T.);
#1620 = FACE_BOUND('',#1621,.T.);
#1621 = EDGE_LOOP('',(#1622,#1623,#1624,#1630));
#1622 = ORIENTED_EDGE('',*,*,#1567,.F.);
#1623 = ORIENTED_EDGE('',*,*,#1114,.T.);
#1624 = ORIENTED_EDGE('',*,*,#1625,.T.);
#1625 = EDGE_CURVE('',#1105,#795,#1626,.T.);
#1626 = LINE('',#1627,#1628);
#1627 = CARTESIAN_POINT('',(-0.94,2.45,11.295));
#1628 = VECTOR('',#1629,1.);
#1629 = DIRECTION('',(0.,0.,1.));
#1630 = ORIENTED_EDGE('',*,*,#794,.T.);
#1631 = CYLINDRICAL_SURFACE('',#1632,0.3);
#1632 = AXIS2_PLACEMENT_3D('',#1633,#1634,#1635);
#1633 = CARTESIAN_POINT('',(-0.94,2.15,11.295));
#1634 = DIRECTION('',(0.,0.,1.));
#1635 = DIRECTION('',(-1.,0.,0.));
#1636 = ADVANCED_FACE('',(#1637),#1648,.F.);
#1637 = FACE_BOUND('',#1638,.T.);
#1638 = EDGE_LOOP('',(#1639,#1640,#1646,#1647));
#1639 = ORIENTED_EDGE('',*,*,#1398,.T.);
#1640 = ORIENTED_EDGE('',*,*,#1641,.F.);
#1641 = EDGE_CURVE('',#1263,#1390,#1642,.T.);
#1642 = LINE('',#1643,#1644);
#1643 = CARTESIAN_POINT('',(-0.912909385965,2.15,10.82551041859));
#1644 = VECTOR('',#1645,1.);
#1645 = DIRECTION('',(0.,-1.,0.));
#1646 = ORIENTED_EDGE('',*,*,#1262,.T.);
#1647 = ORIENTED_EDGE('',*,*,#1592,.F.);
#1648 = PLANE('',#1649);
#1649 = AXIS2_PLACEMENT_3D('',#1650,#1651,#1652);
#1650 = CARTESIAN_POINT('',(-0.69418122807,2.15,11.201791325638));
#1651 = DIRECTION('',(-0.864546929825,0.,0.502552092952));
#1652 = DIRECTION('',(-0.502552092952,0.,-0.864546929825));
#1653 = ADVANCED_FACE('',(#1654),#1691,.T.);
#1654 = FACE_BOUND('',#1655,.T.);
#1655 = EDGE_LOOP('',(#1656,#1667,#1673,#1674,#1675,#1676,#1685));
#1656 = ORIENTED_EDGE('',*,*,#1657,.T.);
#1657 = EDGE_CURVE('',#1658,#1660,#1662,.T.);
#1658 = VERTEX_POINT('',#1659);
#1659 = CARTESIAN_POINT('',(-1.14,2.281004184935,10.484810826227));
#1660 = VERTEX_POINT('',#1661);
#1661 = CARTESIAN_POINT('',(-1.14,2.349887031575,10.340409884375));
#1662 = CIRCLE('',#1663,0.2);
#1663 = AXIS2_PLACEMENT_3D('',#1664,#1665,#1666);
#1664 = CARTESIAN_POINT('',(-1.14,2.15,10.333688678514));
#1665 = DIRECTION('',(-1.,0.,0.));
#1666 = DIRECTION('',(0.,-4.336808689942E-15,1.));
#1667 = ORIENTED_EDGE('',*,*,#1668,.T.);
#1668 = EDGE_CURVE('',#1660,#1442,#1669,.T.);
#1669 = LINE('',#1670,#1671);
#1670 = CARTESIAN_POINT('',(-1.14,2.15,10.340409821854));
#1671 = VECTOR('',#1672,1.);
#1672 = DIRECTION('',(0.,-1.,0.));
#1673 = ORIENTED_EDGE('',*,*,#1441,.T.);
#1674 = ORIENTED_EDGE('',*,*,#1608,.F.);
#1675 = ORIENTED_EDGE('',*,*,#1295,.T.);
#1676 = ORIENTED_EDGE('',*,*,#1677,.T.);
#1677 = EDGE_CURVE('',#1288,#1678,#1680,.T.);
#1678 = VERTEX_POINT('',#1679);
#1679 = CARTESIAN_POINT('',(-1.14,2.218995815071,10.53856440289));
#1680 = CIRCLE('',#1681,0.2);
#1681 = AXIS2_PLACEMENT_3D('',#1682,#1683,#1684);
#1682 = CARTESIAN_POINT('',(-1.14,2.35,10.689686550609));
#1683 = DIRECTION('',(1.,0.,0.));
#1684 = DIRECTION('',(0.,-4.336808689942E-15,-1.));
#1685 = ORIENTED_EDGE('',*,*,#1686,.T.);
#1686 = EDGE_CURVE('',#1678,#1658,#1687,.T.);
#1687 = LINE('',#1688,#1689);
#1688 = CARTESIAN_POINT('',(-1.14,2.218995815071,10.53856440289));
#1689 = VECTOR('',#1690,1.);
#1690 = DIRECTION('',(0.,0.755610738592,-0.655020924646));
#1691 = PLANE('',#1692);
#1692 = AXIS2_PLACEMENT_3D('',#1693,#1694,#1695);
#1693 = CARTESIAN_POINT('',(-1.14,2.15,10.725));
#1694 = DIRECTION('',(-1.,0.,0.));
#1695 = DIRECTION('',(0.,0.,-1.));
#1696 = ADVANCED_FACE('',(#1697),#1707,.T.);
#1697 = FACE_BOUND('',#1698,.T.);
#1698 = EDGE_LOOP('',(#1699,#1700,#1701,#1702,#1703,#1704,#1705,#1706));
#1699 = ORIENTED_EDGE('',*,*,#1104,.T.);
#1700 = ORIENTED_EDGE('',*,*,#1195,.T.);
#1701 = ORIENTED_EDGE('',*,*,#1170,.T.);
#1702 = ORIENTED_EDGE('',*,*,#1088,.T.);
#1703 = ORIENTED_EDGE('',*,*,#654,.T.);
#1704 = ORIENTED_EDGE('',*,*,#702,.T.);
#1705 = ORIENTED_EDGE('',*,*,#803,.T.);
#1706 = ORIENTED_EDGE('',*,*,#1625,.F.);
#1707 = PLANE('',#1708);
#1708 = AXIS2_PLACEMENT_3D('',#1709,#1710,#1711);
#1709 = CARTESIAN_POINT('',(-2.64,2.45,13.825));
#1710 = DIRECTION('',(-0.,1.,0.));
#1711 = DIRECTION('',(1.,0.,0.));
#1712 = ADVANCED_FACE('',(#1713),#1724,.F.);
#1713 = FACE_BOUND('',#1714,.F.);
#1714 = EDGE_LOOP('',(#1715,#1716,#1717,#1723));
#1715 = ORIENTED_EDGE('',*,*,#1641,.F.);
#1716 = ORIENTED_EDGE('',*,*,#1270,.F.);
#1717 = ORIENTED_EDGE('',*,*,#1718,.T.);
#1718 = EDGE_CURVE('',#1271,#1382,#1719,.T.);
#1719 = LINE('',#1720,#1721);
#1720 = CARTESIAN_POINT('',(-0.94,2.15,10.725));
#1721 = VECTOR('',#1722,1.);
#1722 = DIRECTION('',(0.,-1.,0.));
#1723 = ORIENTED_EDGE('',*,*,#1389,.F.);
#1724 = CYLINDRICAL_SURFACE('',#1725,0.2);
#1725 = AXIS2_PLACEMENT_3D('',#1726,#1727,#1728);
#1726 = CARTESIAN_POINT('',(-0.74,2.15,10.725));
#1727 = DIRECTION('',(0.,-1.,0.));
#1728 = DIRECTION('',(-1.,0.,0.));
#1729 = ADVANCED_FACE('',(#1730),#1758,.F.);
#1730 = FACE_BOUND('',#1731,.F.);
#1731 = EDGE_LOOP('',(#1732,#1741,#1742,#1743,#1751));
#1732 = ORIENTED_EDGE('',*,*,#1733,.T.);
#1733 = EDGE_CURVE('',#1734,#1660,#1736,.T.);
#1734 = VERTEX_POINT('',#1735);
#1735 = CARTESIAN_POINT('',(-1.140453849919,2.35,10.333688663155));
#1736 = B_SPLINE_CURVE_WITH_KNOTS('',3,(#1737,#1738,#1739,#1740),
  .UNSPECIFIED.,.F.,.F.,(4,4),(0.,6.737446795972E-06),
  .PIECEWISE_BEZIER_KNOTS.);
#1737 = CARTESIAN_POINT('',(-1.140453849919,2.35,10.333688663155));
#1738 = CARTESIAN_POINT('',(-1.140151938174,2.34999999987,
    10.335914141319));
#1739 = CARTESIAN_POINT('',(-1.140000011211,2.349962503818,
    10.338165379062));
#1740 = CARTESIAN_POINT('',(-1.14,2.349887031575,10.340409884375));
#1741 = ORIENTED_EDGE('',*,*,#1668,.T.);
#1742 = ORIENTED_EDGE('',*,*,#1449,.T.);
#1743 = ORIENTED_EDGE('',*,*,#1744,.T.);
#1744 = EDGE_CURVE('',#1450,#1745,#1747,.T.);
#1745 = VERTEX_POINT('',#1746);
#1746 = CARTESIAN_POINT('',(-1.175714285678,2.35,10.292494454261));
#1747 = LINE('',#1748,#1749);
#1748 = CARTESIAN_POINT('',(-1.175714285642,-11.85501721919,
    10.292494454272));
#1749 = VECTOR('',#1750,1.);
#1750 = DIRECTION('',(0.,1.,0.));
#1751 = ORIENTED_EDGE('',*,*,#1752,.T.);
#1752 = EDGE_CURVE('',#1745,#1734,#1753,.T.);
#1753 = CIRCLE('',#1754,5.E-02);
#1754 = AXIS2_PLACEMENT_3D('',#1755,#1756,#1757);
#1755 = CARTESIAN_POINT('',(-1.19,2.35,10.340410196625));
#1756 = DIRECTION('',(0.,-1.,-0.));
#1757 = DIRECTION('',(1.,0.,-1.040834085586E-13));
#1758 = CYLINDRICAL_SURFACE('',#1759,5.E-02);
#1759 = AXIS2_PLACEMENT_3D('',#1760,#1761,#1762);
#1760 = CARTESIAN_POINT('',(-1.19,-11.85501721919,10.340410196625));
#1761 = DIRECTION('',(0.,1.,0.));
#1762 = DIRECTION('',(1.,0.,0.));
#1763 = ADVANCED_FACE('',(#1764),#1800,.T.);
#1764 = FACE_BOUND('',#1765,.T.);
#1765 = EDGE_LOOP('',(#1766,#1774,#1775,#1776,#1784,#1793));
#1766 = ORIENTED_EDGE('',*,*,#1767,.T.);
#1767 = EDGE_CURVE('',#1768,#1734,#1770,.T.);
#1768 = VERTEX_POINT('',#1769);
#1769 = CARTESIAN_POINT('',(-0.940090375556,2.35,10.33368861865));
#1770 = LINE('',#1771,#1772);
#1771 = CARTESIAN_POINT('',(-8.994023510668,2.35,10.333688618605));
#1772 = VECTOR('',#1773,1.);
#1773 = DIRECTION('',(-1.,0.,0.));
#1774 = ORIENTED_EDGE('',*,*,#1733,.T.);
#1775 = ORIENTED_EDGE('',*,*,#1657,.F.);
#1776 = ORIENTED_EDGE('',*,*,#1777,.T.);
#1777 = EDGE_CURVE('',#1658,#1778,#1780,.T.);
#1778 = VERTEX_POINT('',#1779);
#1779 = CARTESIAN_POINT('',(-0.94,2.281004184936,10.484810826227));
#1780 = LINE('',#1781,#1782);
#1781 = CARTESIAN_POINT('',(-8.994023510668,2.281004184941,
    10.484810826222));
#1782 = VECTOR('',#1783,1.);
#1783 = DIRECTION('',(1.,0.,0.));
#1784 = ORIENTED_EDGE('',*,*,#1785,.T.);
#1785 = EDGE_CURVE('',#1778,#1786,#1788,.T.);
#1786 = VERTEX_POINT('',#1787);
#1787 = CARTESIAN_POINT('',(-0.94,2.349887019052,10.340410256777));
#1788 = CIRCLE('',#1789,0.2);
#1789 = AXIS2_PLACEMENT_3D('',#1790,#1791,#1792);
#1790 = CARTESIAN_POINT('',(-0.94,2.15,10.333688678514));
#1791 = DIRECTION('',(-1.,0.,0.));
#1792 = DIRECTION('',(0.,-6.505213034913E-15,1.));
#1793 = ORIENTED_EDGE('',*,*,#1794,.T.);
#1794 = EDGE_CURVE('',#1786,#1768,#1795,.T.);
#1795 = B_SPLINE_CURVE_WITH_KNOTS('',3,(#1796,#1797,#1798,#1799),
  .UNSPECIFIED.,.F.,.F.,(4,4),(1.202485547334E-11,6.723183015189E-06),
  .PIECEWISE_BEZIER_KNOTS.);
#1796 = CARTESIAN_POINT('',(-0.94,2.349887019052,10.340410256777));
#1797 = CARTESIAN_POINT('',(-0.939999999569,2.349962336656,
    10.338170449748));
#1798 = CARTESIAN_POINT('',(-0.940030121691,2.35000000067,
    10.335928869537));
#1799 = CARTESIAN_POINT('',(-0.940090375556,2.35,10.33368861865));
#1800 = CYLINDRICAL_SURFACE('',#1801,0.2);
#1801 = AXIS2_PLACEMENT_3D('',#1802,#1803,#1804);
#1802 = CARTESIAN_POINT('',(-8.994023510668,2.15,10.333688678514));
#1803 = DIRECTION('',(1.,0.,0.));
#1804 = DIRECTION('',(0.,0.,1.));
#1805 = ADVANCED_FACE('',(#1806),#1824,.T.);
#1806 = FACE_BOUND('',#1807,.T.);
#1807 = EDGE_LOOP('',(#1808,#1816,#1817,#1818));
#1808 = ORIENTED_EDGE('',*,*,#1809,.T.);
#1809 = EDGE_CURVE('',#1810,#1778,#1812,.T.);
#1810 = VERTEX_POINT('',#1811);
#1811 = CARTESIAN_POINT('',(-0.94,2.21899581507,10.538564402891));
#1812 = LINE('',#1813,#1814);
#1813 = CARTESIAN_POINT('',(-0.94,2.25,10.511687614561));
#1814 = VECTOR('',#1815,1.);
#1815 = DIRECTION('',(0.,0.755610738588,-0.655020924651));
#1816 = ORIENTED_EDGE('',*,*,#1777,.F.);
#1817 = ORIENTED_EDGE('',*,*,#1686,.F.);
#1818 = ORIENTED_EDGE('',*,*,#1819,.T.);
#1819 = EDGE_CURVE('',#1678,#1810,#1820,.T.);
#1820 = LINE('',#1821,#1822);
#1821 = CARTESIAN_POINT('',(-1.04,2.218995815071,10.53856440289));
#1822 = VECTOR('',#1823,1.);
#1823 = DIRECTION('',(1.,0.,0.));
#1824 = PLANE('',#1825);
#1825 = AXIS2_PLACEMENT_3D('',#1826,#1827,#1828);
#1826 = CARTESIAN_POINT('',(-1.04,2.25,10.511687614561));
#1827 = DIRECTION('',(0.,0.655020924651,0.755610738588));
#1828 = DIRECTION('',(0.,0.755610738588,-0.655020924651));
#1829 = ADVANCED_FACE('',(#1830),#1842,.F.);
#1830 = FACE_BOUND('',#1831,.F.);
#1831 = EDGE_LOOP('',(#1832,#1833,#1834,#1841));
#1832 = ORIENTED_EDGE('',*,*,#1677,.T.);
#1833 = ORIENTED_EDGE('',*,*,#1819,.T.);
#1834 = ORIENTED_EDGE('',*,*,#1835,.T.);
#1835 = EDGE_CURVE('',#1810,#1280,#1836,.T.);
#1836 = CIRCLE('',#1837,0.2);
#1837 = AXIS2_PLACEMENT_3D('',#1838,#1839,#1840);
#1838 = CARTESIAN_POINT('',(-0.94,2.35,10.689686550609));
#1839 = DIRECTION('',(-1.,0.,0.));
#1840 = DIRECTION('',(0.,0.,-1.));
#1841 = ORIENTED_EDGE('',*,*,#1287,.F.);
#1842 = CYLINDRICAL_SURFACE('',#1843,0.2);
#1843 = AXIS2_PLACEMENT_3D('',#1844,#1845,#1846);
#1844 = CARTESIAN_POINT('',(4.160865725051,2.35,10.689686550609));
#1845 = DIRECTION('',(-1.,0.,0.));
#1846 = DIRECTION('',(0.,0.,-1.));
#1847 = ADVANCED_FACE('',(#1848),#1862,.F.);
#1848 = FACE_BOUND('',#1849,.T.);
#1849 = EDGE_LOOP('',(#1850,#1851,#1852,#1853,#1854,#1855,#1861));
#1850 = ORIENTED_EDGE('',*,*,#1809,.F.);
#1851 = ORIENTED_EDGE('',*,*,#1835,.T.);
#1852 = ORIENTED_EDGE('',*,*,#1279,.T.);
#1853 = ORIENTED_EDGE('',*,*,#1718,.T.);
#1854 = ORIENTED_EDGE('',*,*,#1381,.F.);
#1855 = ORIENTED_EDGE('',*,*,#1856,.F.);
#1856 = EDGE_CURVE('',#1786,#1373,#1857,.T.);
#1857 = LINE('',#1858,#1859);
#1858 = CARTESIAN_POINT('',(-0.94,2.15,10.340410268798));
#1859 = VECTOR('',#1860,1.);
#1860 = DIRECTION('',(0.,-1.,0.));
#1861 = ORIENTED_EDGE('',*,*,#1785,.F.);
#1862 = PLANE('',#1863);
#1863 = AXIS2_PLACEMENT_3D('',#1864,#1865,#1866);
#1864 = CARTESIAN_POINT('',(-0.94,2.15,10.725));
#1865 = DIRECTION('',(-1.,0.,0.));
#1866 = DIRECTION('',(0.,0.,-1.));
#1867 = ADVANCED_FACE('',(#1868),#1888,.T.);
#1868 = FACE_BOUND('',#1869,.T.);
#1869 = EDGE_LOOP('',(#1870,#1871,#1872,#1873,#1881));
#1870 = ORIENTED_EDGE('',*,*,#1794,.F.);
#1871 = ORIENTED_EDGE('',*,*,#1856,.T.);
#1872 = ORIENTED_EDGE('',*,*,#1372,.F.);
#1873 = ORIENTED_EDGE('',*,*,#1874,.T.);
#1874 = EDGE_CURVE('',#1362,#1875,#1877,.T.);
#1875 = VERTEX_POINT('',#1876);
#1876 = CARTESIAN_POINT('',(-1.118571428571,2.35,10.10083148475));
#1877 = LINE('',#1878,#1879);
#1878 = CARTESIAN_POINT('',(-1.11857142857,-11.7772990435,10.10083148475
    ));
#1879 = VECTOR('',#1880,1.);
#1880 = DIRECTION('',(0.,1.,0.));
#1881 = ORIENTED_EDGE('',*,*,#1882,.T.);
#1882 = EDGE_CURVE('',#1875,#1768,#1883,.T.);
#1883 = CIRCLE('',#1884,0.25);
#1884 = AXIS2_PLACEMENT_3D('',#1885,#1886,#1887);
#1885 = CARTESIAN_POINT('',(-1.19,2.35,10.340410196625));
#1886 = DIRECTION('',(-0.,-1.,0.));
#1887 = DIRECTION('',(1.,-0.,0.));
#1888 = CYLINDRICAL_SURFACE('',#1889,0.25);
#1889 = AXIS2_PLACEMENT_3D('',#1890,#1891,#1892);
#1890 = CARTESIAN_POINT('',(-1.19,-11.7772990435,10.340410196625));
#1891 = DIRECTION('',(0.,1.,0.));
#1892 = DIRECTION('',(1.,0.,0.));
#1893 = ADVANCED_FACE('',(#1894),#1991,.T.);
#1894 = FACE_BOUND('',#1895,.T.);
#1895 = EDGE_LOOP('',(#1896,#1897,#1906,#1914,#1923,#1932,#1940,#1948,
    #1956,#1965,#1974,#1982,#1989,#1990));
#1896 = ORIENTED_EDGE('',*,*,#1882,.F.);
#1897 = ORIENTED_EDGE('',*,*,#1898,.T.);
#1898 = EDGE_CURVE('',#1875,#1899,#1901,.T.);
#1899 = VERTEX_POINT('',#1900);
#1900 = CARTESIAN_POINT('',(-1.19,2.35,10.005));
#1901 = CIRCLE('',#1902,0.1);
#1902 = AXIS2_PLACEMENT_3D('',#1903,#1904,#1905);
#1903 = CARTESIAN_POINT('',(-1.09,2.35,10.005));
#1904 = DIRECTION('',(-0.,-1.,0.));
#1905 = DIRECTION('',(1.,-0.,0.));
#1906 = ORIENTED_EDGE('',*,*,#1907,.F.);
#1907 = EDGE_CURVE('',#1908,#1899,#1910,.T.);
#1908 = VERTEX_POINT('',#1909);
#1909 = CARTESIAN_POINT('',(-1.19,2.35,9.505));
#1910 = LINE('',#1911,#1912);
#1911 = CARTESIAN_POINT('',(-1.19,2.35,9.755));
#1912 = VECTOR('',#1913,1.);
#1913 = DIRECTION('',(0.,0.,1.));
#1914 = ORIENTED_EDGE('',*,*,#1915,.F.);
#1915 = EDGE_CURVE('',#1916,#1908,#1918,.T.);
#1916 = VERTEX_POINT('',#1917);
#1917 = CARTESIAN_POINT('',(-1.118571428571,2.35,9.40916851525));
#1918 = CIRCLE('',#1919,0.1);
#1919 = AXIS2_PLACEMENT_3D('',#1920,#1921,#1922);
#1920 = CARTESIAN_POINT('',(-1.09,2.35,9.505));
#1921 = DIRECTION('',(0.,1.,0.));
#1922 = DIRECTION('',(-1.,0.,0.));
#1923 = ORIENTED_EDGE('',*,*,#1924,.F.);
#1924 = EDGE_CURVE('',#1925,#1916,#1927,.T.);
#1925 = VERTEX_POINT('',#1926);
#1926 = CARTESIAN_POINT('',(-0.94,2.35,9.169589803375));
#1927 = CIRCLE('',#1928,0.25);
#1928 = AXIS2_PLACEMENT_3D('',#1929,#1930,#1931);
#1929 = CARTESIAN_POINT('',(-1.19,2.35,9.169589803375));
#1930 = DIRECTION('',(0.,-1.,0.));
#1931 = DIRECTION('',(-1.,0.,0.));
#1932 = ORIENTED_EDGE('',*,*,#1933,.T.);
#1933 = EDGE_CURVE('',#1925,#1934,#1936,.T.);
#1934 = VERTEX_POINT('',#1935);
#1935 = CARTESIAN_POINT('',(-0.94,2.35,8.675));
#1936 = LINE('',#1937,#1938);
#1937 = CARTESIAN_POINT('',(-0.94,2.35,10.725));
#1938 = VECTOR('',#1939,1.);
#1939 = DIRECTION('',(0.,0.,-1.));
#1940 = ORIENTED_EDGE('',*,*,#1941,.F.);
#1941 = EDGE_CURVE('',#1942,#1934,#1944,.T.);
#1942 = VERTEX_POINT('',#1943);
#1943 = CARTESIAN_POINT('',(-1.14,2.35,8.675));
#1944 = LINE('',#1945,#1946);
#1945 = CARTESIAN_POINT('',(-8.994023510668,2.35,8.675));
#1946 = VECTOR('',#1947,1.);
#1947 = DIRECTION('',(1.,0.,0.));
#1948 = ORIENTED_EDGE('',*,*,#1949,.F.);
#1949 = EDGE_CURVE('',#1950,#1942,#1952,.T.);
#1950 = VERTEX_POINT('',#1951);
#1951 = CARTESIAN_POINT('',(-1.14,2.35,9.169589803375));
#1952 = LINE('',#1953,#1954);
#1953 = CARTESIAN_POINT('',(-1.14,2.35,10.725));
#1954 = VECTOR('',#1955,1.);
#1955 = DIRECTION('',(0.,0.,-1.));
#1956 = ORIENTED_EDGE('',*,*,#1957,.F.);
#1957 = EDGE_CURVE('',#1958,#1950,#1960,.T.);
#1958 = VERTEX_POINT('',#1959);
#1959 = CARTESIAN_POINT('',(-1.175714285668,2.35,9.217505545736));
#1960 = CIRCLE('',#1961,5.E-02);
#1961 = AXIS2_PLACEMENT_3D('',#1962,#1963,#1964);
#1962 = CARTESIAN_POINT('',(-1.19,2.35,9.169589803375));
#1963 = DIRECTION('',(0.,1.,0.));
#1964 = DIRECTION('',(-1.,0.,0.));
#1965 = ORIENTED_EDGE('',*,*,#1966,.F.);
#1966 = EDGE_CURVE('',#1967,#1958,#1969,.T.);
#1967 = VERTEX_POINT('',#1968);
#1968 = CARTESIAN_POINT('',(-1.39,2.35,9.505));
#1969 = CIRCLE('',#1970,0.3);
#1970 = AXIS2_PLACEMENT_3D('',#1971,#1972,#1973);
#1971 = CARTESIAN_POINT('',(-1.09,2.35,9.505));
#1972 = DIRECTION('',(0.,-1.,0.));
#1973 = DIRECTION('',(-1.,0.,0.));
#1974 = ORIENTED_EDGE('',*,*,#1975,.F.);
#1975 = EDGE_CURVE('',#1976,#1967,#1978,.T.);
#1976 = VERTEX_POINT('',#1977);
#1977 = CARTESIAN_POINT('',(-1.39,2.35,10.005));
#1978 = LINE('',#1979,#1980);
#1979 = CARTESIAN_POINT('',(-1.39,2.35,9.755));
#1980 = VECTOR('',#1981,1.);
#1981 = DIRECTION('',(0.,0.,-1.));
#1982 = ORIENTED_EDGE('',*,*,#1983,.T.);
#1983 = EDGE_CURVE('',#1976,#1745,#1984,.T.);
#1984 = CIRCLE('',#1985,0.3);
#1985 = AXIS2_PLACEMENT_3D('',#1986,#1987,#1988);
#1986 = CARTESIAN_POINT('',(-1.09,2.35,10.005));
#1987 = DIRECTION('',(-0.,1.,0.));
#1988 = DIRECTION('',(1.,0.,0.));
#1989 = ORIENTED_EDGE('',*,*,#1752,.T.);
#1990 = ORIENTED_EDGE('',*,*,#1767,.F.);
#1991 = PLANE('',#1992);
#1992 = AXIS2_PLACEMENT_3D('',#1993,#1994,#1995);
#1993 = CARTESIAN_POINT('',(-1.231421356237,2.35,10.146421356237));
#1994 = DIRECTION('',(-0.,1.,0.));
#1995 = DIRECTION('',(1.,0.,0.));
#1996 = ADVANCED_FACE('',(#1997),#2008,.T.);
#1997 = FACE_BOUND('',#1998,.T.);
#1998 = EDGE_LOOP('',(#1999,#2000,#2001,#2002));
#1999 = ORIENTED_EDGE('',*,*,#1458,.T.);
#2000 = ORIENTED_EDGE('',*,*,#1744,.T.);
#2001 = ORIENTED_EDGE('',*,*,#1983,.F.);
#2002 = ORIENTED_EDGE('',*,*,#2003,.T.);
#2003 = EDGE_CURVE('',#1976,#1459,#2004,.T.);
#2004 = LINE('',#2005,#2006);
#2005 = CARTESIAN_POINT('',(-1.39,0.60712,10.005));
#2006 = VECTOR('',#2007,1.);
#2007 = DIRECTION('',(-0.,-1.,-0.));
#2008 = CYLINDRICAL_SURFACE('',#2009,0.3);
#2009 = AXIS2_PLACEMENT_3D('',#2010,#2011,#2012);
#2010 = CARTESIAN_POINT('',(-1.09,0.60712,10.005));
#2011 = DIRECTION('',(0.,1.,0.));
#2012 = DIRECTION('',(1.,0.,0.));
#2013 = ADVANCED_FACE('',(#2014),#2025,.F.);
#2014 = FACE_BOUND('',#2015,.F.);
#2015 = EDGE_LOOP('',(#2016,#2017,#2018,#2019));
#2016 = ORIENTED_EDGE('',*,*,#1361,.F.);
#2017 = ORIENTED_EDGE('',*,*,#1874,.T.);
#2018 = ORIENTED_EDGE('',*,*,#1898,.T.);
#2019 = ORIENTED_EDGE('',*,*,#2020,.T.);
#2020 = EDGE_CURVE('',#1899,#1364,#2021,.T.);
#2021 = LINE('',#2022,#2023);
#2022 = CARTESIAN_POINT('',(-1.19,0.60712,10.005));
#2023 = VECTOR('',#2024,1.);
#2024 = DIRECTION('',(-0.,-1.,-0.));
#2025 = CYLINDRICAL_SURFACE('',#2026,0.1);
#2026 = AXIS2_PLACEMENT_3D('',#2027,#2028,#2029);
#2027 = CARTESIAN_POINT('',(-1.09,0.60712,10.005));
#2028 = DIRECTION('',(0.,1.,0.));
#2029 = DIRECTION('',(1.,0.,0.));
#2030 = ADVANCED_FACE('',(#2031),#2042,.T.);
#2031 = FACE_BOUND('',#2032,.T.);
#2032 = EDGE_LOOP('',(#2033,#2034,#2035,#2041));
#2033 = ORIENTED_EDGE('',*,*,#2003,.F.);
#2034 = ORIENTED_EDGE('',*,*,#1975,.T.);
#2035 = ORIENTED_EDGE('',*,*,#2036,.T.);
#2036 = EDGE_CURVE('',#1967,#1468,#2037,.T.);
#2037 = LINE('',#2038,#2039);
#2038 = CARTESIAN_POINT('',(-1.39,2.05,9.505));
#2039 = VECTOR('',#2040,1.);
#2040 = DIRECTION('',(0.,-1.,0.));
#2041 = ORIENTED_EDGE('',*,*,#1467,.F.);
#2042 = PLANE('',#2043);
#2043 = AXIS2_PLACEMENT_3D('',#2044,#2045,#2046);
#2044 = CARTESIAN_POINT('',(-1.39,2.05,9.755));
#2045 = DIRECTION('',(-1.,0.,0.));
#2046 = DIRECTION('',(0.,0.,-1.));
#2047 = ADVANCED_FACE('',(#2048),#2059,.F.);
#2048 = FACE_BOUND('',#2049,.T.);
#2049 = EDGE_LOOP('',(#2050,#2051,#2057,#2058));
#2050 = ORIENTED_EDGE('',*,*,#1535,.F.);
#2051 = ORIENTED_EDGE('',*,*,#2052,.F.);
#2052 = EDGE_CURVE('',#1908,#1527,#2053,.T.);
#2053 = LINE('',#2054,#2055);
#2054 = CARTESIAN_POINT('',(-1.19,2.05,9.505));
#2055 = VECTOR('',#2056,1.);
#2056 = DIRECTION('',(0.,-1.,0.));
#2057 = ORIENTED_EDGE('',*,*,#1907,.T.);
#2058 = ORIENTED_EDGE('',*,*,#2020,.T.);
#2059 = PLANE('',#2060);
#2060 = AXIS2_PLACEMENT_3D('',#2061,#2062,#2063);
#2061 = CARTESIAN_POINT('',(-1.19,2.05,9.755));
#2062 = DIRECTION('',(-1.,0.,0.));
#2063 = DIRECTION('',(0.,0.,-1.));
#2064 = ADVANCED_FACE('',(#2065),#2076,.T.);
#2065 = FACE_BOUND('',#2066,.T.);
#2066 = EDGE_LOOP('',(#2067,#2068,#2074,#2075));
#2067 = ORIENTED_EDGE('',*,*,#1966,.T.);
#2068 = ORIENTED_EDGE('',*,*,#2069,.T.);
#2069 = EDGE_CURVE('',#1958,#1476,#2070,.T.);
#2070 = LINE('',#2071,#2072);
#2071 = CARTESIAN_POINT('',(-1.175714285622,3.49288,9.217505545722));
#2072 = VECTOR('',#2073,1.);
#2073 = DIRECTION('',(0.,-1.,0.));
#2074 = ORIENTED_EDGE('',*,*,#1475,.F.);
#2075 = ORIENTED_EDGE('',*,*,#2036,.F.);
#2076 = CYLINDRICAL_SURFACE('',#2077,0.3);
#2077 = AXIS2_PLACEMENT_3D('',#2078,#2079,#2080);
#2078 = CARTESIAN_POINT('',(-1.09,3.49288,9.505));
#2079 = DIRECTION('',(0.,-1.,0.));
#2080 = DIRECTION('',(-1.,0.,0.));
#2081 = ADVANCED_FACE('',(#2082),#2093,.F.);
#2082 = FACE_BOUND('',#2083,.F.);
#2083 = EDGE_LOOP('',(#2084,#2085,#2091,#2092));
#2084 = ORIENTED_EDGE('',*,*,#1915,.F.);
#2085 = ORIENTED_EDGE('',*,*,#2086,.T.);
#2086 = EDGE_CURVE('',#1916,#1518,#2087,.T.);
#2087 = LINE('',#2088,#2089);
#2088 = CARTESIAN_POINT('',(-1.118571428571,3.49288,9.40916851525));
#2089 = VECTOR('',#2090,1.);
#2090 = DIRECTION('',(0.,-1.,0.));
#2091 = ORIENTED_EDGE('',*,*,#1526,.T.);
#2092 = ORIENTED_EDGE('',*,*,#2052,.F.);
#2093 = CYLINDRICAL_SURFACE('',#2094,0.1);
#2094 = AXIS2_PLACEMENT_3D('',#2095,#2096,#2097);
#2095 = CARTESIAN_POINT('',(-1.09,3.49288,9.505));
#2096 = DIRECTION('',(0.,-1.,0.));
#2097 = DIRECTION('',(-1.,0.,0.));
#2098 = ADVANCED_FACE('',(#2099),#2110,.T.);
#2099 = FACE_BOUND('',#2100,.T.);
#2100 = EDGE_LOOP('',(#2101,#2102,#2103,#2109));
#2101 = ORIENTED_EDGE('',*,*,#2086,.T.);
#2102 = ORIENTED_EDGE('',*,*,#1517,.F.);
#2103 = ORIENTED_EDGE('',*,*,#2104,.T.);
#2104 = EDGE_CURVE('',#1510,#1925,#2105,.T.);
#2105 = LINE('',#2106,#2107);
#2106 = CARTESIAN_POINT('',(-0.94,10.867676247473,9.169589803375));
#2107 = VECTOR('',#2108,1.);
#2108 = DIRECTION('',(0.,1.,0.));
#2109 = ORIENTED_EDGE('',*,*,#1924,.T.);
#2110 = CYLINDRICAL_SURFACE('',#2111,0.25);
#2111 = AXIS2_PLACEMENT_3D('',#2112,#2113,#2114);
#2112 = CARTESIAN_POINT('',(-1.19,10.867676247473,9.169589803375));
#2113 = DIRECTION('',(0.,-1.,0.));
#2114 = DIRECTION('',(-1.,0.,0.));
#2115 = ADVANCED_FACE('',(#2116),#2145,.F.);
#2116 = FACE_BOUND('',#2117,.T.);
#2117 = EDGE_LOOP('',(#2118,#2127,#2135,#2142,#2143,#2144));
#2118 = ORIENTED_EDGE('',*,*,#2119,.F.);
#2119 = EDGE_CURVE('',#2120,#1502,#2122,.T.);
#2120 = VERTEX_POINT('',#2121);
#2121 = CARTESIAN_POINT('',(-0.94,1.95,8.475));
#2122 = CIRCLE('',#2123,0.2);
#2123 = AXIS2_PLACEMENT_3D('',#2124,#2125,#2126);
#2124 = CARTESIAN_POINT('',(-0.94,1.95,8.675));
#2125 = DIRECTION('',(-1.,0.,0.));
#2126 = DIRECTION('',(0.,0.,1.));
#2127 = ORIENTED_EDGE('',*,*,#2128,.F.);
#2128 = EDGE_CURVE('',#2129,#2120,#2131,.T.);
#2129 = VERTEX_POINT('',#2130);
#2130 = CARTESIAN_POINT('',(-0.94,2.15,8.475));
#2131 = LINE('',#2132,#2133);
#2132 = CARTESIAN_POINT('',(-0.94,2.15,8.475));
#2133 = VECTOR('',#2134,1.);
#2134 = DIRECTION('',(0.,-1.,0.));
#2135 = ORIENTED_EDGE('',*,*,#2136,.F.);
#2136 = EDGE_CURVE('',#1934,#2129,#2137,.T.);
#2137 = CIRCLE('',#2138,0.2);
#2138 = AXIS2_PLACEMENT_3D('',#2139,#2140,#2141);
#2139 = CARTESIAN_POINT('',(-0.94,2.15,8.675));
#2140 = DIRECTION('',(-1.,0.,0.));
#2141 = DIRECTION('',(0.,0.,1.));
#2142 = ORIENTED_EDGE('',*,*,#1933,.F.);
#2143 = ORIENTED_EDGE('',*,*,#2104,.F.);
#2144 = ORIENTED_EDGE('',*,*,#1509,.F.);
#2145 = PLANE('',#2146);
#2146 = AXIS2_PLACEMENT_3D('',#2147,#2148,#2149);
#2147 = CARTESIAN_POINT('',(-0.94,2.15,10.725));
#2148 = DIRECTION('',(-1.,0.,0.));
#2149 = DIRECTION('',(0.,0.,-1.));
#2150 = ADVANCED_FACE('',(#2151),#2170,.T.);
#2151 = FACE_BOUND('',#2152,.T.);
#2152 = EDGE_LOOP('',(#2153,#2161,#2162,#2163));
#2153 = ORIENTED_EDGE('',*,*,#2154,.T.);
#2154 = EDGE_CURVE('',#2155,#2120,#2157,.T.);
#2155 = VERTEX_POINT('',#2156);
#2156 = CARTESIAN_POINT('',(-1.14,1.95,8.475));
#2157 = LINE('',#2158,#2159);
#2158 = CARTESIAN_POINT('',(-11.29762351066,1.95,8.475));
#2159 = VECTOR('',#2160,1.);
#2160 = DIRECTION('',(1.,0.,0.));
#2161 = ORIENTED_EDGE('',*,*,#2119,.T.);
#2162 = ORIENTED_EDGE('',*,*,#1501,.F.);
#2163 = ORIENTED_EDGE('',*,*,#2164,.T.);
#2164 = EDGE_CURVE('',#1494,#2155,#2165,.T.);
#2165 = CIRCLE('',#2166,0.2);
#2166 = AXIS2_PLACEMENT_3D('',#2167,#2168,#2169);
#2167 = CARTESIAN_POINT('',(-1.14,1.95,8.675));
#2168 = DIRECTION('',(1.,0.,-0.));
#2169 = DIRECTION('',(0.,0.,1.));
#2170 = CYLINDRICAL_SURFACE('',#2171,0.2);
#2171 = AXIS2_PLACEMENT_3D('',#2172,#2173,#2174);
#2172 = CARTESIAN_POINT('',(-11.29762351066,1.95,8.675));
#2173 = DIRECTION('',(1.,0.,0.));
#2174 = DIRECTION('',(0.,0.,1.));
#2175 = ADVANCED_FACE('',(#2176),#2202,.T.);
#2176 = FACE_BOUND('',#2177,.T.);
#2177 = EDGE_LOOP('',(#2178,#2179,#2185,#2186,#2195,#2201));
#2178 = ORIENTED_EDGE('',*,*,#1493,.F.);
#2179 = ORIENTED_EDGE('',*,*,#2180,.T.);
#2180 = EDGE_CURVE('',#1485,#1950,#2181,.T.);
#2181 = LINE('',#2182,#2183);
#2182 = CARTESIAN_POINT('',(-1.14,2.15,9.169589803375));
#2183 = VECTOR('',#2184,1.);
#2184 = DIRECTION('',(0.,1.,0.));
#2185 = ORIENTED_EDGE('',*,*,#1949,.T.);
#2186 = ORIENTED_EDGE('',*,*,#2187,.T.);
#2187 = EDGE_CURVE('',#1942,#2188,#2190,.T.);
#2188 = VERTEX_POINT('',#2189);
#2189 = CARTESIAN_POINT('',(-1.14,2.15,8.475));
#2190 = CIRCLE('',#2191,0.2);
#2191 = AXIS2_PLACEMENT_3D('',#2192,#2193,#2194);
#2192 = CARTESIAN_POINT('',(-1.14,2.15,8.675));
#2193 = DIRECTION('',(-1.,0.,0.));
#2194 = DIRECTION('',(0.,0.,1.));
#2195 = ORIENTED_EDGE('',*,*,#2196,.T.);
#2196 = EDGE_CURVE('',#2188,#2155,#2197,.T.);
#2197 = LINE('',#2198,#2199);
#2198 = CARTESIAN_POINT('',(-1.14,2.15,8.475));
#2199 = VECTOR('',#2200,1.);
#2200 = DIRECTION('',(0.,-1.,0.));
#2201 = ORIENTED_EDGE('',*,*,#2164,.F.);
#2202 = PLANE('',#2203);
#2203 = AXIS2_PLACEMENT_3D('',#2204,#2205,#2206);
#2204 = CARTESIAN_POINT('',(-1.14,2.15,10.725));
#2205 = DIRECTION('',(-1.,0.,0.));
#2206 = DIRECTION('',(0.,0.,-1.));
#2207 = ADVANCED_FACE('',(#2208),#2214,.F.);
#2208 = FACE_BOUND('',#2209,.F.);
#2209 = EDGE_LOOP('',(#2210,#2211,#2212,#2213));
#2210 = ORIENTED_EDGE('',*,*,#1484,.T.);
#2211 = ORIENTED_EDGE('',*,*,#2180,.T.);
#2212 = ORIENTED_EDGE('',*,*,#1957,.F.);
#2213 = ORIENTED_EDGE('',*,*,#2069,.T.);
#2214 = CYLINDRICAL_SURFACE('',#2215,5.E-02);
#2215 = AXIS2_PLACEMENT_3D('',#2216,#2217,#2218);
#2216 = CARTESIAN_POINT('',(-1.19,10.867676247473,9.169589803375));
#2217 = DIRECTION('',(0.,-1.,0.));
#2218 = DIRECTION('',(-1.,0.,0.));
#2219 = ADVANCED_FACE('',(#2220),#2231,.F.);
#2220 = FACE_BOUND('',#2221,.T.);
#2221 = EDGE_LOOP('',(#2222,#2223,#2224,#2230));
#2222 = ORIENTED_EDGE('',*,*,#2154,.F.);
#2223 = ORIENTED_EDGE('',*,*,#2196,.F.);
#2224 = ORIENTED_EDGE('',*,*,#2225,.F.);
#2225 = EDGE_CURVE('',#2129,#2188,#2226,.T.);
#2226 = LINE('',#2227,#2228);
#2227 = CARTESIAN_POINT('',(-1.04,2.15,8.475));
#2228 = VECTOR('',#2229,1.);
#2229 = DIRECTION('',(-1.,0.,0.));
#2230 = ORIENTED_EDGE('',*,*,#2128,.T.);
#2231 = PLANE('',#2232);
#2232 = AXIS2_PLACEMENT_3D('',#2233,#2234,#2235);
#2233 = CARTESIAN_POINT('',(-1.04,1.95,8.475));
#2234 = DIRECTION('',(0.,0.,1.));
#2235 = DIRECTION('',(-1.,0.,0.));
#2236 = ADVANCED_FACE('',(#2237),#2243,.T.);
#2237 = FACE_BOUND('',#2238,.T.);
#2238 = EDGE_LOOP('',(#2239,#2240,#2241,#2242));
#2239 = ORIENTED_EDGE('',*,*,#1941,.T.);
#2240 = ORIENTED_EDGE('',*,*,#2136,.T.);
#2241 = ORIENTED_EDGE('',*,*,#2225,.T.);
#2242 = ORIENTED_EDGE('',*,*,#2187,.F.);
#2243 = CYLINDRICAL_SURFACE('',#2244,0.2);
#2244 = AXIS2_PLACEMENT_3D('',#2245,#2246,#2247);
#2245 = CARTESIAN_POINT('',(-8.994023510668,2.15,8.675));
#2246 = DIRECTION('',(1.,0.,0.));
#2247 = DIRECTION('',(0.,0.,1.));
#2248 = MANIFOLD_SOLID_BREP('',#2249);
#2249 = CLOSED_SHELL('',(#2250,#2292,#2334,#2376,#2409,#2442,#2475,#2696
    ,#2745,#2810,#2835,#2860,#2884,#2908,#2932,#2956,#2980,#3004,#3021,
    #3045,#3069,#3093,#3117,#3141,#3165,#3189,#3214,#3239,#3297,#3355,
    #3380,#3405,#3436,#3495,#3524,#3556,#3585,#3637,#3659,#3670,#3721,
    #3738,#3785,#3820,#3855,#3895,#3930,#3942,#3959,#3976,#4076,#4105,
    #4117,#4141,#4166,#4183,#4255,#4272,#4289,#4314,#4331,#4355,#4373,
    #4432,#4457,#4507,#4524,#4542,#4574,#4585,#4678,#4690,#4700,#4735,
    #4790,#4815,#4860));
#2250 = ADVANCED_FACE('',(#2251),#2287,.F.);
#2251 = FACE_BOUND('',#2252,.F.);
#2252 = EDGE_LOOP('',(#2253,#2263,#2272,#2280));
#2253 = ORIENTED_EDGE('',*,*,#2254,.F.);
#2254 = EDGE_CURVE('',#2255,#2257,#2259,.T.);
#2255 = VERTEX_POINT('',#2256);
#2256 = CARTESIAN_POINT('',(-1.007494619688,1.751142070027,9.79));
#2257 = VERTEX_POINT('',#2258);
#2258 = CARTESIAN_POINT('',(-0.998025194451,1.747928040518,9.79));
#2259 = LINE('',#2260,#2261);
#2260 = CARTESIAN_POINT('',(-1.007494619688,1.751142070027,9.79));
#2261 = VECTOR('',#2262,1.);
#2262 = DIRECTION('',(0.946942523697,-0.321402950849,0.));
#2263 = ORIENTED_EDGE('',*,*,#2264,.F.);
#2264 = EDGE_CURVE('',#2265,#2255,#2267,.T.);
#2265 = VERTEX_POINT('',#2266);
#2266 = CARTESIAN_POINT('',(-1.020350737724,1.71326436908,9.75));
#2267 = CIRCLE('',#2268,4.E-02);
#2268 = AXIS2_PLACEMENT_3D('',#2269,#2270,#2271);
#2269 = CARTESIAN_POINT('',(-1.007494619688,1.751142070027,9.75));
#2270 = DIRECTION('',(-0.94694252368,0.321402950898,0.));
#2271 = DIRECTION('',(-0.321402950898,-0.94694252368,0.));
#2272 = ORIENTED_EDGE('',*,*,#2273,.F.);
#2273 = EDGE_CURVE('',#2274,#2265,#2276,.T.);
#2274 = VERTEX_POINT('',#2275);
#2275 = CARTESIAN_POINT('',(-1.010881312487,1.710050339571,9.75));
#2276 = LINE('',#2277,#2278);
#2277 = CARTESIAN_POINT('',(-0.294064760912,1.4667547338,9.75));
#2278 = VECTOR('',#2279,1.);
#2279 = DIRECTION('',(-0.94694252368,0.321402950898,0.));
#2280 = ORIENTED_EDGE('',*,*,#2281,.T.);
#2281 = EDGE_CURVE('',#2274,#2257,#2282,.T.);
#2282 = CIRCLE('',#2283,4.E-02);
#2283 = AXIS2_PLACEMENT_3D('',#2284,#2285,#2286);
#2284 = CARTESIAN_POINT('',(-0.998025194451,1.747928040518,9.75));
#2285 = DIRECTION('',(-0.94694252368,0.321402950898,0.));
#2286 = DIRECTION('',(-0.321402950898,-0.94694252368,0.));
#2287 = CYLINDRICAL_SURFACE('',#2288,4.E-02);
#2288 = AXIS2_PLACEMENT_3D('',#2289,#2290,#2291);
#2289 = CARTESIAN_POINT('',(-0.281208642876,1.504632434747,9.75));
#2290 = DIRECTION('',(-0.94694252368,0.321402950898,0.));
#2291 = DIRECTION('',(-0.321402950898,-0.94694252368,0.));
#2292 = ADVANCED_FACE('',(#2293),#2329,.F.);
#2293 = FACE_BOUND('',#2294,.F.);
#2294 = EDGE_LOOP('',(#2295,#2305,#2314,#2322));
#2295 = ORIENTED_EDGE('',*,*,#2296,.T.);
#2296 = EDGE_CURVE('',#2297,#2299,#2301,.T.);
#2297 = VERTEX_POINT('',#2298);
#2298 = CARTESIAN_POINT('',(-1.477779261749,0.178871111135,9.9));
#2299 = VERTEX_POINT('',#2300);
#2300 = CARTESIAN_POINT('',(-1.534595813168,0.198155288189,
    9.899999999995));
#2301 = LINE('',#2302,#2303);
#2302 = CARTESIAN_POINT('',(-0.481103670731,-0.159412965748,
    9.899999999984));
#2303 = VECTOR('',#2304,1.);
#2304 = DIRECTION('',(-0.94694252368,0.321402950898,0.));
#2305 = ORIENTED_EDGE('',*,*,#2306,.F.);
#2306 = EDGE_CURVE('',#2307,#2299,#2309,.T.);
#2307 = VERTEX_POINT('',#2308);
#2308 = CARTESIAN_POINT('',(-1.582805901796,5.611495263943E-02,9.75));
#2309 = CIRCLE('',#2310,0.15);
#2310 = AXIS2_PLACEMENT_3D('',#2311,#2312,#2313);
#2311 = CARTESIAN_POINT('',(-1.534595459162,0.198156331191,9.75));
#2312 = DIRECTION('',(-0.94694252368,0.321402950898,0.));
#2313 = DIRECTION('',(-0.321402950898,-0.94694252368,0.));
#2314 = ORIENTED_EDGE('',*,*,#2315,.F.);
#2315 = EDGE_CURVE('',#2316,#2307,#2318,.T.);
#2316 = VERTEX_POINT('',#2317);
#2317 = CARTESIAN_POINT('',(-1.525989350377,3.683077558601E-02,9.75));
#2318 = LINE('',#2319,#2320);
#2319 = CARTESIAN_POINT('',(-0.529313405352,-0.301452258294,9.75));
#2320 = VECTOR('',#2321,1.);
#2321 = DIRECTION('',(-0.94694252368,0.321402950898,0.));
#2322 = ORIENTED_EDGE('',*,*,#2323,.T.);
#2323 = EDGE_CURVE('',#2316,#2297,#2324,.T.);
#2324 = CIRCLE('',#2325,0.15);
#2325 = AXIS2_PLACEMENT_3D('',#2326,#2327,#2328);
#2326 = CARTESIAN_POINT('',(-1.477778907742,0.178872154138,9.75));
#2327 = DIRECTION('',(-0.94694252368,0.321402950898,0.));
#2328 = DIRECTION('',(-0.321402950898,-0.94694252368,0.));
#2329 = CYLINDRICAL_SURFACE('',#2330,0.15);
#2330 = AXIS2_PLACEMENT_3D('',#2331,#2332,#2333);
#2331 = CARTESIAN_POINT('',(-0.481102962717,-0.159410879742,9.75));
#2332 = DIRECTION('',(-0.94694252368,0.321402950898,0.));
#2333 = DIRECTION('',(-0.321402950898,-0.94694252368,0.));
#2334 = ADVANCED_FACE('',(#2335),#2371,.T.);
#2335 = FACE_BOUND('',#2336,.T.);
#2336 = EDGE_LOOP('',(#2337,#2348,#2356,#2365));
#2337 = ORIENTED_EDGE('',*,*,#2338,.T.);
#2338 = EDGE_CURVE('',#2339,#2341,#2343,.T.);
#2339 = VERTEX_POINT('',#2340);
#2340 = CARTESIAN_POINT('',(-2.44,-3.6,9.7));
#2341 = VERTEX_POINT('',#2342);
#2342 = CARTESIAN_POINT('',(-2.44,-4.1,10.2));
#2343 = CIRCLE('',#2344,0.5);
#2344 = AXIS2_PLACEMENT_3D('',#2345,#2346,#2347);
#2345 = CARTESIAN_POINT('',(-2.44,-3.6,10.2));
#2346 = DIRECTION('',(-1.,0.,0.));
#2347 = DIRECTION('',(0.,-1.,0.));
#2348 = ORIENTED_EDGE('',*,*,#2349,.T.);
#2349 = EDGE_CURVE('',#2341,#2350,#2352,.T.);
#2350 = VERTEX_POINT('',#2351);
#2351 = CARTESIAN_POINT('',(-2.64,-4.1,10.2));
#2352 = LINE('',#2353,#2354);
#2353 = CARTESIAN_POINT('',(-2.64,-4.1,10.2));
#2354 = VECTOR('',#2355,1.);
#2355 = DIRECTION('',(-1.,0.,0.));
#2356 = ORIENTED_EDGE('',*,*,#2357,.F.);
#2357 = EDGE_CURVE('',#2358,#2350,#2360,.T.);
#2358 = VERTEX_POINT('',#2359);
#2359 = CARTESIAN_POINT('',(-2.64,-3.6,9.7));
#2360 = CIRCLE('',#2361,0.5);
#2361 = AXIS2_PLACEMENT_3D('',#2362,#2363,#2364);
#2362 = CARTESIAN_POINT('',(-2.64,-3.6,10.2));
#2363 = DIRECTION('',(-1.,0.,0.));
#2364 = DIRECTION('',(0.,-1.,0.));
#2365 = ORIENTED_EDGE('',*,*,#2366,.T.);
#2366 = EDGE_CURVE('',#2358,#2339,#2367,.T.);
#2367 = LINE('',#2368,#2369);
#2368 = CARTESIAN_POINT('',(-2.64,-3.6,9.7));
#2369 = VECTOR('',#2370,1.);
#2370 = DIRECTION('',(1.,0.,0.));
#2371 = CYLINDRICAL_SURFACE('',#2372,0.5);
#2372 = AXIS2_PLACEMENT_3D('',#2373,#2374,#2375);
#2373 = CARTESIAN_POINT('',(-2.64,-3.6,10.2));
#2374 = DIRECTION('',(-1.,0.,0.));
#2375 = DIRECTION('',(0.,-1.,0.));
#2376 = ADVANCED_FACE('',(#2377),#2404,.T.);
#2377 = FACE_BOUND('',#2378,.T.);
#2378 = EDGE_LOOP('',(#2379,#2380,#2389,#2397));
#2379 = ORIENTED_EDGE('',*,*,#2349,.F.);
#2380 = ORIENTED_EDGE('',*,*,#2381,.T.);
#2381 = EDGE_CURVE('',#2341,#2382,#2384,.T.);
#2382 = VERTEX_POINT('',#2383);
#2383 = CARTESIAN_POINT('',(-2.44,-3.6,10.7));
#2384 = CIRCLE('',#2385,0.5);
#2385 = AXIS2_PLACEMENT_3D('',#2386,#2387,#2388);
#2386 = CARTESIAN_POINT('',(-2.44,-3.6,10.2));
#2387 = DIRECTION('',(-1.,0.,0.));
#2388 = DIRECTION('',(0.,-1.,0.));
#2389 = ORIENTED_EDGE('',*,*,#2390,.F.);
#2390 = EDGE_CURVE('',#2391,#2382,#2393,.T.);
#2391 = VERTEX_POINT('',#2392);
#2392 = CARTESIAN_POINT('',(-2.64,-3.6,10.7));
#2393 = LINE('',#2394,#2395);
#2394 = CARTESIAN_POINT('',(-2.54,-3.6,10.7));
#2395 = VECTOR('',#2396,1.);
#2396 = DIRECTION('',(1.,0.,0.));
#2397 = ORIENTED_EDGE('',*,*,#2398,.F.);
#2398 = EDGE_CURVE('',#2350,#2391,#2399,.T.);
#2399 = CIRCLE('',#2400,0.5);
#2400 = AXIS2_PLACEMENT_3D('',#2401,#2402,#2403);
#2401 = CARTESIAN_POINT('',(-2.64,-3.6,10.2));
#2402 = DIRECTION('',(-1.,0.,0.));
#2403 = DIRECTION('',(0.,-1.,0.));
#2404 = CYLINDRICAL_SURFACE('',#2405,0.5);
#2405 = AXIS2_PLACEMENT_3D('',#2406,#2407,#2408);
#2406 = CARTESIAN_POINT('',(-2.64,-3.6,10.2));
#2407 = DIRECTION('',(-1.,0.,0.));
#2408 = DIRECTION('',(0.,-1.,0.));
#2409 = ADVANCED_FACE('',(#2410),#2437,.F.);
#2410 = FACE_BOUND('',#2411,.F.);
#2411 = EDGE_LOOP('',(#2412,#2421,#2429,#2436));
#2412 = ORIENTED_EDGE('',*,*,#2413,.F.);
#2413 = EDGE_CURVE('',#2414,#2307,#2416,.T.);
#2414 = VERTEX_POINT('',#2415);
#2415 = CARTESIAN_POINT('',(-1.534595523124,0.19815614274,9.6));
#2416 = CIRCLE('',#2417,0.15);
#2417 = AXIS2_PLACEMENT_3D('',#2418,#2419,#2420);
#2418 = CARTESIAN_POINT('',(-1.534595459162,0.198156331191,9.75));
#2419 = DIRECTION('',(-0.94694252368,0.321402950898,0.));
#2420 = DIRECTION('',(-0.321402950898,-0.94694252368,0.));
#2421 = ORIENTED_EDGE('',*,*,#2422,.T.);
#2422 = EDGE_CURVE('',#2414,#2423,#2425,.T.);
#2423 = VERTEX_POINT('',#2424);
#2424 = CARTESIAN_POINT('',(-1.477779206709,0.178871273295,
    9.600000000002));
#2425 = LINE('',#2426,#2427);
#2426 = CARTESIAN_POINT('',(-0.481103090642,-0.159411256645,
    9.600000000001));
#2427 = VECTOR('',#2428,1.);
#2428 = DIRECTION('',(0.94694252368,-0.321402950898,0.));
#2429 = ORIENTED_EDGE('',*,*,#2430,.T.);
#2430 = EDGE_CURVE('',#2423,#2316,#2431,.T.);
#2431 = CIRCLE('',#2432,0.15);
#2432 = AXIS2_PLACEMENT_3D('',#2433,#2434,#2435);
#2433 = CARTESIAN_POINT('',(-1.477778907742,0.178872154138,9.75));
#2434 = DIRECTION('',(-0.94694252368,0.321402950898,0.));
#2435 = DIRECTION('',(-0.321402950898,-0.94694252368,0.));
#2436 = ORIENTED_EDGE('',*,*,#2315,.T.);
#2437 = CYLINDRICAL_SURFACE('',#2438,0.15);
#2438 = AXIS2_PLACEMENT_3D('',#2439,#2440,#2441);
#2439 = CARTESIAN_POINT('',(-0.481102962717,-0.159410879742,9.75));
#2440 = DIRECTION('',(-0.94694252368,0.321402950898,0.));
#2441 = DIRECTION('',(-0.321402950898,-0.94694252368,0.));
#2442 = ADVANCED_FACE('',(#2443),#2470,.F.);
#2443 = FACE_BOUND('',#2444,.F.);
#2444 = EDGE_LOOP('',(#2445,#2454,#2462,#2469));
#2445 = ORIENTED_EDGE('',*,*,#2446,.F.);
#2446 = EDGE_CURVE('',#2447,#2265,#2449,.T.);
#2447 = VERTEX_POINT('',#2448);
#2448 = CARTESIAN_POINT('',(-1.007494619688,1.751142070027,9.71));
#2449 = CIRCLE('',#2450,4.E-02);
#2450 = AXIS2_PLACEMENT_3D('',#2451,#2452,#2453);
#2451 = CARTESIAN_POINT('',(-1.007494619688,1.751142070027,9.75));
#2452 = DIRECTION('',(-0.94694252368,0.321402950898,0.));
#2453 = DIRECTION('',(-0.321402950898,-0.94694252368,0.));
#2454 = ORIENTED_EDGE('',*,*,#2455,.T.);
#2455 = EDGE_CURVE('',#2447,#2456,#2458,.T.);
#2456 = VERTEX_POINT('',#2457);
#2457 = CARTESIAN_POINT('',(-0.998025195342,1.747928040821,9.71));
#2458 = LINE('',#2459,#2460);
#2459 = CARTESIAN_POINT('',(-0.281208642876,1.504632434747,9.71));
#2460 = VECTOR('',#2461,1.);
#2461 = DIRECTION('',(0.94694252368,-0.321402950898,0.));
#2462 = ORIENTED_EDGE('',*,*,#2463,.T.);
#2463 = EDGE_CURVE('',#2456,#2274,#2464,.T.);
#2464 = CIRCLE('',#2465,4.E-02);
#2465 = AXIS2_PLACEMENT_3D('',#2466,#2467,#2468);
#2466 = CARTESIAN_POINT('',(-0.998025194451,1.747928040518,9.75));
#2467 = DIRECTION('',(-0.94694252368,0.321402950898,0.));
#2468 = DIRECTION('',(-0.321402950898,-0.94694252368,0.));
#2469 = ORIENTED_EDGE('',*,*,#2273,.T.);
#2470 = CYLINDRICAL_SURFACE('',#2471,4.E-02);
#2471 = AXIS2_PLACEMENT_3D('',#2472,#2473,#2474);
#2472 = CARTESIAN_POINT('',(-0.281208642876,1.504632434747,9.75));
#2473 = DIRECTION('',(-0.94694252368,0.321402950898,0.));
#2474 = DIRECTION('',(-0.321402950898,-0.94694252368,0.));
#2475 = ADVANCED_FACE('',(#2476),#2691,.T.);
#2476 = FACE_BOUND('',#2477,.T.);
#2477 = EDGE_LOOP('',(#2478,#2488,#2496,#2505,#2513,#2521,#2529,#2537,
    #2546,#2555,#2563,#2571,#2579,#2587,#2595,#2603,#2609,#2610,#2611,
    #2619,#2627,#2635,#2643,#2651,#2659,#2667,#2676,#2685));
#2478 = ORIENTED_EDGE('',*,*,#2479,.F.);
#2479 = EDGE_CURVE('',#2480,#2482,#2484,.T.);
#2480 = VERTEX_POINT('',#2481);
#2481 = CARTESIAN_POINT('',(-2.64,2.15,10.625));
#2482 = VERTEX_POINT('',#2483);
#2483 = CARTESIAN_POINT('',(-2.64,2.15,11.125));
#2484 = LINE('',#2485,#2486);
#2485 = CARTESIAN_POINT('',(-2.64,2.15,8.30496576268));
#2486 = VECTOR('',#2487,1.);
#2487 = DIRECTION('',(0.,0.,1.));
#2488 = ORIENTED_EDGE('',*,*,#2489,.T.);
#2489 = EDGE_CURVE('',#2480,#2490,#2492,.T.);
#2490 = VERTEX_POINT('',#2491);
#2491 = CARTESIAN_POINT('',(-2.64,-1.405723885867,10.625));
#2492 = LINE('',#2493,#2494);
#2493 = CARTESIAN_POINT('',(-2.64,-2.05,10.625));
#2494 = VECTOR('',#2495,1.);
#2495 = DIRECTION('',(0.,-1.,0.));
#2496 = ORIENTED_EDGE('',*,*,#2497,.T.);
#2497 = EDGE_CURVE('',#2490,#2498,#2500,.T.);
#2498 = VERTEX_POINT('',#2499);
#2499 = CARTESIAN_POINT('',(-2.64,-1.405723885867,10.325));
#2500 = CIRCLE('',#2501,0.15);
#2501 = AXIS2_PLACEMENT_3D('',#2502,#2503,#2504);
#2502 = CARTESIAN_POINT('',(-2.64,-1.405723885867,10.475));
#2503 = DIRECTION('',(1.,0.,0.));
#2504 = DIRECTION('',(-0.,1.,0.));
#2505 = ORIENTED_EDGE('',*,*,#2506,.T.);
#2506 = EDGE_CURVE('',#2498,#2507,#2509,.T.);
#2507 = VERTEX_POINT('',#2508);
#2508 = CARTESIAN_POINT('',(-2.64,-1.405723885867,9.175));
#2509 = LINE('',#2510,#2511);
#2510 = CARTESIAN_POINT('',(-2.64,-1.405723885867,9.75));
#2511 = VECTOR('',#2512,1.);
#2512 = DIRECTION('',(-0.,-0.,-1.));
#2513 = ORIENTED_EDGE('',*,*,#2514,.T.);
#2514 = EDGE_CURVE('',#2507,#2515,#2517,.T.);
#2515 = VERTEX_POINT('',#2516);
#2516 = CARTESIAN_POINT('',(-2.64,2.15,9.175));
#2517 = LINE('',#2518,#2519);
#2518 = CARTESIAN_POINT('',(-2.64,-2.05,9.175));
#2519 = VECTOR('',#2520,1.);
#2520 = DIRECTION('',(0.,1.,0.));
#2521 = ORIENTED_EDGE('',*,*,#2522,.F.);
#2522 = EDGE_CURVE('',#2523,#2515,#2525,.T.);
#2523 = VERTEX_POINT('',#2524);
#2524 = CARTESIAN_POINT('',(-2.64,2.15,8.375));
#2525 = LINE('',#2526,#2527);
#2526 = CARTESIAN_POINT('',(-2.64,2.15,8.30496576268));
#2527 = VECTOR('',#2528,1.);
#2528 = DIRECTION('',(0.,0.,1.));
#2529 = ORIENTED_EDGE('',*,*,#2530,.T.);
#2530 = EDGE_CURVE('',#2523,#2531,#2533,.T.);
#2531 = VERTEX_POINT('',#2532);
#2532 = CARTESIAN_POINT('',(-2.64,1.42360679775,8.375));
#2533 = LINE('',#2534,#2535);
#2534 = CARTESIAN_POINT('',(-2.64,-2.05,8.375));
#2535 = VECTOR('',#2536,1.);
#2536 = DIRECTION('',(0.,-1.,0.));
#2537 = ORIENTED_EDGE('',*,*,#2538,.T.);
#2538 = EDGE_CURVE('',#2531,#2539,#2541,.T.);
#2539 = VERTEX_POINT('',#2540);
#2540 = CARTESIAN_POINT('',(-2.64,1.274535599252,8.441666666665));
#2541 = CIRCLE('',#2542,0.2);
#2542 = AXIS2_PLACEMENT_3D('',#2543,#2544,#2545);
#2543 = CARTESIAN_POINT('',(-2.64,1.42360679775,8.575));
#2544 = DIRECTION('',(-1.,0.,0.));
#2545 = DIRECTION('',(0.,-1.,0.));
#2546 = ORIENTED_EDGE('',*,*,#2547,.T.);
#2547 = EDGE_CURVE('',#2539,#2548,#2550,.T.);
#2548 = VERTEX_POINT('',#2549);
#2549 = CARTESIAN_POINT('',(-2.64,1.1,8.375));
#2550 = CIRCLE('',#2551,0.1);
#2551 = AXIS2_PLACEMENT_3D('',#2552,#2553,#2554);
#2552 = CARTESIAN_POINT('',(-2.64,1.2,8.375));
#2553 = DIRECTION('',(1.,0.,0.));
#2554 = DIRECTION('',(-0.,1.,0.));
#2555 = ORIENTED_EDGE('',*,*,#2556,.T.);
#2556 = EDGE_CURVE('',#2548,#2557,#2559,.T.);
#2557 = VERTEX_POINT('',#2558);
#2558 = CARTESIAN_POINT('',(-2.64,1.1,8.275));
#2559 = LINE('',#2560,#2561);
#2560 = CARTESIAN_POINT('',(-2.64,1.1,9.75));
#2561 = VECTOR('',#2562,1.);
#2562 = DIRECTION('',(-0.,-0.,-1.));
#2563 = ORIENTED_EDGE('',*,*,#2564,.T.);
#2564 = EDGE_CURVE('',#2557,#2565,#2567,.T.);
#2565 = VERTEX_POINT('',#2566);
#2566 = CARTESIAN_POINT('',(-2.64,0.903620602558,8.275));
#2567 = LINE('',#2568,#2569);
#2568 = CARTESIAN_POINT('',(-2.64,-2.05,8.275));
#2569 = VECTOR('',#2570,1.);
#2570 = DIRECTION('',(0.,-1.,0.));
#2571 = ORIENTED_EDGE('',*,*,#2572,.T.);
#2572 = EDGE_CURVE('',#2565,#2573,#2575,.T.);
#2573 = VERTEX_POINT('',#2574);
#2574 = CARTESIAN_POINT('',(-2.64,0.6,8.375));
#2575 = LINE('',#2576,#2577);
#2576 = CARTESIAN_POINT('',(-2.64,0.903620602558,8.275));
#2577 = VECTOR('',#2578,1.);
#2578 = DIRECTION('',(0.,-0.949809838342,0.312827861594));
#2579 = ORIENTED_EDGE('',*,*,#2580,.T.);
#2580 = EDGE_CURVE('',#2573,#2581,#2583,.T.);
#2581 = VERTEX_POINT('',#2582);
#2582 = CARTESIAN_POINT('',(-2.64,-1.9,8.375));
#2583 = LINE('',#2584,#2585);
#2584 = CARTESIAN_POINT('',(-2.64,-2.05,8.375));
#2585 = VECTOR('',#2586,1.);
#2586 = DIRECTION('',(0.,-1.,0.));
#2587 = ORIENTED_EDGE('',*,*,#2588,.T.);
#2588 = EDGE_CURVE('',#2581,#2589,#2591,.T.);
#2589 = VERTEX_POINT('',#2590);
#2590 = CARTESIAN_POINT('',(-2.64,-2.1,8.575));
#2591 = LINE('',#2592,#2593);
#2592 = CARTESIAN_POINT('',(-2.64,-1.9,8.375));
#2593 = VECTOR('',#2594,1.);
#2594 = DIRECTION('',(0.,-0.707106781187,0.707106781187));
#2595 = ORIENTED_EDGE('',*,*,#2596,.T.);
#2596 = EDGE_CURVE('',#2589,#2597,#2599,.T.);
#2597 = VERTEX_POINT('',#2598);
#2598 = CARTESIAN_POINT('',(-2.64,-2.1,9.7));
#2599 = LINE('',#2600,#2601);
#2600 = CARTESIAN_POINT('',(-2.64,-2.1,9.75));
#2601 = VECTOR('',#2602,1.);
#2602 = DIRECTION('',(0.,0.,1.));
#2603 = ORIENTED_EDGE('',*,*,#2604,.T.);
#2604 = EDGE_CURVE('',#2597,#2358,#2605,.T.);
#2605 = LINE('',#2606,#2607);
#2606 = CARTESIAN_POINT('',(-2.64,-2.05,9.7));
#2607 = VECTOR('',#2608,1.);
#2608 = DIRECTION('',(0.,-1.,0.));
#2609 = ORIENTED_EDGE('',*,*,#2357,.T.);
#2610 = ORIENTED_EDGE('',*,*,#2398,.T.);
#2611 = ORIENTED_EDGE('',*,*,#2612,.T.);
#2612 = EDGE_CURVE('',#2391,#2613,#2615,.T.);
#2613 = VERTEX_POINT('',#2614);
#2614 = CARTESIAN_POINT('',(-2.64,-2.1,10.7));
#2615 = LINE('',#2616,#2617);
#2616 = CARTESIAN_POINT('',(-2.64,-2.05,10.7));
#2617 = VECTOR('',#2618,1.);
#2618 = DIRECTION('',(0.,1.,0.));
#2619 = ORIENTED_EDGE('',*,*,#2620,.T.);
#2620 = EDGE_CURVE('',#2613,#2621,#2623,.T.);
#2621 = VERTEX_POINT('',#2622);
#2622 = CARTESIAN_POINT('',(-2.64,-2.1,10.925));
#2623 = LINE('',#2624,#2625);
#2624 = CARTESIAN_POINT('',(-2.64,-2.1,9.75));
#2625 = VECTOR('',#2626,1.);
#2626 = DIRECTION('',(0.,0.,1.));
#2627 = ORIENTED_EDGE('',*,*,#2628,.T.);
#2628 = EDGE_CURVE('',#2621,#2629,#2631,.T.);
#2629 = VERTEX_POINT('',#2630);
#2630 = CARTESIAN_POINT('',(-2.64,-1.9,11.125));
#2631 = LINE('',#2632,#2633);
#2632 = CARTESIAN_POINT('',(-2.64,-2.1,10.925));
#2633 = VECTOR('',#2634,1.);
#2634 = DIRECTION('',(0.,0.707106781187,0.707106781187));
#2635 = ORIENTED_EDGE('',*,*,#2636,.T.);
#2636 = EDGE_CURVE('',#2629,#2637,#2639,.T.);
#2637 = VERTEX_POINT('',#2638);
#2638 = CARTESIAN_POINT('',(-2.64,0.6,11.125));
#2639 = LINE('',#2640,#2641);
#2640 = CARTESIAN_POINT('',(-2.64,-2.05,11.125));
#2641 = VECTOR('',#2642,1.);
#2642 = DIRECTION('',(0.,1.,0.));
#2643 = ORIENTED_EDGE('',*,*,#2644,.T.);
#2644 = EDGE_CURVE('',#2637,#2645,#2647,.T.);
#2645 = VERTEX_POINT('',#2646);
#2646 = CARTESIAN_POINT('',(-2.64,0.95,11.225));
#2647 = LINE('',#2648,#2649);
#2648 = CARTESIAN_POINT('',(-2.64,0.6,11.125));
#2649 = VECTOR('',#2650,1.);
#2650 = DIRECTION('',(0.,0.961523947641,0.274721127897));
#2651 = ORIENTED_EDGE('',*,*,#2652,.T.);
#2652 = EDGE_CURVE('',#2645,#2653,#2655,.T.);
#2653 = VERTEX_POINT('',#2654);
#2654 = CARTESIAN_POINT('',(-2.64,1.1,11.225));
#2655 = LINE('',#2656,#2657);
#2656 = CARTESIAN_POINT('',(-2.64,-2.05,11.225));
#2657 = VECTOR('',#2658,1.);
#2658 = DIRECTION('',(0.,1.,0.));
#2659 = ORIENTED_EDGE('',*,*,#2660,.T.);
#2660 = EDGE_CURVE('',#2653,#2661,#2663,.T.);
#2661 = VERTEX_POINT('',#2662);
#2662 = CARTESIAN_POINT('',(-2.64,1.1,11.125));
#2663 = LINE('',#2664,#2665);
#2664 = CARTESIAN_POINT('',(-2.64,1.1,9.75));
#2665 = VECTOR('',#2666,1.);
#2666 = DIRECTION('',(-0.,-0.,-1.));
#2667 = ORIENTED_EDGE('',*,*,#2668,.T.);
#2668 = EDGE_CURVE('',#2661,#2669,#2671,.T.);
#2669 = VERTEX_POINT('',#2670);
#2670 = CARTESIAN_POINT('',(-2.64,1.27453559925,11.058333333333));
#2671 = CIRCLE('',#2672,0.1);
#2672 = AXIS2_PLACEMENT_3D('',#2673,#2674,#2675);
#2673 = CARTESIAN_POINT('',(-2.64,1.2,11.125));
#2674 = DIRECTION('',(1.,0.,0.));
#2675 = DIRECTION('',(-0.,1.,0.));
#2676 = ORIENTED_EDGE('',*,*,#2677,.T.);
#2677 = EDGE_CURVE('',#2669,#2678,#2680,.T.);
#2678 = VERTEX_POINT('',#2679);
#2679 = CARTESIAN_POINT('',(-2.64,1.42360679775,11.125));
#2680 = CIRCLE('',#2681,0.2);
#2681 = AXIS2_PLACEMENT_3D('',#2682,#2683,#2684);
#2682 = CARTESIAN_POINT('',(-2.64,1.42360679775,10.925));
#2683 = DIRECTION('',(-1.,0.,0.));
#2684 = DIRECTION('',(0.,-1.,0.));
#2685 = ORIENTED_EDGE('',*,*,#2686,.T.);
#2686 = EDGE_CURVE('',#2678,#2482,#2687,.T.);
#2687 = LINE('',#2688,#2689);
#2688 = CARTESIAN_POINT('',(-2.64,-2.05,11.125));
#2689 = VECTOR('',#2690,1.);
#2690 = DIRECTION('',(0.,1.,0.));
#2691 = PLANE('',#2692);
#2692 = AXIS2_PLACEMENT_3D('',#2693,#2694,#2695);
#2693 = CARTESIAN_POINT('',(-2.64,-2.05,9.75));
#2694 = DIRECTION('',(-1.,0.,0.));
#2695 = DIRECTION('',(0.,-1.,0.));
#2696 = ADVANCED_FACE('',(#2697),#2740,.F.);
#2697 = FACE_BOUND('',#2698,.T.);
#2698 = EDGE_LOOP('',(#2699,#2700,#2709,#2717,#2726,#2734));
#2699 = ORIENTED_EDGE('',*,*,#2489,.F.);
#2700 = ORIENTED_EDGE('',*,*,#2701,.F.);
#2701 = EDGE_CURVE('',#2702,#2480,#2704,.T.);
#2702 = VERTEX_POINT('',#2703);
#2703 = CARTESIAN_POINT('',(-2.39,2.445803989155,10.625));
#2704 = CIRCLE('',#2705,0.3);
#2705 = AXIS2_PLACEMENT_3D('',#2706,#2707,#2708);
#2706 = CARTESIAN_POINT('',(-2.34,2.15,10.625));
#2707 = DIRECTION('',(0.,0.,1.));
#2708 = DIRECTION('',(0.,-1.,0.));
#2709 = ORIENTED_EDGE('',*,*,#2710,.F.);
#2710 = EDGE_CURVE('',#2711,#2702,#2713,.T.);
#2711 = VERTEX_POINT('',#2712);
#2712 = CARTESIAN_POINT('',(-2.39,2.236602540378,10.625));
#2713 = LINE('',#2714,#2715);
#2714 = CARTESIAN_POINT('',(-2.39,0.394276114133,10.625));
#2715 = VECTOR('',#2716,1.);
#2716 = DIRECTION('',(0.,1.,0.));
#2717 = ORIENTED_EDGE('',*,*,#2718,.T.);
#2718 = EDGE_CURVE('',#2711,#2719,#2721,.T.);
#2719 = VERTEX_POINT('',#2720);
#2720 = CARTESIAN_POINT('',(-2.44,2.15,10.625));
#2721 = CIRCLE('',#2722,1.E-01);
#2722 = AXIS2_PLACEMENT_3D('',#2723,#2724,#2725);
#2723 = CARTESIAN_POINT('',(-2.34,2.15,10.625));
#2724 = DIRECTION('',(0.,0.,1.));
#2725 = DIRECTION('',(0.,-1.,0.));
#2726 = ORIENTED_EDGE('',*,*,#2727,.F.);
#2727 = EDGE_CURVE('',#2728,#2719,#2730,.T.);
#2728 = VERTEX_POINT('',#2729);
#2729 = CARTESIAN_POINT('',(-2.44,-1.405723885867,10.625));
#2730 = LINE('',#2731,#2732);
#2731 = CARTESIAN_POINT('',(-2.44,0.394276114133,10.625));
#2732 = VECTOR('',#2733,1.);
#2733 = DIRECTION('',(0.,1.,0.));
#2734 = ORIENTED_EDGE('',*,*,#2735,.F.);
#2735 = EDGE_CURVE('',#2490,#2728,#2736,.T.);
#2736 = LINE('',#2737,#2738);
#2737 = CARTESIAN_POINT('',(-2.44,-1.405723885867,10.625));
#2738 = VECTOR('',#2739,1.);
#2739 = DIRECTION('',(1.,0.,0.));
#2740 = PLANE('',#2741);
#2741 = AXIS2_PLACEMENT_3D('',#2742,#2743,#2744);
#2742 = CARTESIAN_POINT('',(-2.44,0.394276114133,10.625));
#2743 = DIRECTION('',(0.,0.,1.));
#2744 = DIRECTION('',(0.,-1.,0.));
#2745 = ADVANCED_FACE('',(#2746),#2805,.T.);
#2746 = FACE_BOUND('',#2747,.T.);
#2747 = EDGE_LOOP('',(#2748,#2749,#2757,#2765,#2774,#2782,#2790,#2798));
#2748 = ORIENTED_EDGE('',*,*,#2686,.F.);
#2749 = ORIENTED_EDGE('',*,*,#2750,.T.);
#2750 = EDGE_CURVE('',#2678,#2751,#2753,.T.);
#2751 = VERTEX_POINT('',#2752);
#2752 = CARTESIAN_POINT('',(-2.44,1.42360679775,11.125));
#2753 = LINE('',#2754,#2755);
#2754 = CARTESIAN_POINT('',(-2.54,1.42360679775,11.125));
#2755 = VECTOR('',#2756,1.);
#2756 = DIRECTION('',(1.,0.,0.));
#2757 = ORIENTED_EDGE('',*,*,#2758,.T.);
#2758 = EDGE_CURVE('',#2751,#2759,#2761,.T.);
#2759 = VERTEX_POINT('',#2760);
#2760 = CARTESIAN_POINT('',(-2.44,2.15,11.125));
#2761 = LINE('',#2762,#2763);
#2762 = CARTESIAN_POINT('',(-2.44,2.,11.125));
#2763 = VECTOR('',#2764,1.);
#2764 = DIRECTION('',(0.,1.,0.));
#2765 = ORIENTED_EDGE('',*,*,#2766,.T.);
#2766 = EDGE_CURVE('',#2759,#2767,#2769,.T.);
#2767 = VERTEX_POINT('',#2768);
#2768 = CARTESIAN_POINT('',(-2.34,2.25,11.125));
#2769 = CIRCLE('',#2770,1.E-01);
#2770 = AXIS2_PLACEMENT_3D('',#2771,#2772,#2773);
#2771 = CARTESIAN_POINT('',(-2.34,2.15,11.125));
#2772 = DIRECTION('',(-0.,-0.,-1.));
#2773 = DIRECTION('',(0.,-1.,0.));
#2774 = ORIENTED_EDGE('',*,*,#2775,.T.);
#2775 = EDGE_CURVE('',#2767,#2776,#2778,.T.);
#2776 = VERTEX_POINT('',#2777);
#2777 = CARTESIAN_POINT('',(-2.247079632679,2.25,11.125));
#2778 = LINE('',#2779,#2780);
#2779 = CARTESIAN_POINT('',(-2.747079632679,2.25,11.125));
#2780 = VECTOR('',#2781,1.);
#2781 = DIRECTION('',(1.,0.,0.));
#2782 = ORIENTED_EDGE('',*,*,#2783,.T.);
#2783 = EDGE_CURVE('',#2776,#2784,#2786,.T.);
#2784 = VERTEX_POINT('',#2785);
#2785 = CARTESIAN_POINT('',(-2.247079632679,2.45,11.125));
#2786 = LINE('',#2787,#2788);
#2787 = CARTESIAN_POINT('',(-2.247079632679,2.35,11.125));
#2788 = VECTOR('',#2789,1.);
#2789 = DIRECTION('',(0.,1.,0.));
#2790 = ORIENTED_EDGE('',*,*,#2791,.T.);
#2791 = EDGE_CURVE('',#2784,#2792,#2794,.T.);
#2792 = VERTEX_POINT('',#2793);
#2793 = CARTESIAN_POINT('',(-2.34,2.45,11.125));
#2794 = LINE('',#2795,#2796);
#2795 = CARTESIAN_POINT('',(-2.747079632679,2.45,11.125));
#2796 = VECTOR('',#2797,1.);
#2797 = DIRECTION('',(-1.,-0.,-0.));
#2798 = ORIENTED_EDGE('',*,*,#2799,.T.);
#2799 = EDGE_CURVE('',#2792,#2482,#2800,.T.);
#2800 = CIRCLE('',#2801,0.3);
#2801 = AXIS2_PLACEMENT_3D('',#2802,#2803,#2804);
#2802 = CARTESIAN_POINT('',(-2.34,2.15,11.125));
#2803 = DIRECTION('',(0.,0.,1.));
#2804 = DIRECTION('',(0.,-1.,0.));
#2805 = PLANE('',#2806);
#2806 = AXIS2_PLACEMENT_3D('',#2807,#2808,#2809);
#2807 = CARTESIAN_POINT('',(-2.54,2.,11.125));
#2808 = DIRECTION('',(0.,0.,1.));
#2809 = DIRECTION('',(0.,-1.,0.));
#2810 = ADVANCED_FACE('',(#2811),#2830,.T.);
#2811 = FACE_BOUND('',#2812,.T.);
#2812 = EDGE_LOOP('',(#2813,#2814,#2815,#2823));
#2813 = ORIENTED_EDGE('',*,*,#2750,.F.);
#2814 = ORIENTED_EDGE('',*,*,#2677,.F.);
#2815 = ORIENTED_EDGE('',*,*,#2816,.T.);
#2816 = EDGE_CURVE('',#2669,#2817,#2819,.T.);
#2817 = VERTEX_POINT('',#2818);
#2818 = CARTESIAN_POINT('',(-2.44,1.27453559925,11.058333333333));
#2819 = LINE('',#2820,#2821);
#2820 = CARTESIAN_POINT('',(3.667795359511,1.274535599249,
    11.058333333333));
#2821 = VECTOR('',#2822,1.);
#2822 = DIRECTION('',(1.,0.,0.));
#2823 = ORIENTED_EDGE('',*,*,#2824,.T.);
#2824 = EDGE_CURVE('',#2817,#2751,#2825,.T.);
#2825 = CIRCLE('',#2826,0.2);
#2826 = AXIS2_PLACEMENT_3D('',#2827,#2828,#2829);
#2827 = CARTESIAN_POINT('',(-2.44,1.42360679775,10.925));
#2828 = DIRECTION('',(-1.,0.,0.));
#2829 = DIRECTION('',(0.,-1.,0.));
#2830 = CYLINDRICAL_SURFACE('',#2831,0.2);
#2831 = AXIS2_PLACEMENT_3D('',#2832,#2833,#2834);
#2832 = CARTESIAN_POINT('',(3.667795359511,1.42360679775,10.925));
#2833 = DIRECTION('',(-1.,0.,0.));
#2834 = DIRECTION('',(0.,-1.,0.));
#2835 = ADVANCED_FACE('',(#2836),#2855,.F.);
#2836 = FACE_BOUND('',#2837,.F.);
#2837 = EDGE_LOOP('',(#2838,#2839,#2840,#2849));
#2838 = ORIENTED_EDGE('',*,*,#2668,.T.);
#2839 = ORIENTED_EDGE('',*,*,#2816,.T.);
#2840 = ORIENTED_EDGE('',*,*,#2841,.T.);
#2841 = EDGE_CURVE('',#2817,#2842,#2844,.T.);
#2842 = VERTEX_POINT('',#2843);
#2843 = CARTESIAN_POINT('',(-2.44,1.1,11.125));
#2844 = CIRCLE('',#2845,0.1);
#2845 = AXIS2_PLACEMENT_3D('',#2846,#2847,#2848);
#2846 = CARTESIAN_POINT('',(-2.44,1.2,11.125));
#2847 = DIRECTION('',(-1.,0.,0.));
#2848 = DIRECTION('',(0.,1.,0.));
#2849 = ORIENTED_EDGE('',*,*,#2850,.T.);
#2850 = EDGE_CURVE('',#2842,#2661,#2851,.T.);
#2851 = LINE('',#2852,#2853);
#2852 = CARTESIAN_POINT('',(-2.54,1.1,11.125));
#2853 = VECTOR('',#2854,1.);
#2854 = DIRECTION('',(-1.,-0.,-0.));
#2855 = CYLINDRICAL_SURFACE('',#2856,0.1);
#2856 = AXIS2_PLACEMENT_3D('',#2857,#2858,#2859);
#2857 = CARTESIAN_POINT('',(-2.54,1.2,11.125));
#2858 = DIRECTION('',(1.,0.,0.));
#2859 = DIRECTION('',(-0.,1.,0.));
#2860 = ADVANCED_FACE('',(#2861),#2879,.T.);
#2861 = FACE_BOUND('',#2862,.T.);
#2862 = EDGE_LOOP('',(#2863,#2864,#2865,#2873));
#2863 = ORIENTED_EDGE('',*,*,#2850,.T.);
#2864 = ORIENTED_EDGE('',*,*,#2660,.F.);
#2865 = ORIENTED_EDGE('',*,*,#2866,.T.);
#2866 = EDGE_CURVE('',#2653,#2867,#2869,.T.);
#2867 = VERTEX_POINT('',#2868);
#2868 = CARTESIAN_POINT('',(-2.44,1.1,11.225));
#2869 = LINE('',#2870,#2871);
#2870 = CARTESIAN_POINT('',(-2.54,1.1,11.225));
#2871 = VECTOR('',#2872,1.);
#2872 = DIRECTION('',(1.,0.,0.));
#2873 = ORIENTED_EDGE('',*,*,#2874,.T.);
#2874 = EDGE_CURVE('',#2867,#2842,#2875,.T.);
#2875 = LINE('',#2876,#2877);
#2876 = CARTESIAN_POINT('',(-2.44,1.1,11.175));
#2877 = VECTOR('',#2878,1.);
#2878 = DIRECTION('',(-0.,-0.,-1.));
#2879 = PLANE('',#2880);
#2880 = AXIS2_PLACEMENT_3D('',#2881,#2882,#2883);
#2881 = CARTESIAN_POINT('',(-2.54,1.1,11.175));
#2882 = DIRECTION('',(0.,1.,0.));
#2883 = DIRECTION('',(0.,-0.,1.));
#2884 = ADVANCED_FACE('',(#2885),#2903,.T.);
#2885 = FACE_BOUND('',#2886,.T.);
#2886 = EDGE_LOOP('',(#2887,#2888,#2889,#2897));
#2887 = ORIENTED_EDGE('',*,*,#2866,.F.);
#2888 = ORIENTED_EDGE('',*,*,#2652,.F.);
#2889 = ORIENTED_EDGE('',*,*,#2890,.T.);
#2890 = EDGE_CURVE('',#2645,#2891,#2893,.T.);
#2891 = VERTEX_POINT('',#2892);
#2892 = CARTESIAN_POINT('',(-2.44,0.95,11.225));
#2893 = LINE('',#2894,#2895);
#2894 = CARTESIAN_POINT('',(-2.54,0.95,11.225));
#2895 = VECTOR('',#2896,1.);
#2896 = DIRECTION('',(1.,0.,0.));
#2897 = ORIENTED_EDGE('',*,*,#2898,.T.);
#2898 = EDGE_CURVE('',#2891,#2867,#2899,.T.);
#2899 = LINE('',#2900,#2901);
#2900 = CARTESIAN_POINT('',(-2.44,1.025,11.225));
#2901 = VECTOR('',#2902,1.);
#2902 = DIRECTION('',(0.,1.,0.));
#2903 = PLANE('',#2904);
#2904 = AXIS2_PLACEMENT_3D('',#2905,#2906,#2907);
#2905 = CARTESIAN_POINT('',(-2.54,1.025,11.225));
#2906 = DIRECTION('',(0.,0.,1.));
#2907 = DIRECTION('',(0.,-1.,0.));
#2908 = ADVANCED_FACE('',(#2909),#2927,.T.);
#2909 = FACE_BOUND('',#2910,.T.);
#2910 = EDGE_LOOP('',(#2911,#2912,#2913,#2921));
#2911 = ORIENTED_EDGE('',*,*,#2890,.F.);
#2912 = ORIENTED_EDGE('',*,*,#2644,.F.);
#2913 = ORIENTED_EDGE('',*,*,#2914,.T.);
#2914 = EDGE_CURVE('',#2637,#2915,#2917,.T.);
#2915 = VERTEX_POINT('',#2916);
#2916 = CARTESIAN_POINT('',(-2.44,0.6,11.125));
#2917 = LINE('',#2918,#2919);
#2918 = CARTESIAN_POINT('',(-2.54,0.6,11.125));
#2919 = VECTOR('',#2920,1.);
#2920 = DIRECTION('',(1.,0.,0.));
#2921 = ORIENTED_EDGE('',*,*,#2922,.T.);
#2922 = EDGE_CURVE('',#2915,#2891,#2923,.T.);
#2923 = LINE('',#2924,#2925);
#2924 = CARTESIAN_POINT('',(-2.44,0.775,11.175));
#2925 = VECTOR('',#2926,1.);
#2926 = DIRECTION('',(0.,0.961523947641,0.274721127897));
#2927 = PLANE('',#2928);
#2928 = AXIS2_PLACEMENT_3D('',#2929,#2930,#2931);
#2929 = CARTESIAN_POINT('',(-2.54,0.775,11.175));
#2930 = DIRECTION('',(0.,-0.274721127897,0.961523947641));
#2931 = DIRECTION('',(0.,-0.961523947641,-0.274721127897));
#2932 = ADVANCED_FACE('',(#2933),#2951,.T.);
#2933 = FACE_BOUND('',#2934,.T.);
#2934 = EDGE_LOOP('',(#2935,#2936,#2944,#2950));
#2935 = ORIENTED_EDGE('',*,*,#2636,.F.);
#2936 = ORIENTED_EDGE('',*,*,#2937,.T.);
#2937 = EDGE_CURVE('',#2629,#2938,#2940,.T.);
#2938 = VERTEX_POINT('',#2939);
#2939 = CARTESIAN_POINT('',(-2.44,-1.9,11.125));
#2940 = LINE('',#2941,#2942);
#2941 = CARTESIAN_POINT('',(-2.54,-1.9,11.125));
#2942 = VECTOR('',#2943,1.);
#2943 = DIRECTION('',(1.,0.,0.));
#2944 = ORIENTED_EDGE('',*,*,#2945,.T.);
#2945 = EDGE_CURVE('',#2938,#2915,#2946,.T.);
#2946 = LINE('',#2947,#2948);
#2947 = CARTESIAN_POINT('',(-2.44,-0.725,11.125));
#2948 = VECTOR('',#2949,1.);
#2949 = DIRECTION('',(0.,1.,0.));
#2950 = ORIENTED_EDGE('',*,*,#2914,.F.);
#2951 = PLANE('',#2952);
#2952 = AXIS2_PLACEMENT_3D('',#2953,#2954,#2955);
#2953 = CARTESIAN_POINT('',(-2.54,-0.725,11.125));
#2954 = DIRECTION('',(0.,0.,1.));
#2955 = DIRECTION('',(0.,-1.,0.));
#2956 = ADVANCED_FACE('',(#2957),#2975,.T.);
#2957 = FACE_BOUND('',#2958,.T.);
#2958 = EDGE_LOOP('',(#2959,#2960,#2961,#2969));
#2959 = ORIENTED_EDGE('',*,*,#2937,.F.);
#2960 = ORIENTED_EDGE('',*,*,#2628,.F.);
#2961 = ORIENTED_EDGE('',*,*,#2962,.T.);
#2962 = EDGE_CURVE('',#2621,#2963,#2965,.T.);
#2963 = VERTEX_POINT('',#2964);
#2964 = CARTESIAN_POINT('',(-2.44,-2.1,10.925));
#2965 = LINE('',#2966,#2967);
#2966 = CARTESIAN_POINT('',(-2.54,-2.1,10.925));
#2967 = VECTOR('',#2968,1.);
#2968 = DIRECTION('',(1.,0.,0.));
#2969 = ORIENTED_EDGE('',*,*,#2970,.T.);
#2970 = EDGE_CURVE('',#2963,#2938,#2971,.T.);
#2971 = LINE('',#2972,#2973);
#2972 = CARTESIAN_POINT('',(-2.44,-2.,11.025));
#2973 = VECTOR('',#2974,1.);
#2974 = DIRECTION('',(0.,0.707106781187,0.707106781187));
#2975 = PLANE('',#2976);
#2976 = AXIS2_PLACEMENT_3D('',#2977,#2978,#2979);
#2977 = CARTESIAN_POINT('',(-2.54,-2.,11.025));
#2978 = DIRECTION('',(0.,-0.707106781187,0.707106781187));
#2979 = DIRECTION('',(0.,-0.707106781187,-0.707106781187));
#2980 = ADVANCED_FACE('',(#2981),#2999,.F.);
#2981 = FACE_BOUND('',#2982,.T.);
#2982 = EDGE_LOOP('',(#2983,#2991,#2992,#2993));
#2983 = ORIENTED_EDGE('',*,*,#2984,.F.);
#2984 = EDGE_CURVE('',#2963,#2985,#2987,.T.);
#2985 = VERTEX_POINT('',#2986);
#2986 = CARTESIAN_POINT('',(-2.44,-2.1,10.7));
#2987 = LINE('',#2988,#2989);
#2988 = CARTESIAN_POINT('',(-2.44,-2.1,10.9125));
#2989 = VECTOR('',#2990,1.);
#2990 = DIRECTION('',(-0.,-0.,-1.));
#2991 = ORIENTED_EDGE('',*,*,#2962,.F.);
#2992 = ORIENTED_EDGE('',*,*,#2620,.F.);
#2993 = ORIENTED_EDGE('',*,*,#2994,.F.);
#2994 = EDGE_CURVE('',#2985,#2613,#2995,.T.);
#2995 = LINE('',#2996,#2997);
#2996 = CARTESIAN_POINT('',(-2.54,-2.1,10.7));
#2997 = VECTOR('',#2998,1.);
#2998 = DIRECTION('',(-1.,-0.,-0.));
#2999 = PLANE('',#3000);
#3000 = AXIS2_PLACEMENT_3D('',#3001,#3002,#3003);
#3001 = CARTESIAN_POINT('',(-2.54,-2.1,10.9125));
#3002 = DIRECTION('',(0.,1.,0.));
#3003 = DIRECTION('',(0.,-0.,1.));
#3004 = ADVANCED_FACE('',(#3005),#3016,.T.);
#3005 = FACE_BOUND('',#3006,.T.);
#3006 = EDGE_LOOP('',(#3007,#3008,#3009,#3010));
#3007 = ORIENTED_EDGE('',*,*,#2994,.T.);
#3008 = ORIENTED_EDGE('',*,*,#2612,.F.);
#3009 = ORIENTED_EDGE('',*,*,#2390,.T.);
#3010 = ORIENTED_EDGE('',*,*,#3011,.T.);
#3011 = EDGE_CURVE('',#2382,#2985,#3012,.T.);
#3012 = LINE('',#3013,#3014);
#3013 = CARTESIAN_POINT('',(-2.44,-3.2,10.7));
#3014 = VECTOR('',#3015,1.);
#3015 = DIRECTION('',(0.,1.,0.));
#3016 = PLANE('',#3017);
#3017 = AXIS2_PLACEMENT_3D('',#3018,#3019,#3020);
#3018 = CARTESIAN_POINT('',(-2.54,-3.2,10.7));
#3019 = DIRECTION('',(0.,0.,1.));
#3020 = DIRECTION('',(0.,-1.,0.));
#3021 = ADVANCED_FACE('',(#3022),#3040,.F.);
#3022 = FACE_BOUND('',#3023,.T.);
#3023 = EDGE_LOOP('',(#3024,#3032,#3033,#3034));
#3024 = ORIENTED_EDGE('',*,*,#3025,.F.);
#3025 = EDGE_CURVE('',#2339,#3026,#3028,.T.);
#3026 = VERTEX_POINT('',#3027);
#3027 = CARTESIAN_POINT('',(-2.44,-2.1,9.7));
#3028 = LINE('',#3029,#3030);
#3029 = CARTESIAN_POINT('',(-2.44,-2.125,9.7));
#3030 = VECTOR('',#3031,1.);
#3031 = DIRECTION('',(0.,1.,0.));
#3032 = ORIENTED_EDGE('',*,*,#2366,.F.);
#3033 = ORIENTED_EDGE('',*,*,#2604,.F.);
#3034 = ORIENTED_EDGE('',*,*,#3035,.F.);
#3035 = EDGE_CURVE('',#3026,#2597,#3036,.T.);
#3036 = LINE('',#3037,#3038);
#3037 = CARTESIAN_POINT('',(-2.54,-2.1,9.7));
#3038 = VECTOR('',#3039,1.);
#3039 = DIRECTION('',(-1.,-0.,-0.));
#3040 = PLANE('',#3041);
#3041 = AXIS2_PLACEMENT_3D('',#3042,#3043,#3044);
#3042 = CARTESIAN_POINT('',(-2.54,-2.125,9.7));
#3043 = DIRECTION('',(0.,0.,1.));
#3044 = DIRECTION('',(0.,-1.,0.));
#3045 = ADVANCED_FACE('',(#3046),#3064,.T.);
#3046 = FACE_BOUND('',#3047,.T.);
#3047 = EDGE_LOOP('',(#3048,#3049,#3050,#3058));
#3048 = ORIENTED_EDGE('',*,*,#3035,.T.);
#3049 = ORIENTED_EDGE('',*,*,#2596,.F.);
#3050 = ORIENTED_EDGE('',*,*,#3051,.T.);
#3051 = EDGE_CURVE('',#2589,#3052,#3054,.T.);
#3052 = VERTEX_POINT('',#3053);
#3053 = CARTESIAN_POINT('',(-2.44,-2.1,8.575));
#3054 = LINE('',#3055,#3056);
#3055 = CARTESIAN_POINT('',(-2.54,-2.1,8.575));
#3056 = VECTOR('',#3057,1.);
#3057 = DIRECTION('',(1.,0.,0.));
#3058 = ORIENTED_EDGE('',*,*,#3059,.T.);
#3059 = EDGE_CURVE('',#3052,#3026,#3060,.T.);
#3060 = LINE('',#3061,#3062);
#3061 = CARTESIAN_POINT('',(-2.44,-2.1,9.0375));
#3062 = VECTOR('',#3063,1.);
#3063 = DIRECTION('',(0.,0.,1.));
#3064 = PLANE('',#3065);
#3065 = AXIS2_PLACEMENT_3D('',#3066,#3067,#3068);
#3066 = CARTESIAN_POINT('',(-2.54,-2.1,9.0375));
#3067 = DIRECTION('',(0.,-1.,0.));
#3068 = DIRECTION('',(0.,0.,-1.));
#3069 = ADVANCED_FACE('',(#3070),#3088,.T.);
#3070 = FACE_BOUND('',#3071,.T.);
#3071 = EDGE_LOOP('',(#3072,#3073,#3074,#3082));
#3072 = ORIENTED_EDGE('',*,*,#3051,.F.);
#3073 = ORIENTED_EDGE('',*,*,#2588,.F.);
#3074 = ORIENTED_EDGE('',*,*,#3075,.T.);
#3075 = EDGE_CURVE('',#2581,#3076,#3078,.T.);
#3076 = VERTEX_POINT('',#3077);
#3077 = CARTESIAN_POINT('',(-2.44,-1.9,8.375));
#3078 = LINE('',#3079,#3080);
#3079 = CARTESIAN_POINT('',(-2.54,-1.9,8.375));
#3080 = VECTOR('',#3081,1.);
#3081 = DIRECTION('',(1.,0.,0.));
#3082 = ORIENTED_EDGE('',*,*,#3083,.T.);
#3083 = EDGE_CURVE('',#3076,#3052,#3084,.T.);
#3084 = LINE('',#3085,#3086);
#3085 = CARTESIAN_POINT('',(-2.44,-2.,8.475));
#3086 = VECTOR('',#3087,1.);
#3087 = DIRECTION('',(0.,-0.707106781187,0.707106781187));
#3088 = PLANE('',#3089);
#3089 = AXIS2_PLACEMENT_3D('',#3090,#3091,#3092);
#3090 = CARTESIAN_POINT('',(-2.54,-2.,8.475));
#3091 = DIRECTION('',(0.,-0.707106781187,-0.707106781187));
#3092 = DIRECTION('',(0.,0.707106781187,-0.707106781187));
#3093 = ADVANCED_FACE('',(#3094),#3112,.T.);
#3094 = FACE_BOUND('',#3095,.T.);
#3095 = EDGE_LOOP('',(#3096,#3104,#3105,#3106));
#3096 = ORIENTED_EDGE('',*,*,#3097,.T.);
#3097 = EDGE_CURVE('',#3098,#3076,#3100,.T.);
#3098 = VERTEX_POINT('',#3099);
#3099 = CARTESIAN_POINT('',(-2.44,0.6,8.375));
#3100 = LINE('',#3101,#3102);
#3101 = CARTESIAN_POINT('',(-2.44,-0.725,8.375));
#3102 = VECTOR('',#3103,1.);
#3103 = DIRECTION('',(-0.,-1.,-0.));
#3104 = ORIENTED_EDGE('',*,*,#3075,.F.);
#3105 = ORIENTED_EDGE('',*,*,#2580,.F.);
#3106 = ORIENTED_EDGE('',*,*,#3107,.T.);
#3107 = EDGE_CURVE('',#2573,#3098,#3108,.T.);
#3108 = LINE('',#3109,#3110);
#3109 = CARTESIAN_POINT('',(-2.54,0.6,8.375));
#3110 = VECTOR('',#3111,1.);
#3111 = DIRECTION('',(1.,0.,0.));
#3112 = PLANE('',#3113);
#3113 = AXIS2_PLACEMENT_3D('',#3114,#3115,#3116);
#3114 = CARTESIAN_POINT('',(-2.54,-0.725,8.375));
#3115 = DIRECTION('',(0.,0.,-1.));
#3116 = DIRECTION('',(0.,1.,0.));
#3117 = ADVANCED_FACE('',(#3118),#3136,.T.);
#3118 = FACE_BOUND('',#3119,.T.);
#3119 = EDGE_LOOP('',(#3120,#3121,#3122,#3130));
#3120 = ORIENTED_EDGE('',*,*,#3107,.F.);
#3121 = ORIENTED_EDGE('',*,*,#2572,.F.);
#3122 = ORIENTED_EDGE('',*,*,#3123,.T.);
#3123 = EDGE_CURVE('',#2565,#3124,#3126,.T.);
#3124 = VERTEX_POINT('',#3125);
#3125 = CARTESIAN_POINT('',(-2.44,0.903620602558,8.275));
#3126 = LINE('',#3127,#3128);
#3127 = CARTESIAN_POINT('',(-2.54,0.903620602558,8.275));
#3128 = VECTOR('',#3129,1.);
#3129 = DIRECTION('',(1.,0.,0.));
#3130 = ORIENTED_EDGE('',*,*,#3131,.T.);
#3131 = EDGE_CURVE('',#3124,#3098,#3132,.T.);
#3132 = LINE('',#3133,#3134);
#3133 = CARTESIAN_POINT('',(-2.44,0.751810301279,8.325));
#3134 = VECTOR('',#3135,1.);
#3135 = DIRECTION('',(0.,-0.949809838342,0.312827861594));
#3136 = PLANE('',#3137);
#3137 = AXIS2_PLACEMENT_3D('',#3138,#3139,#3140);
#3138 = CARTESIAN_POINT('',(-2.54,0.751810301279,8.325));
#3139 = DIRECTION('',(0.,-0.312827861594,-0.949809838342));
#3140 = DIRECTION('',(0.,0.949809838342,-0.312827861594));
#3141 = ADVANCED_FACE('',(#3142),#3160,.T.);
#3142 = FACE_BOUND('',#3143,.T.);
#3143 = EDGE_LOOP('',(#3144,#3145,#3146,#3154));
#3144 = ORIENTED_EDGE('',*,*,#3123,.F.);
#3145 = ORIENTED_EDGE('',*,*,#2564,.F.);
#3146 = ORIENTED_EDGE('',*,*,#3147,.T.);
#3147 = EDGE_CURVE('',#2557,#3148,#3150,.T.);
#3148 = VERTEX_POINT('',#3149);
#3149 = CARTESIAN_POINT('',(-2.44,1.1,8.275));
#3150 = LINE('',#3151,#3152);
#3151 = CARTESIAN_POINT('',(-2.54,1.1,8.275));
#3152 = VECTOR('',#3153,1.);
#3153 = DIRECTION('',(1.,0.,0.));
#3154 = ORIENTED_EDGE('',*,*,#3155,.T.);
#3155 = EDGE_CURVE('',#3148,#3124,#3156,.T.);
#3156 = LINE('',#3157,#3158);
#3157 = CARTESIAN_POINT('',(-2.44,1.001810301279,8.275));
#3158 = VECTOR('',#3159,1.);
#3159 = DIRECTION('',(-0.,-1.,-0.));
#3160 = PLANE('',#3161);
#3161 = AXIS2_PLACEMENT_3D('',#3162,#3163,#3164);
#3162 = CARTESIAN_POINT('',(-2.54,1.001810301279,8.275));
#3163 = DIRECTION('',(0.,0.,-1.));
#3164 = DIRECTION('',(0.,1.,0.));
#3165 = ADVANCED_FACE('',(#3166),#3184,.T.);
#3166 = FACE_BOUND('',#3167,.T.);
#3167 = EDGE_LOOP('',(#3168,#3169,#3170,#3178));
#3168 = ORIENTED_EDGE('',*,*,#3147,.F.);
#3169 = ORIENTED_EDGE('',*,*,#2556,.F.);
#3170 = ORIENTED_EDGE('',*,*,#3171,.T.);
#3171 = EDGE_CURVE('',#2548,#3172,#3174,.T.);
#3172 = VERTEX_POINT('',#3173);
#3173 = CARTESIAN_POINT('',(-2.44,1.1,8.375));
#3174 = LINE('',#3175,#3176);
#3175 = CARTESIAN_POINT('',(-2.54,1.1,8.375));
#3176 = VECTOR('',#3177,1.);
#3177 = DIRECTION('',(1.,0.,0.));
#3178 = ORIENTED_EDGE('',*,*,#3179,.T.);
#3179 = EDGE_CURVE('',#3172,#3148,#3180,.T.);
#3180 = LINE('',#3181,#3182);
#3181 = CARTESIAN_POINT('',(-2.44,1.1,8.325));
#3182 = VECTOR('',#3183,1.);
#3183 = DIRECTION('',(-0.,-0.,-1.));
#3184 = PLANE('',#3185);
#3185 = AXIS2_PLACEMENT_3D('',#3186,#3187,#3188);
#3186 = CARTESIAN_POINT('',(-2.54,1.1,8.325));
#3187 = DIRECTION('',(0.,1.,0.));
#3188 = DIRECTION('',(0.,-0.,1.));
#3189 = ADVANCED_FACE('',(#3190),#3209,.F.);
#3190 = FACE_BOUND('',#3191,.F.);
#3191 = EDGE_LOOP('',(#3192,#3201,#3207,#3208));
#3192 = ORIENTED_EDGE('',*,*,#3193,.T.);
#3193 = EDGE_CURVE('',#3172,#3194,#3196,.T.);
#3194 = VERTEX_POINT('',#3195);
#3195 = CARTESIAN_POINT('',(-2.44,1.274535599252,8.441666666665));
#3196 = CIRCLE('',#3197,0.1);
#3197 = AXIS2_PLACEMENT_3D('',#3198,#3199,#3200);
#3198 = CARTESIAN_POINT('',(-2.44,1.2,8.375));
#3199 = DIRECTION('',(-1.,0.,0.));
#3200 = DIRECTION('',(0.,1.,0.));
#3201 = ORIENTED_EDGE('',*,*,#3202,.T.);
#3202 = EDGE_CURVE('',#3194,#2539,#3203,.T.);
#3203 = LINE('',#3204,#3205);
#3204 = CARTESIAN_POINT('',(-2.54,1.274535599254,8.441666666663));
#3205 = VECTOR('',#3206,1.);
#3206 = DIRECTION('',(-1.,-0.,-0.));
#3207 = ORIENTED_EDGE('',*,*,#2547,.T.);
#3208 = ORIENTED_EDGE('',*,*,#3171,.T.);
#3209 = CYLINDRICAL_SURFACE('',#3210,0.1);
#3210 = AXIS2_PLACEMENT_3D('',#3211,#3212,#3213);
#3211 = CARTESIAN_POINT('',(-2.54,1.2,8.375));
#3212 = DIRECTION('',(1.,0.,0.));
#3213 = DIRECTION('',(-0.,1.,0.));
#3214 = ADVANCED_FACE('',(#3215),#3234,.T.);
#3215 = FACE_BOUND('',#3216,.T.);
#3216 = EDGE_LOOP('',(#3217,#3218,#3219,#3227));
#3217 = ORIENTED_EDGE('',*,*,#3202,.T.);
#3218 = ORIENTED_EDGE('',*,*,#2538,.F.);
#3219 = ORIENTED_EDGE('',*,*,#3220,.T.);
#3220 = EDGE_CURVE('',#2531,#3221,#3223,.T.);
#3221 = VERTEX_POINT('',#3222);
#3222 = CARTESIAN_POINT('',(-2.44,1.42360679775,8.375));
#3223 = LINE('',#3224,#3225);
#3224 = CARTESIAN_POINT('',(3.667795359511,1.42360679775,8.375));
#3225 = VECTOR('',#3226,1.);
#3226 = DIRECTION('',(1.,0.,0.));
#3227 = ORIENTED_EDGE('',*,*,#3228,.T.);
#3228 = EDGE_CURVE('',#3221,#3194,#3229,.T.);
#3229 = CIRCLE('',#3230,0.2);
#3230 = AXIS2_PLACEMENT_3D('',#3231,#3232,#3233);
#3231 = CARTESIAN_POINT('',(-2.44,1.42360679775,8.575));
#3232 = DIRECTION('',(-1.,0.,0.));
#3233 = DIRECTION('',(0.,-1.,0.));
#3234 = CYLINDRICAL_SURFACE('',#3235,0.2);
#3235 = AXIS2_PLACEMENT_3D('',#3236,#3237,#3238);
#3236 = CARTESIAN_POINT('',(3.667795359511,1.42360679775,8.575));
#3237 = DIRECTION('',(-1.,0.,0.));
#3238 = DIRECTION('',(0.,-1.,0.));
#3239 = ADVANCED_FACE('',(#3240),#3292,.T.);
#3240 = FACE_BOUND('',#3241,.T.);
#3241 = EDGE_LOOP('',(#3242,#3250,#3251,#3252,#3261,#3269,#3277,#3285));
#3242 = ORIENTED_EDGE('',*,*,#3243,.T.);
#3243 = EDGE_CURVE('',#3244,#3221,#3246,.T.);
#3244 = VERTEX_POINT('',#3245);
#3245 = CARTESIAN_POINT('',(-2.44,2.15,8.375));
#3246 = LINE('',#3247,#3248);
#3247 = CARTESIAN_POINT('',(-2.44,2.,8.375));
#3248 = VECTOR('',#3249,1.);
#3249 = DIRECTION('',(-0.,-1.,-0.));
#3250 = ORIENTED_EDGE('',*,*,#3220,.F.);
#3251 = ORIENTED_EDGE('',*,*,#2530,.F.);
#3252 = ORIENTED_EDGE('',*,*,#3253,.T.);
#3253 = EDGE_CURVE('',#2523,#3254,#3256,.T.);
#3254 = VERTEX_POINT('',#3255);
#3255 = CARTESIAN_POINT('',(-2.34,2.45,8.375));
#3256 = CIRCLE('',#3257,0.3);
#3257 = AXIS2_PLACEMENT_3D('',#3258,#3259,#3260);
#3258 = CARTESIAN_POINT('',(-2.34,2.15,8.375));
#3259 = DIRECTION('',(-0.,-0.,-1.));
#3260 = DIRECTION('',(0.,-1.,0.));
#3261 = ORIENTED_EDGE('',*,*,#3262,.T.);
#3262 = EDGE_CURVE('',#3254,#3263,#3265,.T.);
#3263 = VERTEX_POINT('',#3264);
#3264 = CARTESIAN_POINT('',(-2.247079632679,2.45,8.375));
#3265 = LINE('',#3266,#3267);
#3266 = CARTESIAN_POINT('',(-2.747079632679,2.45,8.375));
#3267 = VECTOR('',#3268,1.);
#3268 = DIRECTION('',(1.,0.,0.));
#3269 = ORIENTED_EDGE('',*,*,#3270,.T.);
#3270 = EDGE_CURVE('',#3263,#3271,#3273,.T.);
#3271 = VERTEX_POINT('',#3272);
#3272 = CARTESIAN_POINT('',(-2.247079632679,2.25,8.375));
#3273 = LINE('',#3274,#3275);
#3274 = CARTESIAN_POINT('',(-2.247079632679,2.35,8.375));
#3275 = VECTOR('',#3276,1.);
#3276 = DIRECTION('',(-0.,-1.,-0.));
#3277 = ORIENTED_EDGE('',*,*,#3278,.T.);
#3278 = EDGE_CURVE('',#3271,#3279,#3281,.T.);
#3279 = VERTEX_POINT('',#3280);
#3280 = CARTESIAN_POINT('',(-2.34,2.25,8.375));
#3281 = LINE('',#3282,#3283);
#3282 = CARTESIAN_POINT('',(-2.747079632679,2.25,8.375));
#3283 = VECTOR('',#3284,1.);
#3284 = DIRECTION('',(-1.,-0.,-0.));
#3285 = ORIENTED_EDGE('',*,*,#3286,.T.);
#3286 = EDGE_CURVE('',#3279,#3244,#3287,.T.);
#3287 = CIRCLE('',#3288,1.E-01);
#3288 = AXIS2_PLACEMENT_3D('',#3289,#3290,#3291);
#3289 = CARTESIAN_POINT('',(-2.34,2.15,8.375));
#3290 = DIRECTION('',(0.,0.,1.));
#3291 = DIRECTION('',(0.,-1.,0.));
#3292 = PLANE('',#3293);
#3293 = AXIS2_PLACEMENT_3D('',#3294,#3295,#3296);
#3294 = CARTESIAN_POINT('',(-2.54,2.,8.375));
#3295 = DIRECTION('',(0.,0.,-1.));
#3296 = DIRECTION('',(0.,1.,0.));
#3297 = ADVANCED_FACE('',(#3298),#3350,.F.);
#3298 = FACE_BOUND('',#3299,.T.);
#3299 = EDGE_LOOP('',(#3300,#3309,#3310,#3319,#3327,#3335,#3344));
#3300 = ORIENTED_EDGE('',*,*,#3301,.F.);
#3301 = EDGE_CURVE('',#2515,#3302,#3304,.T.);
#3302 = VERTEX_POINT('',#3303);
#3303 = CARTESIAN_POINT('',(-2.389999999999,2.445803989156,9.175));
#3304 = CIRCLE('',#3305,0.3);
#3305 = AXIS2_PLACEMENT_3D('',#3306,#3307,#3308);
#3306 = CARTESIAN_POINT('',(-2.34,2.15,9.175));
#3307 = DIRECTION('',(-0.,0.,-1.));
#3308 = DIRECTION('',(-1.445602896647E-15,-1.,0.));
#3309 = ORIENTED_EDGE('',*,*,#2514,.F.);
#3310 = ORIENTED_EDGE('',*,*,#3311,.F.);
#3311 = EDGE_CURVE('',#3312,#2507,#3314,.T.);
#3312 = VERTEX_POINT('',#3313);
#3313 = CARTESIAN_POINT('',(-2.444470748667,-0.985187932185,9.175));
#3314 = CIRCLE('',#3315,0.55);
#3315 = AXIS2_PLACEMENT_3D('',#3316,#3317,#3318);
#3316 = CARTESIAN_POINT('',(-2.09,-1.405723885867,9.175));
#3317 = DIRECTION('',(0.,0.,1.));
#3318 = DIRECTION('',(0.,-1.,0.));
#3319 = ORIENTED_EDGE('',*,*,#3320,.F.);
#3320 = EDGE_CURVE('',#3321,#3312,#3323,.T.);
#3321 = VERTEX_POINT('',#3322);
#3322 = CARTESIAN_POINT('',(-2.44,-0.981419527574,9.175));
#3323 = LINE('',#3324,#3325);
#3324 = CARTESIAN_POINT('',(-2.44,-0.981419527574,9.175));
#3325 = VECTOR('',#3326,1.);
#3326 = DIRECTION('',(-0.764610824927,-0.644492270245,0.));
#3327 = ORIENTED_EDGE('',*,*,#3328,.F.);
#3328 = EDGE_CURVE('',#3329,#3321,#3331,.T.);
#3329 = VERTEX_POINT('',#3330);
#3330 = CARTESIAN_POINT('',(-2.44,2.15,9.175));
#3331 = LINE('',#3332,#3333);
#3332 = CARTESIAN_POINT('',(-2.44,2.279099444874,9.175));
#3333 = VECTOR('',#3334,1.);
#3334 = DIRECTION('',(-0.,-1.,-0.));
#3335 = ORIENTED_EDGE('',*,*,#3336,.F.);
#3336 = EDGE_CURVE('',#3337,#3329,#3339,.T.);
#3337 = VERTEX_POINT('',#3338);
#3338 = CARTESIAN_POINT('',(-2.356666666666,2.248601329718,9.175));
#3339 = CIRCLE('',#3340,1.E-01);
#3340 = AXIS2_PLACEMENT_3D('',#3341,#3342,#3343);
#3341 = CARTESIAN_POINT('',(-2.34,2.15,9.175));
#3342 = DIRECTION('',(0.,0.,1.));
#3343 = DIRECTION('',(0.,-1.,0.));
#3344 = ORIENTED_EDGE('',*,*,#3345,.F.);
#3345 = EDGE_CURVE('',#3302,#3337,#3346,.T.);
#3346 = LINE('',#3347,#3348);
#3347 = CARTESIAN_POINT('',(-2.389999999999,2.445803989155,9.175));
#3348 = VECTOR('',#3349,1.);
#3349 = DIRECTION('',(0.166666666665,-0.986013297184,0.));
#3350 = PLANE('',#3351);
#3351 = AXIS2_PLACEMENT_3D('',#3352,#3353,#3354);
#3352 = CARTESIAN_POINT('',(-2.492752523165,2.279099444874,9.175));
#3353 = DIRECTION('',(0.,0.,-1.));
#3354 = DIRECTION('',(0.,1.,0.));
#3355 = ADVANCED_FACE('',(#3356),#3375,.T.);
#3356 = FACE_BOUND('',#3357,.T.);
#3357 = EDGE_LOOP('',(#3358,#3366,#3367,#3368));
#3358 = ORIENTED_EDGE('',*,*,#3359,.T.);
#3359 = EDGE_CURVE('',#3360,#3312,#3362,.T.);
#3360 = VERTEX_POINT('',#3361);
#3361 = CARTESIAN_POINT('',(-2.444470748699,-0.985187932212,10.325));
#3362 = LINE('',#3363,#3364);
#3363 = CARTESIAN_POINT('',(-2.444470748699,-0.985187932212,9.175));
#3364 = VECTOR('',#3365,1.);
#3365 = DIRECTION('',(-0.,-0.,-1.));
#3366 = ORIENTED_EDGE('',*,*,#3311,.T.);
#3367 = ORIENTED_EDGE('',*,*,#2506,.F.);
#3368 = ORIENTED_EDGE('',*,*,#3369,.T.);
#3369 = EDGE_CURVE('',#2498,#3360,#3370,.T.);
#3370 = CIRCLE('',#3371,0.55);
#3371 = AXIS2_PLACEMENT_3D('',#3372,#3373,#3374);
#3372 = CARTESIAN_POINT('',(-2.09,-1.405723885867,10.325));
#3373 = DIRECTION('',(-0.,-0.,-1.));
#3374 = DIRECTION('',(0.,-1.,0.));
#3375 = CYLINDRICAL_SURFACE('',#3376,0.55);
#3376 = AXIS2_PLACEMENT_3D('',#3377,#3378,#3379);
#3377 = CARTESIAN_POINT('',(-2.09,-1.405723885867,9.175));
#3378 = DIRECTION('',(0.,0.,1.));
#3379 = DIRECTION('',(0.,-1.,0.));
#3380 = ADVANCED_FACE('',(#3381),#3400,.F.);
#3381 = FACE_BOUND('',#3382,.F.);
#3382 = EDGE_LOOP('',(#3383,#3384,#3385,#3393));
#3383 = ORIENTED_EDGE('',*,*,#2735,.F.);
#3384 = ORIENTED_EDGE('',*,*,#2497,.T.);
#3385 = ORIENTED_EDGE('',*,*,#3386,.T.);
#3386 = EDGE_CURVE('',#2498,#3387,#3389,.T.);
#3387 = VERTEX_POINT('',#3388);
#3388 = CARTESIAN_POINT('',(-2.44,-1.405723885867,10.325));
#3389 = LINE('',#3390,#3391);
#3390 = CARTESIAN_POINT('',(-2.44,-1.405723885867,10.325));
#3391 = VECTOR('',#3392,1.);
#3392 = DIRECTION('',(1.,0.,0.));
#3393 = ORIENTED_EDGE('',*,*,#3394,.T.);
#3394 = EDGE_CURVE('',#3387,#2728,#3395,.T.);
#3395 = CIRCLE('',#3396,0.15);
#3396 = AXIS2_PLACEMENT_3D('',#3397,#3398,#3399);
#3397 = CARTESIAN_POINT('',(-2.44,-1.405723885867,10.475));
#3398 = DIRECTION('',(-1.,0.,0.));
#3399 = DIRECTION('',(0.,1.,0.));
#3400 = CYLINDRICAL_SURFACE('',#3401,0.15);
#3401 = AXIS2_PLACEMENT_3D('',#3402,#3403,#3404);
#3402 = CARTESIAN_POINT('',(-2.44,-1.405723885867,10.475));
#3403 = DIRECTION('',(1.,0.,0.));
#3404 = DIRECTION('',(-0.,1.,0.));
#3405 = ADVANCED_FACE('',(#3406),#3431,.T.);
#3406 = FACE_BOUND('',#3407,.T.);
#3407 = EDGE_LOOP('',(#3408,#3409,#3417,#3425));
#3408 = ORIENTED_EDGE('',*,*,#2710,.T.);
#3409 = ORIENTED_EDGE('',*,*,#3410,.T.);
#3410 = EDGE_CURVE('',#2702,#3411,#3413,.T.);
#3411 = VERTEX_POINT('',#3412);
#3412 = CARTESIAN_POINT('',(-2.39,2.445803989155,10.325));
#3413 = LINE('',#3414,#3415);
#3414 = CARTESIAN_POINT('',(-2.39,2.445803989155,9.75));
#3415 = VECTOR('',#3416,1.);
#3416 = DIRECTION('',(-0.,-0.,-1.));
#3417 = ORIENTED_EDGE('',*,*,#3418,.T.);
#3418 = EDGE_CURVE('',#3411,#3419,#3421,.T.);
#3419 = VERTEX_POINT('',#3420);
#3420 = CARTESIAN_POINT('',(-2.39,2.236602540378,10.325));
#3421 = LINE('',#3422,#3423);
#3422 = CARTESIAN_POINT('',(-2.39,2.45,10.325));
#3423 = VECTOR('',#3424,1.);
#3424 = DIRECTION('',(0.,-1.,0.));
#3425 = ORIENTED_EDGE('',*,*,#3426,.T.);
#3426 = EDGE_CURVE('',#3419,#2711,#3427,.T.);
#3427 = LINE('',#3428,#3429);
#3428 = CARTESIAN_POINT('',(-2.39,2.236602540379,9.75));
#3429 = VECTOR('',#3430,1.);
#3430 = DIRECTION('',(0.,0.,1.));
#3431 = PLANE('',#3432);
#3432 = AXIS2_PLACEMENT_3D('',#3433,#3434,#3435);
#3433 = CARTESIAN_POINT('',(-2.39,2.45,9.75));
#3434 = DIRECTION('',(-1.,0.,0.));
#3435 = DIRECTION('',(0.,-1.,0.));
#3436 = ADVANCED_FACE('',(#3437),#3490,.F.);
#3437 = FACE_BOUND('',#3438,.T.);
#3438 = EDGE_LOOP('',(#3439,#3440,#3441,#3442,#3443,#3444,#3445,#3446,
    #3447,#3448,#3449,#3450,#3451,#3452,#3453,#3454,#3455,#3456,#3457,
    #3458,#3459,#3460,#3461,#3467,#3468,#3476,#3482,#3483,#3484));
#3439 = ORIENTED_EDGE('',*,*,#2758,.F.);
#3440 = ORIENTED_EDGE('',*,*,#2824,.F.);
#3441 = ORIENTED_EDGE('',*,*,#2841,.T.);
#3442 = ORIENTED_EDGE('',*,*,#2874,.F.);
#3443 = ORIENTED_EDGE('',*,*,#2898,.F.);
#3444 = ORIENTED_EDGE('',*,*,#2922,.F.);
#3445 = ORIENTED_EDGE('',*,*,#2945,.F.);
#3446 = ORIENTED_EDGE('',*,*,#2970,.F.);
#3447 = ORIENTED_EDGE('',*,*,#2984,.T.);
#3448 = ORIENTED_EDGE('',*,*,#3011,.F.);
#3449 = ORIENTED_EDGE('',*,*,#2381,.F.);
#3450 = ORIENTED_EDGE('',*,*,#2338,.F.);
#3451 = ORIENTED_EDGE('',*,*,#3025,.T.);
#3452 = ORIENTED_EDGE('',*,*,#3059,.F.);
#3453 = ORIENTED_EDGE('',*,*,#3083,.F.);
#3454 = ORIENTED_EDGE('',*,*,#3097,.F.);
#3455 = ORIENTED_EDGE('',*,*,#3131,.F.);
#3456 = ORIENTED_EDGE('',*,*,#3155,.F.);
#3457 = ORIENTED_EDGE('',*,*,#3179,.F.);
#3458 = ORIENTED_EDGE('',*,*,#3193,.T.);
#3459 = ORIENTED_EDGE('',*,*,#3228,.F.);
#3460 = ORIENTED_EDGE('',*,*,#3243,.F.);
#3461 = ORIENTED_EDGE('',*,*,#3462,.F.);
#3462 = EDGE_CURVE('',#3329,#3244,#3463,.T.);
#3463 = LINE('',#3464,#3465);
#3464 = CARTESIAN_POINT('',(-2.44,2.15,9.75));
#3465 = VECTOR('',#3466,1.);
#3466 = DIRECTION('',(-0.,-0.,-1.));
#3467 = ORIENTED_EDGE('',*,*,#3328,.T.);
#3468 = ORIENTED_EDGE('',*,*,#3469,.F.);
#3469 = EDGE_CURVE('',#3470,#3321,#3472,.T.);
#3470 = VERTEX_POINT('',#3471);
#3471 = CARTESIAN_POINT('',(-2.44,-1.405723885867,9.175));
#3472 = LINE('',#3473,#3474);
#3473 = CARTESIAN_POINT('',(-2.44,-2.05,9.175));
#3474 = VECTOR('',#3475,1.);
#3475 = DIRECTION('',(0.,1.,0.));
#3476 = ORIENTED_EDGE('',*,*,#3477,.F.);
#3477 = EDGE_CURVE('',#3387,#3470,#3478,.T.);
#3478 = LINE('',#3479,#3480);
#3479 = CARTESIAN_POINT('',(-2.44,-1.405723885867,9.75));
#3480 = VECTOR('',#3481,1.);
#3481 = DIRECTION('',(-0.,-0.,-1.));
#3482 = ORIENTED_EDGE('',*,*,#3394,.T.);
#3483 = ORIENTED_EDGE('',*,*,#2727,.T.);
#3484 = ORIENTED_EDGE('',*,*,#3485,.F.);
#3485 = EDGE_CURVE('',#2759,#2719,#3486,.T.);
#3486 = LINE('',#3487,#3488);
#3487 = CARTESIAN_POINT('',(-2.44,2.15,9.75));
#3488 = VECTOR('',#3489,1.);
#3489 = DIRECTION('',(-0.,-0.,-1.));
#3490 = PLANE('',#3491);
#3491 = AXIS2_PLACEMENT_3D('',#3492,#3493,#3494);
#3492 = CARTESIAN_POINT('',(-2.44,-2.05,9.75));
#3493 = DIRECTION('',(-1.,0.,0.));
#3494 = DIRECTION('',(0.,-1.,0.));
#3495 = ADVANCED_FACE('',(#3496),#3519,.T.);
#3496 = FACE_BOUND('',#3497,.T.);
#3497 = EDGE_LOOP('',(#3498,#3506,#3512,#3513));
#3498 = ORIENTED_EDGE('',*,*,#3499,.T.);
#3499 = EDGE_CURVE('',#3500,#3411,#3502,.T.);
#3500 = VERTEX_POINT('',#3501);
#3501 = CARTESIAN_POINT('',(-2.356666666666,2.248601329718,10.325));
#3502 = LINE('',#3503,#3504);
#3503 = CARTESIAN_POINT('',(-2.373333333333,2.347202659437,10.325));
#3504 = VECTOR('',#3505,1.);
#3505 = DIRECTION('',(-0.166666666667,0.986013297183,0.));
#3506 = ORIENTED_EDGE('',*,*,#3507,.T.);
#3507 = EDGE_CURVE('',#3411,#3302,#3508,.T.);
#3508 = LINE('',#3509,#3510);
#3509 = CARTESIAN_POINT('',(-2.39,2.445803989156,9.75));
#3510 = VECTOR('',#3511,1.);
#3511 = DIRECTION('',(-0.,-0.,-1.));
#3512 = ORIENTED_EDGE('',*,*,#3345,.T.);
#3513 = ORIENTED_EDGE('',*,*,#3514,.T.);
#3514 = EDGE_CURVE('',#3337,#3500,#3515,.T.);
#3515 = LINE('',#3516,#3517);
#3516 = CARTESIAN_POINT('',(-2.356666666666,2.248601329718,9.75));
#3517 = VECTOR('',#3518,1.);
#3518 = DIRECTION('',(0.,0.,1.));
#3519 = PLANE('',#3520);
#3520 = AXIS2_PLACEMENT_3D('',#3521,#3522,#3523);
#3521 = CARTESIAN_POINT('',(-2.373333333333,2.347202659437,9.75));
#3522 = DIRECTION('',(-0.986013297183,-0.166666666667,0.));
#3523 = DIRECTION('',(0.166666666667,-0.986013297183,0.));
#3524 = ADVANCED_FACE('',(#3525),#3551,.F.);
#3525 = FACE_BOUND('',#3526,.T.);
#3526 = EDGE_LOOP('',(#3527,#3535,#3543,#3549,#3550));
#3527 = ORIENTED_EDGE('',*,*,#3528,.F.);
#3528 = EDGE_CURVE('',#3529,#3360,#3531,.T.);
#3529 = VERTEX_POINT('',#3530);
#3530 = CARTESIAN_POINT('',(-1.94550772964,-0.564610824831,
    10.324999997866));
#3531 = LINE('',#3532,#3533);
#3532 = CARTESIAN_POINT('',(-2.444470748698,-0.985187932212,10.325));
#3533 = VECTOR('',#3534,1.);
#3534 = DIRECTION('',(-0.764610824828,-0.644492270361,-0.));
#3535 = ORIENTED_EDGE('',*,*,#3536,.F.);
#3536 = EDGE_CURVE('',#3537,#3529,#3539,.T.);
#3537 = VERTEX_POINT('',#3538);
#3538 = CARTESIAN_POINT('',(-1.94550772964,-0.564610824831,9.175));
#3539 = LINE('',#3540,#3541);
#3540 = CARTESIAN_POINT('',(-1.945507729643,-0.564610824832,9.175));
#3541 = VECTOR('',#3542,1.);
#3542 = DIRECTION('',(0.,0.,1.));
#3543 = ORIENTED_EDGE('',*,*,#3544,.F.);
#3544 = EDGE_CURVE('',#3321,#3537,#3545,.T.);
#3545 = LINE('',#3546,#3547);
#3546 = CARTESIAN_POINT('',(-2.444470748698,-0.985187932212,9.175));
#3547 = VECTOR('',#3548,1.);
#3548 = DIRECTION('',(0.764610824828,0.644492270361,0.));
#3549 = ORIENTED_EDGE('',*,*,#3320,.T.);
#3550 = ORIENTED_EDGE('',*,*,#3359,.F.);
#3551 = PLANE('',#3552);
#3552 = AXIS2_PLACEMENT_3D('',#3553,#3554,#3555);
#3553 = CARTESIAN_POINT('',(-2.444470748698,-0.985187932212,9.175));
#3554 = DIRECTION('',(0.644492270361,-0.764610824828,0.));
#3555 = DIRECTION('',(0.764610824828,0.644492270361,0.));
#3556 = ADVANCED_FACE('',(#3557),#3580,.F.);
#3557 = FACE_BOUND('',#3558,.F.);
#3558 = EDGE_LOOP('',(#3559,#3566,#3567,#3568,#3569,#3570,#3576,#3577,
    #3578,#3579));
#3559 = ORIENTED_EDGE('',*,*,#3560,.T.);
#3560 = EDGE_CURVE('',#3500,#3419,#3561,.T.);
#3561 = CIRCLE('',#3562,1.E-01);
#3562 = AXIS2_PLACEMENT_3D('',#3563,#3564,#3565);
#3563 = CARTESIAN_POINT('',(-2.34,2.15,10.325));
#3564 = DIRECTION('',(0.,0.,1.));
#3565 = DIRECTION('',(0.,-1.,0.));
#3566 = ORIENTED_EDGE('',*,*,#3426,.T.);
#3567 = ORIENTED_EDGE('',*,*,#2718,.T.);
#3568 = ORIENTED_EDGE('',*,*,#3485,.F.);
#3569 = ORIENTED_EDGE('',*,*,#2766,.T.);
#3570 = ORIENTED_EDGE('',*,*,#3571,.T.);
#3571 = EDGE_CURVE('',#2767,#3279,#3572,.T.);
#3572 = LINE('',#3573,#3574);
#3573 = CARTESIAN_POINT('',(-2.34,2.25,8.30496576268));
#3574 = VECTOR('',#3575,1.);
#3575 = DIRECTION('',(-0.,-0.,-1.));
#3576 = ORIENTED_EDGE('',*,*,#3286,.T.);
#3577 = ORIENTED_EDGE('',*,*,#3462,.F.);
#3578 = ORIENTED_EDGE('',*,*,#3336,.F.);
#3579 = ORIENTED_EDGE('',*,*,#3514,.T.);
#3580 = CYLINDRICAL_SURFACE('',#3581,1.E-01);
#3581 = AXIS2_PLACEMENT_3D('',#3582,#3583,#3584);
#3582 = CARTESIAN_POINT('',(-2.34,2.15,8.30496576268));
#3583 = DIRECTION('',(0.,0.,1.));
#3584 = DIRECTION('',(0.,-1.,0.));
#3585 = ADVANCED_FACE('',(#3586),#3632,.T.);
#3586 = FACE_BOUND('',#3587,.T.);
#3587 = EDGE_LOOP('',(#3588,#3597,#3605,#3614,#3622,#3629,#3630,#3631));
#3588 = ORIENTED_EDGE('',*,*,#3589,.T.);
#3589 = EDGE_CURVE('',#3387,#3590,#3592,.T.);
#3590 = VERTEX_POINT('',#3591);
#3591 = CARTESIAN_POINT('',(-2.315572294626,-1.138110097177,10.325));
#3592 = CIRCLE('',#3593,0.35);
#3593 = AXIS2_PLACEMENT_3D('',#3594,#3595,#3596);
#3594 = CARTESIAN_POINT('',(-2.09,-1.405723885867,10.325));
#3595 = DIRECTION('',(-0.,-0.,-1.));
#3596 = DIRECTION('',(0.,-1.,0.));
#3597 = ORIENTED_EDGE('',*,*,#3598,.T.);
#3598 = EDGE_CURVE('',#3590,#3599,#3601,.T.);
#3599 = VERTEX_POINT('',#3600);
#3600 = CARTESIAN_POINT('',(-1.816609275566,-0.717532989794,
    10.324999998802));
#3601 = LINE('',#3602,#3603);
#3602 = CARTESIAN_POINT('',(-2.315572294626,-1.138110097177,10.325));
#3603 = VECTOR('',#3604,1.);
#3604 = DIRECTION('',(0.764610824829,0.644492270361,0.));
#3605 = ORIENTED_EDGE('',*,*,#3606,.F.);
#3606 = EDGE_CURVE('',#3607,#3599,#3609,.T.);
#3607 = VERTEX_POINT('',#3608);
#3608 = CARTESIAN_POINT('',(-1.539973465879,-0.380899541782,
    10.324999998802));
#3609 = CIRCLE('',#3610,1.2);
#3610 = AXIS2_PLACEMENT_3D('',#3611,#3612,#3613);
#3611 = CARTESIAN_POINT('',(-2.59,0.2,10.324999997604));
#3612 = DIRECTION('',(-0.,-0.,-1.));
#3613 = DIRECTION('',(0.,-1.,0.));
#3614 = ORIENTED_EDGE('',*,*,#3615,.T.);
#3615 = EDGE_CURVE('',#3607,#3616,#3618,.T.);
#3616 = VERTEX_POINT('',#3617);
#3617 = CARTESIAN_POINT('',(-1.714977821738,-0.284082831289,
    10.324999989936));
#3618 = LINE('',#3619,#3620);
#3619 = CARTESIAN_POINT('',(-1.539971722311,-0.380900506366,10.325));
#3620 = VECTOR('',#3621,1.);
#3621 = DIRECTION('',(-0.875021778301,0.484083554254,0.));
#3622 = ORIENTED_EDGE('',*,*,#3623,.T.);
#3623 = EDGE_CURVE('',#3616,#3529,#3624,.T.);
#3624 = CIRCLE('',#3625,1.);
#3625 = AXIS2_PLACEMENT_3D('',#3626,#3627,#3628);
#3626 = CARTESIAN_POINT('',(-2.59,0.2,10.324999995733));
#3627 = DIRECTION('',(0.,-0.,-1.));
#3628 = DIRECTION('',(1.734723475977E-15,-1.,0.));
#3629 = ORIENTED_EDGE('',*,*,#3528,.T.);
#3630 = ORIENTED_EDGE('',*,*,#3369,.F.);
#3631 = ORIENTED_EDGE('',*,*,#3386,.T.);
#3632 = PLANE('',#3633);
#3633 = AXIS2_PLACEMENT_3D('',#3634,#3635,#3636);
#3634 = CARTESIAN_POINT('',(-2.54,-1.097826812227,10.325));
#3635 = DIRECTION('',(0.,0.,1.));
#3636 = DIRECTION('',(0.,-1.,0.));
#3637 = ADVANCED_FACE('',(#3638),#3654,.T.);
#3638 = FACE_BOUND('',#3639,.T.);
#3639 = EDGE_LOOP('',(#3640,#3641,#3642,#3643,#3644,#3645,#3651,#3652,
    #3653));
#3640 = ORIENTED_EDGE('',*,*,#3507,.F.);
#3641 = ORIENTED_EDGE('',*,*,#3410,.F.);
#3642 = ORIENTED_EDGE('',*,*,#2701,.T.);
#3643 = ORIENTED_EDGE('',*,*,#2479,.T.);
#3644 = ORIENTED_EDGE('',*,*,#2799,.F.);
#3645 = ORIENTED_EDGE('',*,*,#3646,.T.);
#3646 = EDGE_CURVE('',#2792,#3254,#3647,.T.);
#3647 = LINE('',#3648,#3649);
#3648 = CARTESIAN_POINT('',(-2.34,2.45,8.30496576268));
#3649 = VECTOR('',#3650,1.);
#3650 = DIRECTION('',(-0.,-0.,-1.));
#3651 = ORIENTED_EDGE('',*,*,#3253,.F.);
#3652 = ORIENTED_EDGE('',*,*,#2522,.T.);
#3653 = ORIENTED_EDGE('',*,*,#3301,.T.);
#3654 = CYLINDRICAL_SURFACE('',#3655,0.3);
#3655 = AXIS2_PLACEMENT_3D('',#3656,#3657,#3658);
#3656 = CARTESIAN_POINT('',(-2.34,2.15,8.30496576268));
#3657 = DIRECTION('',(0.,0.,1.));
#3658 = DIRECTION('',(0.,-1.,0.));
#3659 = ADVANCED_FACE('',(#3660),#3665,.T.);
#3660 = FACE_BOUND('',#3661,.T.);
#3661 = EDGE_LOOP('',(#3662,#3663,#3664));
#3662 = ORIENTED_EDGE('',*,*,#3560,.T.);
#3663 = ORIENTED_EDGE('',*,*,#3418,.F.);
#3664 = ORIENTED_EDGE('',*,*,#3499,.F.);
#3665 = PLANE('',#3666);
#3666 = AXIS2_PLACEMENT_3D('',#3667,#3668,#3669);
#3667 = CARTESIAN_POINT('',(-2.492752523165,2.279099444874,10.325));
#3668 = DIRECTION('',(0.,0.,-1.));
#3669 = DIRECTION('',(0.,1.,0.));
#3670 = ADVANCED_FACE('',(#3671),#3716,.F.);
#3671 = FACE_BOUND('',#3672,.T.);
#3672 = EDGE_LOOP('',(#3673,#3674,#3683,#3691,#3700,#3708,#3715));
#3673 = ORIENTED_EDGE('',*,*,#3544,.T.);
#3674 = ORIENTED_EDGE('',*,*,#3675,.F.);
#3675 = EDGE_CURVE('',#3676,#3537,#3678,.T.);
#3676 = VERTEX_POINT('',#3677);
#3677 = CARTESIAN_POINT('',(-1.714977877916,-0.284082932836,
    9.175000004745));
#3678 = CIRCLE('',#3679,1.);
#3679 = AXIS2_PLACEMENT_3D('',#3680,#3681,#3682);
#3680 = CARTESIAN_POINT('',(-2.59,0.2,9.175));
#3681 = DIRECTION('',(-0.,0.,-1.));
#3682 = DIRECTION('',(-7.806255641896E-15,-1.,0.));
#3683 = ORIENTED_EDGE('',*,*,#3684,.F.);
#3684 = EDGE_CURVE('',#3685,#3676,#3687,.T.);
#3685 = VERTEX_POINT('',#3686);
#3686 = CARTESIAN_POINT('',(-1.539973415036,-0.380899449878,
    9.175000006379));
#3687 = LINE('',#3688,#3689);
#3688 = CARTESIAN_POINT('',(-1.539973414885,-0.380899449606,9.175));
#3689 = VECTOR('',#3690,1.);
#3690 = DIRECTION('',(-0.875022344495,0.484082530809,0.));
#3691 = ORIENTED_EDGE('',*,*,#3692,.F.);
#3692 = EDGE_CURVE('',#3693,#3685,#3695,.T.);
#3693 = VERTEX_POINT('',#3694);
#3694 = CARTESIAN_POINT('',(-1.816609275566,-0.717532989794,9.175));
#3695 = CIRCLE('',#3696,1.2);
#3696 = AXIS2_PLACEMENT_3D('',#3697,#3698,#3699);
#3697 = CARTESIAN_POINT('',(-2.59,0.2,9.175));
#3698 = DIRECTION('',(0.,0.,1.));
#3699 = DIRECTION('',(0.,-1.,0.));
#3700 = ORIENTED_EDGE('',*,*,#3701,.F.);
#3701 = EDGE_CURVE('',#3702,#3693,#3704,.T.);
#3702 = VERTEX_POINT('',#3703);
#3703 = CARTESIAN_POINT('',(-2.315572294626,-1.138110097177,9.175));
#3704 = LINE('',#3705,#3706);
#3705 = CARTESIAN_POINT('',(-2.315572294631,-1.138110097181,9.175));
#3706 = VECTOR('',#3707,1.);
#3707 = DIRECTION('',(0.764610824828,0.644492270361,0.));
#3708 = ORIENTED_EDGE('',*,*,#3709,.F.);
#3709 = EDGE_CURVE('',#3470,#3702,#3710,.T.);
#3710 = CIRCLE('',#3711,0.35);
#3711 = AXIS2_PLACEMENT_3D('',#3712,#3713,#3714);
#3712 = CARTESIAN_POINT('',(-2.09,-1.405723885867,9.175));
#3713 = DIRECTION('',(-0.,0.,-1.));
#3714 = DIRECTION('',(-1.239088197126E-15,-1.,0.));
#3715 = ORIENTED_EDGE('',*,*,#3469,.T.);
#3716 = PLANE('',#3717);
#3717 = AXIS2_PLACEMENT_3D('',#3718,#3719,#3720);
#3718 = CARTESIAN_POINT('',(-2.54,-1.277860212534,9.175));
#3719 = DIRECTION('',(0.,0.,1.));
#3720 = DIRECTION('',(0.,-1.,0.));
#3721 = ADVANCED_FACE('',(#3722),#3733,.F.);
#3722 = FACE_BOUND('',#3723,.F.);
#3723 = EDGE_LOOP('',(#3724,#3725,#3726,#3727));
#3724 = ORIENTED_EDGE('',*,*,#3709,.F.);
#3725 = ORIENTED_EDGE('',*,*,#3477,.F.);
#3726 = ORIENTED_EDGE('',*,*,#3589,.T.);
#3727 = ORIENTED_EDGE('',*,*,#3728,.T.);
#3728 = EDGE_CURVE('',#3590,#3702,#3729,.T.);
#3729 = LINE('',#3730,#3731);
#3730 = CARTESIAN_POINT('',(-2.315572294626,-1.138110097177,9.175));
#3731 = VECTOR('',#3732,1.);
#3732 = DIRECTION('',(-0.,-0.,-1.));
#3733 = CYLINDRICAL_SURFACE('',#3734,0.35);
#3734 = AXIS2_PLACEMENT_3D('',#3735,#3736,#3737);
#3735 = CARTESIAN_POINT('',(-2.09,-1.405723885867,9.175));
#3736 = DIRECTION('',(0.,0.,1.));
#3737 = DIRECTION('',(0.,-1.,0.));
#3738 = ADVANCED_FACE('',(#3739),#3780,.F.);
#3739 = FACE_BOUND('',#3740,.F.);
#3740 = EDGE_LOOP('',(#3741,#3751,#3764,#3765,#3766,#3767));
#3741 = ORIENTED_EDGE('',*,*,#3742,.T.);
#3742 = EDGE_CURVE('',#3743,#3745,#3747,.T.);
#3743 = VERTEX_POINT('',#3744);
#3744 = CARTESIAN_POINT('',(-1.643057476335,-0.121402950944,
    9.18607275308));
#3745 = VERTEX_POINT('',#3746);
#3746 = CARTESIAN_POINT('',(-1.643057476446,-0.121402951271,
    10.313927248795));
#3747 = LINE('',#3748,#3749);
#3748 = CARTESIAN_POINT('',(-1.643057476349,-0.121402950984,9.175));
#3749 = VECTOR('',#3750,1.);
#3750 = DIRECTION('',(0.,0.,1.));
#3751 = ORIENTED_EDGE('',*,*,#3752,.T.);
#3752 = EDGE_CURVE('',#3745,#3616,#3753,.T.);
#3753 = B_SPLINE_CURVE_WITH_KNOTS('',3,(#3754,#3755,#3756,#3757,#3758,
    #3759,#3760,#3761,#3762,#3763),.UNSPECIFIED.,.F.,.F.,(4,3,3,4),(
    2.610869623174E-13,5.471426506581E-05,1.094285322506E-04,
    1.78435896732E-04),.UNSPECIFIED.);
#3754 = CARTESIAN_POINT('',(-1.643057476446,-0.121402951271,
    10.313927248795));
#3755 = CARTESIAN_POINT('',(-1.648907836628,-0.138639740191,
    10.315064908602));
#3756 = CARTESIAN_POINT('',(-1.655231346985,-0.155723070386,
    10.316202982799));
#3757 = CARTESIAN_POINT('',(-1.662013935821,-0.172614901324,
    10.317338941921));
#3758 = CARTESIAN_POINT('',(-1.668796524802,-0.189506732625,
    10.318474901067));
#3759 = CARTESIAN_POINT('',(-1.676043226564,-0.206219602219,
    10.319609589949));
#3760 = CARTESIAN_POINT('',(-1.683737927918,-0.222716283938,
    10.320740494233));
#3761 = CARTESIAN_POINT('',(-1.693440600006,-0.243517857109,
    10.322166513635));
#3762 = CARTESIAN_POINT('',(-1.70386617318,-0.263997551897,
    10.323588027106));
#3763 = CARTESIAN_POINT('',(-1.714977821738,-0.284082831289,
    10.324999989936));
#3764 = ORIENTED_EDGE('',*,*,#3623,.T.);
#3765 = ORIENTED_EDGE('',*,*,#3536,.F.);
#3766 = ORIENTED_EDGE('',*,*,#3675,.F.);
#3767 = ORIENTED_EDGE('',*,*,#3768,.T.);
#3768 = EDGE_CURVE('',#3676,#3743,#3769,.T.);
#3769 = B_SPLINE_CURVE_WITH_KNOTS('',3,(#3770,#3771,#3772,#3773,#3774,
    #3775,#3776,#3777,#3778,#3779),.UNSPECIFIED.,.F.,.F.,(4,3,3,4),(0.,
    5.471427628062E-05,1.094285470598E-04,1.784359884834E-04),
  .UNSPECIFIED.);
#3770 = CARTESIAN_POINT('',(-1.714977877916,-0.284082932836,
    9.175000004745));
#3771 = CARTESIAN_POINT('',(-1.706165778883,-0.2681542948,9.176119761795
    ));
#3772 = CARTESIAN_POINT('',(-1.697785839875,-0.251979253679,
    9.17724541529));
#3773 = CARTESIAN_POINT('',(-1.689856676373,-0.235593843998,
    9.178374449691));
#3774 = CARTESIAN_POINT('',(-1.681927513362,-0.219208435333,
    9.179503484021));
#3775 = CARTESIAN_POINT('',(-1.674443239634,-0.202600494747,
    9.180636738996));
#3776 = CARTESIAN_POINT('',(-1.667420493963,-0.185807017874,
    9.181771701307));
#3777 = CARTESIAN_POINT('',(-1.658565117574,-0.16463117504,
    9.183202839345));
#3778 = CARTESIAN_POINT('',(-1.650434526608,-0.143137793711,
    9.184638211574));
#3779 = CARTESIAN_POINT('',(-1.643057476335,-0.121402950944,
    9.18607275308));
#3780 = CYLINDRICAL_SURFACE('',#3781,1.);
#3781 = AXIS2_PLACEMENT_3D('',#3782,#3783,#3784);
#3782 = CARTESIAN_POINT('',(-2.59,0.2,9.175));
#3783 = DIRECTION('',(0.,0.,1.));
#3784 = DIRECTION('',(0.,-1.,0.));
#3785 = ADVANCED_FACE('',(#3786),#3815,.F.);
#3786 = FACE_BOUND('',#3787,.T.);
#3787 = EDGE_LOOP('',(#3788,#3797,#3798,#3799,#3800,#3809));
#3788 = ORIENTED_EDGE('',*,*,#3789,.F.);
#3789 = EDGE_CURVE('',#2776,#3790,#3792,.T.);
#3790 = VERTEX_POINT('',#3791);
#3791 = CARTESIAN_POINT('',(-2.047079632679,2.25,10.925));
#3792 = CIRCLE('',#3793,0.2);
#3793 = AXIS2_PLACEMENT_3D('',#3794,#3795,#3796);
#3794 = CARTESIAN_POINT('',(-2.247079632679,2.25,10.925));
#3795 = DIRECTION('',(0.,1.,0.));
#3796 = DIRECTION('',(0.,-0.,1.));
#3797 = ORIENTED_EDGE('',*,*,#2775,.F.);
#3798 = ORIENTED_EDGE('',*,*,#3571,.T.);
#3799 = ORIENTED_EDGE('',*,*,#3278,.F.);
#3800 = ORIENTED_EDGE('',*,*,#3801,.F.);
#3801 = EDGE_CURVE('',#3802,#3271,#3804,.T.);
#3802 = VERTEX_POINT('',#3803);
#3803 = CARTESIAN_POINT('',(-2.047079632679,2.25,8.575));
#3804 = CIRCLE('',#3805,0.2);
#3805 = AXIS2_PLACEMENT_3D('',#3806,#3807,#3808);
#3806 = CARTESIAN_POINT('',(-2.247079632679,2.25,8.575));
#3807 = DIRECTION('',(0.,1.,0.));
#3808 = DIRECTION('',(0.,-0.,1.));
#3809 = ORIENTED_EDGE('',*,*,#3810,.F.);
#3810 = EDGE_CURVE('',#3790,#3802,#3811,.T.);
#3811 = LINE('',#3812,#3813);
#3812 = CARTESIAN_POINT('',(-2.047079632679,2.25,9.75));
#3813 = VECTOR('',#3814,1.);
#3814 = DIRECTION('',(-0.,-0.,-1.));
#3815 = PLANE('',#3816);
#3816 = AXIS2_PLACEMENT_3D('',#3817,#3818,#3819);
#3817 = CARTESIAN_POINT('',(-6.797079632679,2.25,9.75));
#3818 = DIRECTION('',(0.,1.,0.));
#3819 = DIRECTION('',(0.,-0.,1.));
#3820 = ADVANCED_FACE('',(#3821),#3850,.T.);
#3821 = FACE_BOUND('',#3822,.T.);
#3822 = EDGE_LOOP('',(#3823,#3833,#3840,#3841,#3842,#3843));
#3823 = ORIENTED_EDGE('',*,*,#3824,.T.);
#3824 = EDGE_CURVE('',#3825,#3827,#3829,.T.);
#3825 = VERTEX_POINT('',#3826);
#3826 = CARTESIAN_POINT('',(-2.047079632679,2.45,10.925));
#3827 = VERTEX_POINT('',#3828);
#3828 = CARTESIAN_POINT('',(-2.047079632679,2.45,8.575));
#3829 = LINE('',#3830,#3831);
#3830 = CARTESIAN_POINT('',(-2.047079632679,2.45,9.75));
#3831 = VECTOR('',#3832,1.);
#3832 = DIRECTION('',(-0.,-0.,-1.));
#3833 = ORIENTED_EDGE('',*,*,#3834,.T.);
#3834 = EDGE_CURVE('',#3827,#3263,#3835,.T.);
#3835 = CIRCLE('',#3836,0.2);
#3836 = AXIS2_PLACEMENT_3D('',#3837,#3838,#3839);
#3837 = CARTESIAN_POINT('',(-2.247079632679,2.45,8.575));
#3838 = DIRECTION('',(0.,1.,0.));
#3839 = DIRECTION('',(0.,-0.,1.));
#3840 = ORIENTED_EDGE('',*,*,#3262,.F.);
#3841 = ORIENTED_EDGE('',*,*,#3646,.F.);
#3842 = ORIENTED_EDGE('',*,*,#2791,.F.);
#3843 = ORIENTED_EDGE('',*,*,#3844,.T.);
#3844 = EDGE_CURVE('',#2784,#3825,#3845,.T.);
#3845 = CIRCLE('',#3846,0.2);
#3846 = AXIS2_PLACEMENT_3D('',#3847,#3848,#3849);
#3847 = CARTESIAN_POINT('',(-2.247079632679,2.45,10.925));
#3848 = DIRECTION('',(0.,1.,0.));
#3849 = DIRECTION('',(0.,-0.,1.));
#3850 = PLANE('',#3851);
#3851 = AXIS2_PLACEMENT_3D('',#3852,#3853,#3854);
#3852 = CARTESIAN_POINT('',(-6.797079632679,2.45,9.75));
#3853 = DIRECTION('',(0.,1.,0.));
#3854 = DIRECTION('',(0.,-0.,1.));
#3855 = ADVANCED_FACE('',(#3856),#3878,.T.);
#3856 = FACE_BOUND('',#3857,.T.);
#3857 = EDGE_LOOP('',(#3858,#3859,#3860,#3868));
#3858 = ORIENTED_EDGE('',*,*,#3684,.T.);
#3859 = ORIENTED_EDGE('',*,*,#3768,.T.);
#3860 = ORIENTED_EDGE('',*,*,#3861,.T.);
#3861 = EDGE_CURVE('',#3743,#3862,#3864,.T.);
#3862 = VERTEX_POINT('',#3863);
#3863 = CARTESIAN_POINT('',(-1.453668206495,-0.185683803566,
    9.186072751125));
#3864 = LINE('',#3865,#3866);
#3865 = CARTESIAN_POINT('',(-1.64305619846,-0.12140338447,9.186072751235
    ));
#3866 = VECTOR('',#3867,1.);
#3867 = DIRECTION('',(0.946942520845,-0.321402959252,-5.513241966026E-10
    ));
#3868 = ORIENTED_EDGE('',*,*,#3869,.T.);
#3869 = EDGE_CURVE('',#3862,#3685,#3870,.T.);
#3870 = B_SPLINE_CURVE_WITH_KNOTS('',3,(#3871,#3872,#3873,#3874,#3875,
    #3876,#3877),.UNSPECIFIED.,.F.,.F.,(4,3,4),(0.,1.06546931992E-04,
    2.139426983904E-04),.UNSPECIFIED.);
#3871 = CARTESIAN_POINT('',(-1.453668206495,-0.185683803566,
    9.186072751125));
#3872 = CARTESIAN_POINT('',(-1.465068354317,-0.219269294263,
    9.184225483264));
#3873 = CARTESIAN_POINT('',(-1.477970812251,-0.252381543519,
    9.182376432699));
#3874 = CARTESIAN_POINT('',(-1.492300626623,-0.284825830261,
    9.180536420152));
#3875 = CARTESIAN_POINT('',(-1.506744375577,-0.317528077515,
    9.178681777893));
#3876 = CARTESIAN_POINT('',(-1.522666927093,-0.349616458604,
    9.17683262483));
#3877 = CARTESIAN_POINT('',(-1.539973415036,-0.380899449878,
    9.175000006379));
#3878 = B_SPLINE_SURFACE_WITH_KNOTS('',3,3,(
    (#3879,#3880,#3881,#3882)
    ,(#3883,#3884,#3885,#3886)
    ,(#3887,#3888,#3889,#3890)
    ,(#3891,#3892,#3893,#3894
    )),.UNSPECIFIED.,.F.,.F.,.F.,(4,4),(4,4),(-4.073101231294E-08,
    1.000000035426),(-3.822304727445E-06,1.000013361872),
  .PIECEWISE_BEZIER_KNOTS.);
#3879 = CARTESIAN_POINT('',(-1.727402510738,-0.287553698322,
    9.174438546817));
#3880 = CARTESIAN_POINT('',(-1.664051679978,-0.323360548163,
    9.174438548546));
#3881 = CARTESIAN_POINT('',(-1.600700849218,-0.359167398004,
    9.174438550275));
#3882 = CARTESIAN_POINT('',(-1.537350018458,-0.394974247844,
    9.174438552003));
#3883 = CARTESIAN_POINT('',(-1.695491516339,-0.231084607232,
    9.178458409353));
#3884 = CARTESIAN_POINT('',(-1.629797244886,-0.26274463592,9.1784583899)
  );
#3885 = CARTESIAN_POINT('',(-1.564102973433,-0.294404664608,
    9.178458370447));
#3886 = CARTESIAN_POINT('',(-1.49840870198,-0.326064693297,
    9.178458350994));
#3887 = CARTESIAN_POINT('',(-1.669140712177,-0.171480557514,
    9.182552801852));
#3888 = CARTESIAN_POINT('',(-1.601511101837,-0.198762957553,
    9.182552793245));
#3889 = CARTESIAN_POINT('',(-1.533881491497,-0.226045357592,
    9.182552784638));
#3890 = CARTESIAN_POINT('',(-1.466251881158,-0.253327757631,
    9.182552776031));
#3891 = CARTESIAN_POINT('',(-1.64885249484,-0.109877942238,
    9.186643661845));
#3892 = CARTESIAN_POINT('',(-1.579732807196,-0.132635959474,
    9.186643662649));
#3893 = CARTESIAN_POINT('',(-1.510613119553,-0.155393976711,
    9.186643663454));
#3894 = CARTESIAN_POINT('',(-1.44149343191,-0.178151993947,
    9.186643664258));
#3895 = ADVANCED_FACE('',(#3896),#3925,.T.);
#3896 = FACE_BOUND('',#3897,.T.);
#3897 = EDGE_LOOP('',(#3898,#3906,#3916,#3917,#3923,#3924));
#3898 = ORIENTED_EDGE('',*,*,#3899,.F.);
#3899 = EDGE_CURVE('',#3900,#3862,#3902,.T.);
#3900 = VERTEX_POINT('',#3901);
#3901 = CARTESIAN_POINT('',(-1.453668976106,-0.185683554402,
    10.313927249506));
#3902 = LINE('',#3903,#3904);
#3903 = CARTESIAN_POINT('',(-1.453668973436,-0.185683546536,9.175));
#3904 = VECTOR('',#3905,1.);
#3905 = DIRECTION('',(-0.,-0.,-1.));
#3906 = ORIENTED_EDGE('',*,*,#3907,.T.);
#3907 = EDGE_CURVE('',#3900,#3607,#3908,.T.);
#3908 = B_SPLINE_CURVE_WITH_KNOTS('',3,(#3909,#3910,#3911,#3912,#3913,
    #3914,#3915),.UNSPECIFIED.,.F.,.F.,(4,3,4),(3.999770967446E-12,
    1.065469801394E-04,2.139427958232E-04),.UNSPECIFIED.);
#3909 = CARTESIAN_POINT('',(-1.453668976106,-0.185683554402,
    10.313927249506));
#3910 = CARTESIAN_POINT('',(-1.465068362133,-0.219269316588,
    10.315774517976));
#3911 = CARTESIAN_POINT('',(-1.477970826795,-0.252381580528,
    10.317623569381));
#3912 = CARTESIAN_POINT('',(-1.492300649152,-0.284825881268,
    10.319463582752));
#3913 = CARTESIAN_POINT('',(-1.506744406258,-0.317528142868,
    10.321318225855));
#3914 = CARTESIAN_POINT('',(-1.522666967265,-0.349616537686,
    10.323167379751));
#3915 = CARTESIAN_POINT('',(-1.539973465879,-0.380899541782,
    10.324999998802));
#3916 = ORIENTED_EDGE('',*,*,#3606,.T.);
#3917 = ORIENTED_EDGE('',*,*,#3918,.T.);
#3918 = EDGE_CURVE('',#3599,#3693,#3919,.T.);
#3919 = LINE('',#3920,#3921);
#3920 = CARTESIAN_POINT('',(-1.816609275566,-0.717532989794,9.175));
#3921 = VECTOR('',#3922,1.);
#3922 = DIRECTION('',(-0.,-0.,-1.));
#3923 = ORIENTED_EDGE('',*,*,#3692,.T.);
#3924 = ORIENTED_EDGE('',*,*,#3869,.F.);
#3925 = CYLINDRICAL_SURFACE('',#3926,1.2);
#3926 = AXIS2_PLACEMENT_3D('',#3927,#3928,#3929);
#3927 = CARTESIAN_POINT('',(-2.59,0.2,9.175));
#3928 = DIRECTION('',(0.,0.,1.));
#3929 = DIRECTION('',(0.,-1.,0.));
#3930 = ADVANCED_FACE('',(#3931),#3937,.T.);
#3931 = FACE_BOUND('',#3932,.T.);
#3932 = EDGE_LOOP('',(#3933,#3934,#3935,#3936));
#3933 = ORIENTED_EDGE('',*,*,#3728,.T.);
#3934 = ORIENTED_EDGE('',*,*,#3701,.T.);
#3935 = ORIENTED_EDGE('',*,*,#3918,.F.);
#3936 = ORIENTED_EDGE('',*,*,#3598,.F.);
#3937 = PLANE('',#3938);
#3938 = AXIS2_PLACEMENT_3D('',#3939,#3940,#3941);
#3939 = CARTESIAN_POINT('',(-2.315572294626,-1.138110097177,9.175));
#3940 = DIRECTION('',(0.644492270361,-0.764610824828,0.));
#3941 = DIRECTION('',(0.764610824828,0.644492270361,0.));
#3942 = ADVANCED_FACE('',(#3943),#3954,.T.);
#3943 = FACE_BOUND('',#3944,.T.);
#3944 = EDGE_LOOP('',(#3945,#3951,#3952,#3953));
#3945 = ORIENTED_EDGE('',*,*,#3946,.T.);
#3946 = EDGE_CURVE('',#3790,#3825,#3947,.T.);
#3947 = LINE('',#3948,#3949);
#3948 = CARTESIAN_POINT('',(-2.047079632679,-9.068,10.925));
#3949 = VECTOR('',#3950,1.);
#3950 = DIRECTION('',(0.,1.,0.));
#3951 = ORIENTED_EDGE('',*,*,#3844,.F.);
#3952 = ORIENTED_EDGE('',*,*,#2783,.F.);
#3953 = ORIENTED_EDGE('',*,*,#3789,.T.);
#3954 = CYLINDRICAL_SURFACE('',#3955,0.2);
#3955 = AXIS2_PLACEMENT_3D('',#3956,#3957,#3958);
#3956 = CARTESIAN_POINT('',(-2.247079632679,-9.068,10.925));
#3957 = DIRECTION('',(0.,1.,0.));
#3958 = DIRECTION('',(0.,-0.,1.));
#3959 = ADVANCED_FACE('',(#3960),#3971,.T.);
#3960 = FACE_BOUND('',#3961,.T.);
#3961 = EDGE_LOOP('',(#3962,#3963,#3964,#3970));
#3962 = ORIENTED_EDGE('',*,*,#3270,.F.);
#3963 = ORIENTED_EDGE('',*,*,#3834,.F.);
#3964 = ORIENTED_EDGE('',*,*,#3965,.T.);
#3965 = EDGE_CURVE('',#3827,#3802,#3966,.T.);
#3966 = LINE('',#3967,#3968);
#3967 = CARTESIAN_POINT('',(-2.047079632679,-8.62519007849,8.575));
#3968 = VECTOR('',#3969,1.);
#3969 = DIRECTION('',(-0.,-1.,-0.));
#3970 = ORIENTED_EDGE('',*,*,#3801,.T.);
#3971 = CYLINDRICAL_SURFACE('',#3972,0.2);
#3972 = AXIS2_PLACEMENT_3D('',#3973,#3974,#3975);
#3973 = CARTESIAN_POINT('',(-2.247079632679,-8.62519007849,8.575));
#3974 = DIRECTION('',(0.,1.,0.));
#3975 = DIRECTION('',(0.,-0.,1.));
#3976 = ADVANCED_FACE('',(#3977,#4004),#4071,.F.);
#3977 = FACE_BOUND('',#3978,.T.);
#3978 = EDGE_LOOP('',(#3979,#3980,#3988,#3997,#4003));
#3979 = ORIENTED_EDGE('',*,*,#2413,.F.);
#3980 = ORIENTED_EDGE('',*,*,#3981,.F.);
#3981 = EDGE_CURVE('',#3982,#2414,#3984,.T.);
#3982 = VERTEX_POINT('',#3983);
#3983 = CARTESIAN_POINT('',(-1.373894124191,0.671627179142,
    9.600000000001));
#3984 = LINE('',#3985,#3986);
#3985 = CARTESIAN_POINT('',(-1.643057476319,-0.121402950898,9.6));
#3986 = VECTOR('',#3987,1.);
#3987 = DIRECTION('',(-0.321402950898,-0.94694252368,-0.));
#3988 = ORIENTED_EDGE('',*,*,#3989,.F.);
#3989 = EDGE_CURVE('',#3990,#3982,#3992,.T.);
#3990 = VERTEX_POINT('',#3991);
#3991 = CARTESIAN_POINT('',(-1.37389399097,0.671627571647,9.9));
#3992 = CIRCLE('',#3993,0.15);
#3993 = AXIS2_PLACEMENT_3D('',#3994,#3995,#3996);
#3994 = CARTESIAN_POINT('',(-1.373893983712,0.671627593031,9.75));
#3995 = DIRECTION('',(-0.94694252368,0.321402950898,0.));
#3996 = DIRECTION('',(-0.321402950898,-0.94694252368,0.));
#3997 = ORIENTED_EDGE('',*,*,#3998,.F.);
#3998 = EDGE_CURVE('',#2299,#3990,#3999,.T.);
#3999 = LINE('',#4000,#4001);
#4000 = CARTESIAN_POINT('',(-1.643057476319,-0.121402950898,
    9.899999999999));
#4001 = VECTOR('',#4002,1.);
#4002 = DIRECTION('',(0.321402950898,0.94694252368,0.));
#4003 = ORIENTED_EDGE('',*,*,#2306,.F.);
#4004 = FACE_BOUND('',#4005,.T.);
#4005 = EDGE_LOOP('',(#4006,#4014,#4015,#4016,#4024,#4032,#4041,#4047,
    #4048,#4056,#4065));
#4006 = ORIENTED_EDGE('',*,*,#4007,.F.);
#4007 = EDGE_CURVE('',#2255,#4008,#4010,.T.);
#4008 = VERTEX_POINT('',#4009);
#4009 = CARTESIAN_POINT('',(-0.94,1.95,9.79));
#4010 = LINE('',#4011,#4012);
#4011 = CARTESIAN_POINT('',(-1.643057476319,-0.121402950898,9.79));
#4012 = VECTOR('',#4013,1.);
#4013 = DIRECTION('',(0.321402950898,0.94694252368,0.));
#4014 = ORIENTED_EDGE('',*,*,#2264,.F.);
#4015 = ORIENTED_EDGE('',*,*,#2446,.F.);
#4016 = ORIENTED_EDGE('',*,*,#4017,.F.);
#4017 = EDGE_CURVE('',#4018,#2447,#4020,.T.);
#4018 = VERTEX_POINT('',#4019);
#4019 = CARTESIAN_POINT('',(-0.94,1.95,9.71));
#4020 = LINE('',#4021,#4022);
#4021 = CARTESIAN_POINT('',(-1.643057476319,-0.121402950898,9.71));
#4022 = VECTOR('',#4023,1.);
#4023 = DIRECTION('',(-0.321402950898,-0.94694252368,-0.));
#4024 = ORIENTED_EDGE('',*,*,#4025,.F.);
#4025 = EDGE_CURVE('',#4026,#4018,#4028,.T.);
#4026 = VERTEX_POINT('',#4027);
#4027 = CARTESIAN_POINT('',(-0.939999937293,1.949999978717,
    9.510679513347));
#4028 = LINE('',#4029,#4030);
#4029 = CARTESIAN_POINT('',(-0.94,1.949999999999,9.175));
#4030 = VECTOR('',#4031,1.);
#4031 = DIRECTION('',(0.,0.,1.));
#4032 = ORIENTED_EDGE('',*,*,#4033,.F.);
#4033 = EDGE_CURVE('',#4034,#4026,#4036,.T.);
#4034 = VERTEX_POINT('',#4035);
#4035 = CARTESIAN_POINT('',(-1.000270814484,1.772425204148,
    9.311068997631));
#4036 = CIRCLE('',#4037,0.2);
#4037 = AXIS2_PLACEMENT_3D('',#4038,#4039,#4040);
#4038 = CARTESIAN_POINT('',(-1.004280464766,1.760611452697,
    9.510679513339));
#4039 = DIRECTION('',(0.94694252368,-0.321402950898,0.));
#4040 = DIRECTION('',(-0.321402950898,-0.94694252368,0.));
#4041 = ORIENTED_EDGE('',*,*,#4042,.F.);
#4042 = EDGE_CURVE('',#3743,#4034,#4043,.T.);
#4043 = LINE('',#4044,#4045);
#4044 = CARTESIAN_POINT('',(-1.643057476348,-0.121402950984,
    9.186072754932));
#4045 = VECTOR('',#4046,1.);
#4046 = DIRECTION('',(0.320777043913,0.945098427543,6.23782843102E-02));
#4047 = ORIENTED_EDGE('',*,*,#3742,.T.);
#4048 = ORIENTED_EDGE('',*,*,#4049,.F.);
#4049 = EDGE_CURVE('',#4050,#3745,#4052,.T.);
#4050 = VERTEX_POINT('',#4051);
#4051 = CARTESIAN_POINT('',(-1.000270877131,1.772425225606,
    10.188931002358));
#4052 = LINE('',#4053,#4054);
#4053 = CARTESIAN_POINT('',(-1.000270877131,1.772425225606,
    10.188931002358));
#4054 = VECTOR('',#4055,1.);
#4055 = DIRECTION('',(-0.320777043876,-0.945098427434,6.237828615438E-02
    ));
#4056 = ORIENTED_EDGE('',*,*,#4057,.F.);
#4057 = EDGE_CURVE('',#4058,#4050,#4060,.T.);
#4058 = VERTEX_POINT('',#4059);
#4059 = CARTESIAN_POINT('',(-0.939999999999,1.95,9.989320486658));
#4060 = CIRCLE('',#4061,0.2);
#4061 = AXIS2_PLACEMENT_3D('',#4062,#4063,#4064);
#4062 = CARTESIAN_POINT('',(-1.004280590179,1.760611495263,
    9.989320486661));
#4063 = DIRECTION('',(0.94694252368,-0.321402950898,0.));
#4064 = DIRECTION('',(-0.321402950898,-0.94694252368,0.));
#4065 = ORIENTED_EDGE('',*,*,#4066,.F.);
#4066 = EDGE_CURVE('',#4008,#4058,#4067,.T.);
#4067 = LINE('',#4068,#4069);
#4068 = CARTESIAN_POINT('',(-0.94,1.95,9.175));
#4069 = VECTOR('',#4070,1.);
#4070 = DIRECTION('',(0.,0.,1.));
#4071 = PLANE('',#4072);
#4072 = AXIS2_PLACEMENT_3D('',#4073,#4074,#4075);
#4073 = CARTESIAN_POINT('',(-1.643057476319,-0.121402950898,9.175));
#4074 = DIRECTION('',(0.94694252368,-0.321402950898,0.));
#4075 = DIRECTION('',(0.321402950898,0.94694252368,0.));
#4076 = ADVANCED_FACE('',(#4077),#4088,.F.);
#4077 = FACE_BOUND('',#4078,.F.);
#4078 = EDGE_LOOP('',(#4079,#4080,#4081,#4087));
#4079 = ORIENTED_EDGE('',*,*,#3615,.T.);
#4080 = ORIENTED_EDGE('',*,*,#3752,.F.);
#4081 = ORIENTED_EDGE('',*,*,#4082,.T.);
#4082 = EDGE_CURVE('',#3745,#3900,#4083,.T.);
#4083 = LINE('',#4084,#4085);
#4084 = CARTESIAN_POINT('',(-1.548359808322,-0.153544420566,
    10.313927249528));
#4085 = VECTOR('',#4086,1.);
#4086 = DIRECTION('',(0.94694247972,-0.321403080416,7.099789672244E-09)
  );
#4087 = ORIENTED_EDGE('',*,*,#3907,.T.);
#4088 = B_SPLINE_SURFACE_WITH_KNOTS('',3,3,(
    (#4089,#4090,#4091,#4092)
    ,(#4093,#4094,#4095,#4096)
    ,(#4097,#4098,#4099,#4100)
    ,(#4101,#4102,#4103,#4104
    )),.UNSPECIFIED.,.F.,.F.,.F.,(4,4),(4,4),(-3.316649113683E-08,
    1.0000000342),(-3.795192504506E-06,1.00001335185),
  .PIECEWISE_BEZIER_KNOTS.);
#4089 = CARTESIAN_POINT('',(-1.727402471608,-0.287553673495,
    10.32556145065));
#4090 = CARTESIAN_POINT('',(-1.664051645372,-0.323360517331,
    10.325561448921));
#4091 = CARTESIAN_POINT('',(-1.600700819137,-0.359167361166,
    10.325561447192));
#4092 = CARTESIAN_POINT('',(-1.537349992902,-0.394974205002,
    10.325561445464));
#4093 = CARTESIAN_POINT('',(-1.695491487565,-0.231084595185,
    10.321541589156));
#4094 = CARTESIAN_POINT('',(-1.629797221681,-0.262744619286,
    10.321541608621));
#4095 = CARTESIAN_POINT('',(-1.564102955797,-0.294404643386,
    10.321541628086));
#4096 = CARTESIAN_POINT('',(-1.498408689913,-0.326064667486,
    10.321541647551));
#4097 = CARTESIAN_POINT('',(-1.669140690928,-0.171480560151,
    10.317447197777));
#4098 = CARTESIAN_POINT('',(-1.601511086936,-0.198762957192,
    10.317447206396));
#4099 = CARTESIAN_POINT('',(-1.533881482945,-0.226045354233,
    10.317447215015));
#4100 = CARTESIAN_POINT('',(-1.466251878954,-0.253327751275,
    10.317447223635));
#4101 = CARTESIAN_POINT('',(-1.648852477858,-0.109877960543,
    10.313356338917));
#4102 = CARTESIAN_POINT('',(-1.579732797041,-0.132635976465,
    10.313356338113));
#4103 = CARTESIAN_POINT('',(-1.510613116224,-0.155393992388,
    10.313356337308));
#4104 = CARTESIAN_POINT('',(-1.441493435406,-0.17815200831,
    10.313356336504));
#4105 = ADVANCED_FACE('',(#4106),#4112,.T.);
#4106 = FACE_BOUND('',#4107,.T.);
#4107 = EDGE_LOOP('',(#4108,#4109,#4110,#4111));
#4108 = ORIENTED_EDGE('',*,*,#3810,.T.);
#4109 = ORIENTED_EDGE('',*,*,#3965,.F.);
#4110 = ORIENTED_EDGE('',*,*,#3824,.F.);
#4111 = ORIENTED_EDGE('',*,*,#3946,.F.);
#4112 = PLANE('',#4113);
#4113 = AXIS2_PLACEMENT_3D('',#4114,#4115,#4116);
#4114 = CARTESIAN_POINT('',(-2.047079632679,2.35,9.75));
#4115 = DIRECTION('',(1.,0.,0.));
#4116 = DIRECTION('',(-0.,1.,0.));
#4117 = ADVANCED_FACE('',(#4118),#4136,.F.);
#4118 = FACE_BOUND('',#4119,.T.);
#4119 = EDGE_LOOP('',(#4120,#4128,#4134,#4135));
#4120 = ORIENTED_EDGE('',*,*,#4121,.F.);
#4121 = EDGE_CURVE('',#4122,#2423,#4124,.T.);
#4122 = VERTEX_POINT('',#4123);
#4123 = CARTESIAN_POINT('',(-1.31707771325,0.652342588198,9.600000000001
    ));
#4124 = LINE('',#4125,#4126);
#4125 = CARTESIAN_POINT('',(-1.31707771325,0.652342588198,9.6));
#4126 = VECTOR('',#4127,1.);
#4127 = DIRECTION('',(-0.321402950898,-0.94694252368,0.));
#4128 = ORIENTED_EDGE('',*,*,#4129,.F.);
#4129 = EDGE_CURVE('',#3982,#4122,#4130,.T.);
#4130 = LINE('',#4131,#4132);
#4131 = CARTESIAN_POINT('',(-1.373893983712,0.671627593032,9.6));
#4132 = VECTOR('',#4133,1.);
#4133 = DIRECTION('',(0.946937840947,-0.321416747204,0.));
#4134 = ORIENTED_EDGE('',*,*,#3981,.T.);
#4135 = ORIENTED_EDGE('',*,*,#2422,.T.);
#4136 = PLANE('',#4137);
#4137 = AXIS2_PLACEMENT_3D('',#4138,#4139,#4140);
#4138 = CARTESIAN_POINT('',(-1.582805901796,5.611495264E-02,9.6));
#4139 = DIRECTION('',(0.,0.,-1.));
#4140 = DIRECTION('',(0.,1.,0.));
#4141 = ADVANCED_FACE('',(#4142),#4161,.F.);
#4142 = FACE_BOUND('',#4143,.F.);
#4143 = EDGE_LOOP('',(#4144,#4145,#4146,#4154));
#4144 = ORIENTED_EDGE('',*,*,#4129,.F.);
#4145 = ORIENTED_EDGE('',*,*,#3989,.F.);
#4146 = ORIENTED_EDGE('',*,*,#4147,.T.);
#4147 = EDGE_CURVE('',#3990,#4148,#4150,.T.);
#4148 = VERTEX_POINT('',#4149);
#4149 = CARTESIAN_POINT('',(-1.317077480247,0.65234327469,9.9));
#4150 = LINE('',#4151,#4152);
#4151 = CARTESIAN_POINT('',(-0.320401501784,0.314060339329,9.9));
#4152 = VECTOR('',#4153,1.);
#4153 = DIRECTION('',(0.94694252368,-0.321402950898,0.));
#4154 = ORIENTED_EDGE('',*,*,#4155,.T.);
#4155 = EDGE_CURVE('',#4148,#4122,#4156,.T.);
#4156 = CIRCLE('',#4157,0.15);
#4157 = AXIS2_PLACEMENT_3D('',#4158,#4159,#4160);
#4158 = CARTESIAN_POINT('',(-1.317077432292,0.652343415978,9.75));
#4159 = DIRECTION('',(-0.94694252368,0.321402950898,0.));
#4160 = DIRECTION('',(-0.321402950898,-0.94694252368,0.));
#4161 = CYLINDRICAL_SURFACE('',#4162,0.15);
#4162 = AXIS2_PLACEMENT_3D('',#4163,#4164,#4165);
#4163 = CARTESIAN_POINT('',(-0.320401487268,0.314060382098,9.75));
#4164 = DIRECTION('',(-0.94694252368,0.321402950898,0.));
#4165 = DIRECTION('',(-0.321402950898,-0.94694252368,0.));
#4166 = ADVANCED_FACE('',(#4167),#4178,.F.);
#4167 = FACE_BOUND('',#4168,.T.);
#4168 = EDGE_LOOP('',(#4169,#4175,#4176,#4177));
#4169 = ORIENTED_EDGE('',*,*,#4170,.F.);
#4170 = EDGE_CURVE('',#2297,#4148,#4171,.T.);
#4171 = LINE('',#4172,#4173);
#4172 = CARTESIAN_POINT('',(-1.477779615755,0.178870068132,9.9));
#4173 = VECTOR('',#4174,1.);
#4174 = DIRECTION('',(0.321402950898,0.94694252368,0.));
#4175 = ORIENTED_EDGE('',*,*,#2296,.T.);
#4176 = ORIENTED_EDGE('',*,*,#3998,.T.);
#4177 = ORIENTED_EDGE('',*,*,#4147,.T.);
#4178 = PLANE('',#4179);
#4179 = AXIS2_PLACEMENT_3D('',#4180,#4181,#4182);
#4180 = CARTESIAN_POINT('',(-1.325683541078,0.813668971584,9.9));
#4181 = DIRECTION('',(0.,0.,1.));
#4182 = DIRECTION('',(0.,-1.,0.));
#4183 = ADVANCED_FACE('',(#4184),#4250,.T.);
#4184 = FACE_BOUND('',#4185,.T.);
#4185 = EDGE_LOOP('',(#4186,#4187,#4195,#4203,#4212,#4220,#4226,#4227,
    #4235,#4244));
#4186 = ORIENTED_EDGE('',*,*,#4066,.T.);
#4187 = ORIENTED_EDGE('',*,*,#4188,.T.);
#4188 = EDGE_CURVE('',#4058,#4189,#4191,.T.);
#4189 = VERTEX_POINT('',#4190);
#4190 = CARTESIAN_POINT('',(-0.750611495263,1.88571940982,9.989320486658
    ));
#4191 = LINE('',#4192,#4193);
#4192 = CARTESIAN_POINT('',(-0.797958621447,1.901789557365,
    9.989320486655));
#4193 = VECTOR('',#4194,1.);
#4194 = DIRECTION('',(0.94694252368,-0.321402950898,0.));
#4195 = ORIENTED_EDGE('',*,*,#4196,.F.);
#4196 = EDGE_CURVE('',#4197,#4189,#4199,.T.);
#4197 = VERTEX_POINT('',#4198);
#4198 = CARTESIAN_POINT('',(-0.750611495263,1.88571940982,9.896628782986
    ));
#4199 = LINE('',#4200,#4201);
#4200 = CARTESIAN_POINT('',(-0.750611495263,1.88571940982,9.175));
#4201 = VECTOR('',#4202,1.);
#4202 = DIRECTION('',(0.,0.,1.));
#4203 = ORIENTED_EDGE('',*,*,#4204,.T.);
#4204 = EDGE_CURVE('',#4197,#4205,#4207,.T.);
#4205 = VERTEX_POINT('',#4206);
#4206 = CARTESIAN_POINT('',(-0.750611495263,1.88571940982,9.603371217014
    ));
#4207 = CIRCLE('',#4208,0.24);
#4208 = AXIS2_PLACEMENT_3D('',#4209,#4210,#4211);
#4209 = CARTESIAN_POINT('',(-0.930530574762,1.946785970491,9.75));
#4210 = DIRECTION('',(0.321402950898,0.94694252368,0.));
#4211 = DIRECTION('',(-0.94694252368,0.321402950898,0.));
#4212 = ORIENTED_EDGE('',*,*,#4213,.F.);
#4213 = EDGE_CURVE('',#4214,#4205,#4216,.T.);
#4214 = VERTEX_POINT('',#4215);
#4215 = CARTESIAN_POINT('',(-0.750611495263,1.88571940982,9.510679513343
    ));
#4216 = LINE('',#4217,#4218);
#4217 = CARTESIAN_POINT('',(-0.750611495263,1.88571940982,9.175));
#4218 = VECTOR('',#4219,1.);
#4219 = DIRECTION('',(0.,0.,1.));
#4220 = ORIENTED_EDGE('',*,*,#4221,.F.);
#4221 = EDGE_CURVE('',#4026,#4214,#4222,.T.);
#4222 = LINE('',#4223,#4224);
#4223 = CARTESIAN_POINT('',(-0.845305747631,1.91785970491,9.510679513347
    ));
#4224 = VECTOR('',#4225,1.);
#4225 = DIRECTION('',(0.94694252368,-0.321402950898,0.));
#4226 = ORIENTED_EDGE('',*,*,#4025,.T.);
#4227 = ORIENTED_EDGE('',*,*,#4228,.T.);
#4228 = EDGE_CURVE('',#4018,#4229,#4231,.T.);
#4229 = VERTEX_POINT('',#4230);
#4230 = CARTESIAN_POINT('',(-0.930530574762,1.946785970491,9.71));
#4231 = LINE('',#4232,#4233);
#4232 = CARTESIAN_POINT('',(-0.797958621447,1.901789557365,9.71));
#4233 = VECTOR('',#4234,1.);
#4234 = DIRECTION('',(0.94694252368,-0.321402950898,0.));
#4235 = ORIENTED_EDGE('',*,*,#4236,.T.);
#4236 = EDGE_CURVE('',#4229,#4237,#4239,.T.);
#4237 = VERTEX_POINT('',#4238);
#4238 = CARTESIAN_POINT('',(-0.930530574763,1.946785970491,9.79));
#4239 = CIRCLE('',#4240,4.E-02);
#4240 = AXIS2_PLACEMENT_3D('',#4241,#4242,#4243);
#4241 = CARTESIAN_POINT('',(-0.930530574762,1.946785970491,9.75));
#4242 = DIRECTION('',(-0.321402950898,-0.94694252368,-0.));
#4243 = DIRECTION('',(-0.94694252368,0.321402950898,0.));
#4244 = ORIENTED_EDGE('',*,*,#4245,.T.);
#4245 = EDGE_CURVE('',#4237,#4008,#4246,.T.);
#4246 = LINE('',#4247,#4248);
#4247 = CARTESIAN_POINT('',(-0.797958621447,1.901789557365,9.79));
#4248 = VECTOR('',#4249,1.);
#4249 = DIRECTION('',(-0.94694252368,0.321402950898,0.));
#4250 = PLANE('',#4251);
#4251 = AXIS2_PLACEMENT_3D('',#4252,#4253,#4254);
#4252 = CARTESIAN_POINT('',(-0.797958621447,1.901789557365,9.75));
#4253 = DIRECTION('',(0.321402950898,0.94694252368,0.));
#4254 = DIRECTION('',(-0.94694252368,0.321402950898,0.));
#4255 = ADVANCED_FACE('',(#4256),#4267,.F.);
#4256 = FACE_BOUND('',#4257,.T.);
#4257 = EDGE_LOOP('',(#4258,#4264,#4265,#4266));
#4258 = ORIENTED_EDGE('',*,*,#4259,.F.);
#4259 = EDGE_CURVE('',#2257,#4237,#4260,.T.);
#4260 = LINE('',#4261,#4262);
#4261 = CARTESIAN_POINT('',(-0.998025194451,1.747928040518,9.79));
#4262 = VECTOR('',#4263,1.);
#4263 = DIRECTION('',(0.321402950896,0.946942523681,0.));
#4264 = ORIENTED_EDGE('',*,*,#2254,.F.);
#4265 = ORIENTED_EDGE('',*,*,#4007,.T.);
#4266 = ORIENTED_EDGE('',*,*,#4245,.F.);
#4267 = PLANE('',#4268);
#4268 = AXIS2_PLACEMENT_3D('',#4269,#4270,#4271);
#4269 = CARTESIAN_POINT('',(-0.94,1.95,9.79));
#4270 = DIRECTION('',(0.,0.,1.));
#4271 = DIRECTION('',(0.,-1.,0.));
#4272 = ADVANCED_FACE('',(#4273),#4284,.F.);
#4273 = FACE_BOUND('',#4274,.T.);
#4274 = EDGE_LOOP('',(#4275,#4281,#4282,#4283));
#4275 = ORIENTED_EDGE('',*,*,#4276,.F.);
#4276 = EDGE_CURVE('',#4229,#2456,#4277,.T.);
#4277 = LINE('',#4278,#4279);
#4278 = CARTESIAN_POINT('',(-0.930530574762,1.946785970491,9.71));
#4279 = VECTOR('',#4280,1.);
#4280 = DIRECTION('',(-0.321402955143,-0.94694252224,0.));
#4281 = ORIENTED_EDGE('',*,*,#4228,.F.);
#4282 = ORIENTED_EDGE('',*,*,#4017,.T.);
#4283 = ORIENTED_EDGE('',*,*,#2455,.T.);
#4284 = PLANE('',#4285);
#4285 = AXIS2_PLACEMENT_3D('',#4286,#4287,#4288);
#4286 = CARTESIAN_POINT('',(-1.020350737724,1.71326436908,9.71));
#4287 = DIRECTION('',(0.,0.,-1.));
#4288 = DIRECTION('',(0.,1.,0.));
#4289 = ADVANCED_FACE('',(#4290),#4309,.T.);
#4290 = FACE_BOUND('',#4291,.T.);
#4291 = EDGE_LOOP('',(#4292,#4300,#4301,#4302));
#4292 = ORIENTED_EDGE('',*,*,#4293,.T.);
#4293 = EDGE_CURVE('',#4294,#4034,#4296,.T.);
#4294 = VERTEX_POINT('',#4295);
#4295 = CARTESIAN_POINT('',(-0.810882372395,1.708144635426,
    9.311068997642));
#4296 = LINE('',#4297,#4298);
#4297 = CARTESIAN_POINT('',(1.825747360628,0.813242827314,9.311068997642
    ));
#4298 = VECTOR('',#4299,1.);
#4299 = DIRECTION('',(-0.94694252368,0.321402950898,0.));
#4300 = ORIENTED_EDGE('',*,*,#4033,.T.);
#4301 = ORIENTED_EDGE('',*,*,#4221,.T.);
#4302 = ORIENTED_EDGE('',*,*,#4303,.F.);
#4303 = EDGE_CURVE('',#4294,#4214,#4304,.T.);
#4304 = CIRCLE('',#4305,0.2);
#4305 = AXIS2_PLACEMENT_3D('',#4306,#4307,#4308);
#4306 = CARTESIAN_POINT('',(-0.814892085443,1.696330905083,
    9.510679513339));
#4307 = DIRECTION('',(0.94694252368,-0.321402950898,0.));
#4308 = DIRECTION('',(-0.321402950898,-0.94694252368,0.));
#4309 = CYLINDRICAL_SURFACE('',#4310,0.2);
#4310 = AXIS2_PLACEMENT_3D('',#4311,#4312,#4313);
#4311 = CARTESIAN_POINT('',(1.82173764758,0.801429096971,9.510679513339)
  );
#4312 = DIRECTION('',(-0.94694252368,0.321402950898,0.));
#4313 = DIRECTION('',(-0.321402950898,-0.94694252368,0.));
#4314 = ADVANCED_FACE('',(#4315),#4326,.F.);
#4315 = FACE_BOUND('',#4316,.T.);
#4316 = EDGE_LOOP('',(#4317,#4318,#4319,#4320));
#4317 = ORIENTED_EDGE('',*,*,#3861,.F.);
#4318 = ORIENTED_EDGE('',*,*,#4042,.T.);
#4319 = ORIENTED_EDGE('',*,*,#4293,.F.);
#4320 = ORIENTED_EDGE('',*,*,#4321,.F.);
#4321 = EDGE_CURVE('',#3862,#4294,#4322,.T.);
#4322 = LINE('',#4323,#4324);
#4323 = CARTESIAN_POINT('',(-1.453667440219,-0.185684062555,
    9.186072751125));
#4324 = VECTOR('',#4325,1.);
#4325 = DIRECTION('',(0.320776279402,0.945098686905,6.237828615516E-02)
  );
#4326 = PLANE('',#4327);
#4327 = AXIS2_PLACEMENT_3D('',#4328,#4329,#4330);
#4328 = CARTESIAN_POINT('',(-1.196834485791,0.882158229461,
    9.254431010146));
#4329 = DIRECTION('',(-2.004856524226E-02,-5.906865171463E-02,
    0.998052578483));
#4330 = DIRECTION('',(2.168404344971E-19,-0.998253220076,
    -5.908052646817E-02));
#4331 = ADVANCED_FACE('',(#4332),#4350,.T.);
#4332 = FACE_BOUND('',#4333,.T.);
#4333 = EDGE_LOOP('',(#4334,#4342,#4348,#4349));
#4334 = ORIENTED_EDGE('',*,*,#4335,.T.);
#4335 = EDGE_CURVE('',#3900,#4336,#4338,.T.);
#4336 = VERTEX_POINT('',#4337);
#4337 = CARTESIAN_POINT('',(-0.810882372394,1.708144635427,
    10.188931002358));
#4338 = LINE('',#4339,#4340);
#4339 = CARTESIAN_POINT('',(-1.453668973358,-0.185683546308,
    10.313927249119));
#4340 = VECTOR('',#4341,1.);
#4341 = DIRECTION('',(0.320777043877,0.945098427434,-6.237828615518E-02)
  );
#4342 = ORIENTED_EDGE('',*,*,#4343,.T.);
#4343 = EDGE_CURVE('',#4336,#4050,#4344,.T.);
#4344 = LINE('',#4345,#4346);
#4345 = CARTESIAN_POINT('',(-0.810882372394,1.708144635427,
    10.188931002358));
#4346 = VECTOR('',#4347,1.);
#4347 = DIRECTION('',(-0.946942523682,0.321402950893,3.878733272055E-13)
  );
#4348 = ORIENTED_EDGE('',*,*,#4049,.T.);
#4349 = ORIENTED_EDGE('',*,*,#4082,.T.);
#4350 = PLANE('',#4351);
#4351 = AXIS2_PLACEMENT_3D('',#4352,#4353,#4354);
#4352 = CARTESIAN_POINT('',(-1.196834485791,0.882158229461,
    10.245568989854));
#4353 = DIRECTION('',(2.004856524226E-02,5.906865171463E-02,
    0.998052578483));
#4354 = DIRECTION('',(2.168404344971E-19,-0.998253220076,
    5.908052646817E-02));
#4355 = ADVANCED_FACE('',(#4356),#4368,.T.);
#4356 = FACE_BOUND('',#4357,.T.);
#4357 = EDGE_LOOP('',(#4358,#4359,#4360,#4361));
#4358 = ORIENTED_EDGE('',*,*,#4188,.F.);
#4359 = ORIENTED_EDGE('',*,*,#4057,.T.);
#4360 = ORIENTED_EDGE('',*,*,#4343,.F.);
#4361 = ORIENTED_EDGE('',*,*,#4362,.T.);
#4362 = EDGE_CURVE('',#4336,#4189,#4363,.T.);
#4363 = CIRCLE('',#4364,0.2);
#4364 = AXIS2_PLACEMENT_3D('',#4365,#4366,#4367);
#4365 = CARTESIAN_POINT('',(-0.814892085443,1.696330905083,
    9.989320486661));
#4366 = DIRECTION('',(-0.94694252368,0.321402950898,0.));
#4367 = DIRECTION('',(-0.321402950898,-0.94694252368,0.));
#4368 = CYLINDRICAL_SURFACE('',#4369,0.2);
#4369 = AXIS2_PLACEMENT_3D('',#4370,#4371,#4372);
#4370 = CARTESIAN_POINT('',(1.82173764758,0.801429096971,9.989320486661)
  );
#4371 = DIRECTION('',(-0.94694252368,0.321402950898,0.));
#4372 = DIRECTION('',(-0.321402950898,-0.94694252368,0.));
#4373 = ADVANCED_FACE('',(#4374),#4403,.F.);
#4374 = FACE_BOUND('',#4375,.F.);
#4375 = EDGE_LOOP('',(#4376,#4387,#4394,#4395,#4396));
#4376 = ORIENTED_EDGE('',*,*,#4377,.T.);
#4377 = EDGE_CURVE('',#4378,#4380,#4382,.T.);
#4378 = VERTEX_POINT('',#4379);
#4379 = CARTESIAN_POINT('',(-1.345207027375,0.133875526098,
    9.739998772117));
#4380 = VERTEX_POINT('',#4381);
#4381 = CARTESIAN_POINT('',(-1.345208333727,0.133871677216,
    9.760000818032));
#4382 = B_SPLINE_CURVE_WITH_KNOTS('',3,(#4383,#4384,#4385,#4386),
  .UNSPECIFIED.,.F.,.F.,(4,4),(0.,1.),.PIECEWISE_BEZIER_KNOTS.);
#4383 = CARTESIAN_POINT('',(-1.345207027375,0.133875526098,
    9.739998772117));
#4384 = CARTESIAN_POINT('',(-1.349913047033,0.120010282722,
    9.741639330081));
#4385 = CARTESIAN_POINT('',(-1.349061670339,0.122518675357,
    9.758653023053));
#4386 = CARTESIAN_POINT('',(-1.345208333727,0.133871677216,
    9.760000818032));
#4387 = ORIENTED_EDGE('',*,*,#4388,.T.);
#4388 = EDGE_CURVE('',#4380,#2297,#4389,.T.);
#4389 = CIRCLE('',#4390,0.14);
#4390 = AXIS2_PLACEMENT_3D('',#4391,#4392,#4393);
#4391 = CARTESIAN_POINT('',(-1.477779615754,0.178870068132,9.76));
#4392 = DIRECTION('',(-0.321402950898,-0.94694252368,0.));
#4393 = DIRECTION('',(0.94694252368,-0.321402950898,0.));
#4394 = ORIENTED_EDGE('',*,*,#2323,.F.);
#4395 = ORIENTED_EDGE('',*,*,#2430,.F.);
#4396 = ORIENTED_EDGE('',*,*,#4397,.T.);
#4397 = EDGE_CURVE('',#2423,#4378,#4398,.T.);
#4398 = CIRCLE('',#4399,0.14);
#4399 = AXIS2_PLACEMENT_3D('',#4400,#4401,#4402);
#4400 = CARTESIAN_POINT('',(-1.477778939075,0.178872061818,9.74));
#4401 = DIRECTION('',(-0.321402950881,-0.946942523636,9.749148699426E-06
    ));
#4402 = DIRECTION('',(0.946475667223,-0.321244171279,3.14005378096E-02)
  );
#4403 = ( BOUNDED_SURFACE() B_SPLINE_SURFACE(3,3,(
    (#4404,#4405,#4406,#4407)
    ,(#4408,#4409,#4410,#4411)
    ,(#4412,#4413,#4414,#4415)
    ,(#4416,#4417,#4418,#4419)
    ,(#4420,#4421,#4422,#4423)
    ,(#4424,#4425,#4426,#4427)
    ,(#4428,#4429,#4430,#4431
)),.UNSPECIFIED.,.F.,.F.,.F.) B_SPLINE_SURFACE_WITH_KNOTS((4,3,4),(4,4),
  (0.,1.,2.),(0.,1.),.PIECEWISE_BEZIER_KNOTS.) 
GEOMETRIC_REPRESENTATION_ITEM() RATIONAL_B_SPLINE_SURFACE((
    (1.409618244371,1.113176379305,1.113176379305,1.409618244371)
    ,(1.113140657192,0.879047849571,0.879047849571,1.113140657192)
    ,(1.113140657192,0.879047849571,0.879047849571,1.113140657192)
    ,(1.409618244371,1.113176379305,1.113176379305,1.409618244371)
    ,(1.113140657192,0.879047849571,0.879047849571,1.113140657192)
    ,(1.113140657192,0.879047849571,0.879047849571,1.113140657192)
    ,(1.409618244371,1.113176379305,1.113176379305,1.409618244371
))) REPRESENTATION_ITEM('') SURFACE() );
#4404 = CARTESIAN_POINT('',(-1.345158877756,0.13423218587,9.744407203395
    ));
#4405 = CARTESIAN_POINT('',(-1.34085376538,0.138499033231,9.658465582456
    ));
#4406 = CARTESIAN_POINT('',(-1.397309282204,0.161712992726,
    9.597666002742));
#4407 = CARTESIAN_POINT('',(-1.478907744998,0.189228419387,
    9.600366808885));
#4408 = CARTESIAN_POINT('',(-1.346265162873,0.130972762091,9.74418996121
    ));
#4409 = CARTESIAN_POINT('',(-1.358959763325,8.5153725295E-02,
    9.65491009166));
#4410 = CARTESIAN_POINT('',(-1.42744176259,7.2934321151E-02,
    9.591748860975));
#4411 = CARTESIAN_POINT('',(-1.508505991467,0.102023749584,
    9.594554575105));
#4412 = CARTESIAN_POINT('',(-1.347073329794,0.128591677469,9.74655051338
    ));
#4413 = CARTESIAN_POINT('',(-1.372186614509,4.6183741336E-02,
    9.693544031573));
#4414 = CARTESIAN_POINT('',(-1.449454237964,8.079443731001E-03,
    9.656044485012));
#4415 = CARTESIAN_POINT('',(-1.530128196581,3.8318716944E-02,
    9.657710269647));
#4416 = CARTESIAN_POINT('',(-1.347073446032,0.128591334998,
    9.749999412359));
#4417 = CARTESIAN_POINT('',(-1.372188516925,4.6178136291E-02,
    9.749990382387));
#4418 = CARTESIAN_POINT('',(-1.449457404014,8.070115668001E-03,
    9.749983994115));
#4419 = CARTESIAN_POINT('',(-1.530131306498,3.8309554262E-02,
    9.749984277891));
#4420 = CARTESIAN_POINT('',(-1.347073562271,0.128590992527,
    9.753448311338));
#4421 = CARTESIAN_POINT('',(-1.37219041934,4.6172531246E-02,
    9.806436733201));
#4422 = CARTESIAN_POINT('',(-1.449460570063,8.060787604E-03,
    9.843923503217));
#4423 = CARTESIAN_POINT('',(-1.530134416415,3.830039158E-02,
    9.842258286135));
#4424 = CARTESIAN_POINT('',(-1.346265554483,0.130971608298,
    9.755809390809));
#4425 = CARTESIAN_POINT('',(-1.358966172611,8.5134841754E-02,
    9.845079303167));
#4426 = CARTESIAN_POINT('',(-1.427452429093,7.2902894664E-02,
    9.908233489616));
#4427 = CARTESIAN_POINT('',(-1.508516468858,0.101992880273,
    9.905428088402));
#4428 = CARTESIAN_POINT('',(-1.345159254747,0.134231075148,
    9.755592870512));
#4429 = CARTESIAN_POINT('',(-1.340859935403,0.138480854628,
    9.841535627136));
#4430 = CARTESIAN_POINT('',(-1.397319550518,0.161682739414,
    9.902336010292));
#4431 = CARTESIAN_POINT('',(-1.478917831261,0.189198702452,
    9.899635168459));
#4432 = ADVANCED_FACE('',(#4433),#4452,.F.);
#4433 = FACE_BOUND('',#4434,.F.);
#4434 = EDGE_LOOP('',(#4435,#4444,#4450,#4451));
#4435 = ORIENTED_EDGE('',*,*,#4436,.T.);
#4436 = EDGE_CURVE('',#4122,#4437,#4439,.T.);
#4437 = VERTEX_POINT('',#4438);
#4438 = CARTESIAN_POINT('',(-1.184505703516,0.607346341295,
    9.739999761193));
#4439 = CIRCLE('',#4440,0.14);
#4440 = AXIS2_PLACEMENT_3D('',#4441,#4442,#4443);
#4441 = CARTESIAN_POINT('',(-1.317077713249,0.652342588198,9.74));
#4442 = DIRECTION('',(-0.321402950898,-0.94694252368,-0.));
#4443 = DIRECTION('',(-0.94694252368,0.321402950898,0.));
#4444 = ORIENTED_EDGE('',*,*,#4445,.T.);
#4445 = EDGE_CURVE('',#4437,#4378,#4446,.T.);
#4446 = LINE('',#4447,#4448);
#4447 = CARTESIAN_POINT('',(-1.346461102956,0.130180670474,
    9.739999761184));
#4448 = VECTOR('',#4449,1.);
#4449 = DIRECTION('',(-0.321402950898,-0.94694252368,-0.));
#4450 = ORIENTED_EDGE('',*,*,#4397,.F.);
#4451 = ORIENTED_EDGE('',*,*,#4121,.F.);
#4452 = CYLINDRICAL_SURFACE('',#4453,0.14);
#4453 = AXIS2_PLACEMENT_3D('',#4454,#4455,#4456);
#4454 = CARTESIAN_POINT('',(-1.479033056271,0.1751770836,9.74));
#4455 = DIRECTION('',(0.321402950898,0.94694252368,0.));
#4456 = DIRECTION('',(-0.94694252368,0.321402950898,0.));
#4457 = ADVANCED_FACE('',(#4458),#4478,.F.);
#4458 = FACE_BOUND('',#4459,.F.);
#4459 = EDGE_LOOP('',(#4460,#4469,#4476,#4477));
#4460 = ORIENTED_EDGE('',*,*,#4461,.T.);
#4461 = EDGE_CURVE('',#4148,#4462,#4464,.T.);
#4462 = VERTEX_POINT('',#4463);
#4463 = CARTESIAN_POINT('',(-1.184505687714,0.607346387852,9.76000021489
    ));
#4464 = CIRCLE('',#4465,0.14);
#4465 = AXIS2_PLACEMENT_3D('',#4466,#4467,#4468);
#4466 = CARTESIAN_POINT('',(-1.317077528201,0.652343133402,9.76));
#4467 = DIRECTION('',(0.321402950898,0.94694252368,0.));
#4468 = DIRECTION('',(0.94694252368,-0.321402950898,0.));
#4469 = ORIENTED_EDGE('',*,*,#4470,.T.);
#4470 = EDGE_CURVE('',#4462,#4437,#4471,.T.);
#4471 = B_SPLINE_CURVE_WITH_KNOTS('',3,(#4472,#4473,#4474,#4475),
  .UNSPECIFIED.,.F.,.F.,(4,4),(0.,1.),.PIECEWISE_BEZIER_KNOTS.);
#4472 = CARTESIAN_POINT('',(-1.184505687714,0.607346387852,9.76000021489
    ));
#4473 = CARTESIAN_POINT('',(-1.17976600448,0.621310813477,9.758274578678
    ));
#4474 = CARTESIAN_POINT('',(-1.18068699778,0.618597310949,9.741391007815
    ));
#4475 = CARTESIAN_POINT('',(-1.184505703516,0.607346341295,
    9.739999761193));
#4476 = ORIENTED_EDGE('',*,*,#4436,.F.);
#4477 = ORIENTED_EDGE('',*,*,#4155,.F.);
#4478 = ( BOUNDED_SURFACE() B_SPLINE_SURFACE(3,3,(
    (#4479,#4480,#4481,#4482)
    ,(#4483,#4484,#4485,#4486)
    ,(#4487,#4488,#4489,#4490)
    ,(#4491,#4492,#4493,#4494)
    ,(#4495,#4496,#4497,#4498)
    ,(#4499,#4500,#4501,#4502)
    ,(#4503,#4504,#4505,#4506
)),.UNSPECIFIED.,.F.,.F.,.F.) B_SPLINE_SURFACE_WITH_KNOTS((4,3,4),(4,4),
  (0.,1.,2.),(0.,1.),.PIECEWISE_BEZIER_KNOTS.) 
GEOMETRIC_REPRESENTATION_ITEM() RATIONAL_B_SPLINE_SURFACE((
    (1.810232031066,1.41391007903,1.41391007903,1.810232031066)
    ,(0.991868738905,0.774714612792,0.774714612792,0.991868738905)
    ,(0.991868738905,0.774714612792,0.774714612792,0.991868738905)
    ,(1.810232031066,1.41391007903,1.41391007903,1.810232031066)
    ,(0.991868738905,0.774714612792,0.774714612792,0.991868738905)
    ,(0.991868738905,0.774714612792,0.774714612792,0.991868738905)
    ,(1.810232031066,1.41391007903,1.41391007903,1.810232031066
))) REPRESENTATION_ITEM('') SURFACE() );
#4479 = CARTESIAN_POINT('',(-1.185958331375,0.603299260177,
    9.753305791319));
#4480 = CARTESIAN_POINT('',(-1.205765121528,0.535938759984,
    9.807239094981));
#4481 = CARTESIAN_POINT('',(-1.281697414871,0.510161771789,
    9.844767495875));
#4482 = CARTESIAN_POINT('',(-1.36388265219,0.542898699159,9.841242227139
    ));
#4483 = CARTESIAN_POINT('',(-1.18473438457,0.60690534803,9.758259137783)
  );
#4484 = CARTESIAN_POINT('',(-1.184572734987,0.598377427515,
    9.893005267553));
#4485 = CARTESIAN_POINT('',(-1.246610392534,0.613537902553,
    9.986765642562));
#4486 = CARTESIAN_POINT('',(-1.330100836683,0.642429327428,
    9.977958165803));
#4487 = CARTESIAN_POINT('',(-1.182833123338,0.612506992645,
    9.756248083356));
#4488 = CARTESIAN_POINT('',(-1.151652788824,0.695368748883,
    9.858184274866));
#4489 = CARTESIAN_POINT('',(-1.192106720468,0.774120886101,
    9.929114516494));
#4490 = CARTESIAN_POINT('',(-1.277624653993,0.797038763124,
    9.922451611673));
#4491 = CARTESIAN_POINT('',(-1.182833094033,0.612507078985,
    9.750000079149));
#4492 = CARTESIAN_POINT('',(-1.151652281419,0.695370243838,
    9.750001370462));
#4493 = CARTESIAN_POINT('',(-1.192105880388,0.774123361211,
    9.750002268996));
#4494 = CARTESIAN_POINT('',(-1.277623845163,0.797041146163,
    9.750002184591));
#4495 = CARTESIAN_POINT('',(-1.182833064728,0.612507165324,
    9.743752074943));
#4496 = CARTESIAN_POINT('',(-1.151651774015,0.695371738792,
    9.641818466057));
#4497 = CARTESIAN_POINT('',(-1.192105040308,0.774125836322,
    9.570890021497));
#4498 = CARTESIAN_POINT('',(-1.277623036333,0.797043529201,
    9.577552757509));
#4499 = CARTESIAN_POINT('',(-1.184734307095,0.606905576292,
    9.741740847866));
#4500 = CARTESIAN_POINT('',(-1.184571393527,0.598381379831,
    9.606994483979));
#4501 = CARTESIAN_POINT('',(-1.246608171555,0.613544446177,
    9.513233946065));
#4502 = CARTESIAN_POINT('',(-1.330098698322,0.642435627635,
    9.522041438127));
#4503 = CARTESIAN_POINT('',(-1.185958300365,0.603299351543,
    9.746694083184));
#4504 = CARTESIAN_POINT('',(-1.205764584588,0.535940341962,
    9.692758732069));
#4505 = CARTESIAN_POINT('',(-1.281696525889,0.510164390978,
    9.655228906497));
#4506 = CARTESIAN_POINT('',(-1.363881796277,0.542901220917,
    9.658754309061));
#4507 = ADVANCED_FACE('',(#4508),#4519,.F.);
#4508 = FACE_BOUND('',#4509,.F.);
#4509 = EDGE_LOOP('',(#4510,#4511,#4517,#4518));
#4510 = ORIENTED_EDGE('',*,*,#4388,.F.);
#4511 = ORIENTED_EDGE('',*,*,#4512,.T.);
#4512 = EDGE_CURVE('',#4380,#4462,#4513,.T.);
#4513 = LINE('',#4514,#4515);
#4514 = CARTESIAN_POINT('',(-1.104154741252,0.844082633772,
    9.760000238766));
#4515 = VECTOR('',#4516,1.);
#4516 = DIRECTION('',(0.321402950898,0.94694252368,0.));
#4517 = ORIENTED_EDGE('',*,*,#4461,.F.);
#4518 = ORIENTED_EDGE('',*,*,#4170,.F.);
#4519 = CYLINDRICAL_SURFACE('',#4520,0.14);
#4520 = AXIS2_PLACEMENT_3D('',#4521,#4522,#4523);
#4521 = CARTESIAN_POINT('',(-1.315823283761,0.656038486515,9.76));
#4522 = DIRECTION('',(-0.321402950898,-0.94694252368,0.));
#4523 = DIRECTION('',(0.94694252368,-0.321402950898,0.));
#4524 = ADVANCED_FACE('',(#4525),#4537,.F.);
#4525 = FACE_BOUND('',#4526,.F.);
#4526 = EDGE_LOOP('',(#4527,#4528,#4529,#4530));
#4527 = ORIENTED_EDGE('',*,*,#4276,.F.);
#4528 = ORIENTED_EDGE('',*,*,#4236,.T.);
#4529 = ORIENTED_EDGE('',*,*,#4259,.F.);
#4530 = ORIENTED_EDGE('',*,*,#4531,.T.);
#4531 = EDGE_CURVE('',#2257,#2456,#4532,.T.);
#4532 = CIRCLE('',#4533,4.E-02);
#4533 = AXIS2_PLACEMENT_3D('',#4534,#4535,#4536);
#4534 = CARTESIAN_POINT('',(-0.998025194451,1.747928040518,9.75));
#4535 = DIRECTION('',(0.321402950898,0.94694252368,0.));
#4536 = DIRECTION('',(-0.94694252368,0.321402950898,0.));
#4537 = CYLINDRICAL_SURFACE('',#4538,4.E-02);
#4538 = AXIS2_PLACEMENT_3D('',#4539,#4540,#4541);
#4539 = CARTESIAN_POINT('',(-1.670914412452,-0.234590827059,9.75));
#4540 = DIRECTION('',(0.321402950898,0.94694252368,0.));
#4541 = DIRECTION('',(-0.94694252368,0.321402950898,0.));
#4542 = ADVANCED_FACE('',(#4543),#4569,.T.);
#4543 = FACE_BOUND('',#4544,.T.);
#4544 = EDGE_LOOP('',(#4545,#4546,#4554,#4563));
#4545 = ORIENTED_EDGE('',*,*,#4204,.F.);
#4546 = ORIENTED_EDGE('',*,*,#4547,.T.);
#4547 = EDGE_CURVE('',#4197,#4548,#4550,.T.);
#4548 = VERTEX_POINT('',#4549);
#4549 = CARTESIAN_POINT('',(-0.818106114952,1.686861479847,
    9.896628782986));
#4550 = LINE('',#4551,#4552);
#4551 = CARTESIAN_POINT('',(-1.490995332953,-0.29565738773,
    9.896628782986));
#4552 = VECTOR('',#4553,1.);
#4553 = DIRECTION('',(-0.321402950898,-0.94694252368,-0.));
#4554 = ORIENTED_EDGE('',*,*,#4555,.T.);
#4555 = EDGE_CURVE('',#4548,#4556,#4558,.T.);
#4556 = VERTEX_POINT('',#4557);
#4557 = CARTESIAN_POINT('',(-0.818106114952,1.686861479847,
    9.603371217014));
#4558 = CIRCLE('',#4559,0.24);
#4559 = AXIS2_PLACEMENT_3D('',#4560,#4561,#4562);
#4560 = CARTESIAN_POINT('',(-0.998025194451,1.747928040518,9.75));
#4561 = DIRECTION('',(0.321402950898,0.94694252368,0.));
#4562 = DIRECTION('',(-0.94694252368,0.321402950898,0.));
#4563 = ORIENTED_EDGE('',*,*,#4564,.T.);
#4564 = EDGE_CURVE('',#4556,#4205,#4565,.T.);
#4565 = LINE('',#4566,#4567);
#4566 = CARTESIAN_POINT('',(-1.490995332953,-0.29565738773,
    9.603371217013));
#4567 = VECTOR('',#4568,1.);
#4568 = DIRECTION('',(0.321402950898,0.94694252368,0.));
#4569 = CYLINDRICAL_SURFACE('',#4570,0.24);
#4570 = AXIS2_PLACEMENT_3D('',#4571,#4572,#4573);
#4571 = CARTESIAN_POINT('',(-1.670914412452,-0.234590827059,9.75));
#4572 = DIRECTION('',(0.321402950898,0.94694252368,0.));
#4573 = DIRECTION('',(-0.94694252368,0.321402950898,0.));
#4574 = ADVANCED_FACE('',(#4575),#4580,.F.);
#4575 = FACE_BOUND('',#4576,.F.);
#4576 = EDGE_LOOP('',(#4577,#4578,#4579));
#4577 = ORIENTED_EDGE('',*,*,#4531,.F.);
#4578 = ORIENTED_EDGE('',*,*,#2281,.F.);
#4579 = ORIENTED_EDGE('',*,*,#2463,.F.);
#4580 = SPHERICAL_SURFACE('',#4581,4.E-02);
#4581 = AXIS2_PLACEMENT_3D('',#4582,#4583,#4584);
#4582 = CARTESIAN_POINT('',(-0.998025194451,1.747928040518,9.75));
#4583 = DIRECTION('',(-0.3214029509,-0.94694252368,6.500674057075E-12));
#4584 = DIRECTION('',(2.097931203759E-12,6.152847328855E-12,1.));
#4585 = ADVANCED_FACE('',(#4586,#4628),#4673,.T.);
#4586 = FACE_BOUND('',#4587,.T.);
#4587 = EDGE_LOOP('',(#4588,#4602,#4610,#4622));
#4588 = ORIENTED_EDGE('',*,*,#4589,.T.);
#4589 = EDGE_CURVE('',#4590,#4592,#4594,.T.);
#4590 = VERTEX_POINT('',#4591);
#4591 = CARTESIAN_POINT('',(-1.184511387382,0.607313170323,
    10.069834821568));
#4592 = VERTEX_POINT('',#4593);
#4593 = CARTESIAN_POINT('',(-1.184515632788,0.607311493574,
    9.430162742527));
#4594 = ( BOUNDED_CURVE() B_SPLINE_CURVE(3,(#4595,#4596,#4597,#4598,
#4599,#4600,#4601),.UNSPECIFIED.,.F.,.F.) B_SPLINE_CURVE_WITH_KNOTS((4,3
    ,4),(6.594944350063E-19,4.999351938741E-04,9.998266525752E-04),
.UNSPECIFIED.) CURVE() GEOMETRIC_REPRESENTATION_ITEM() 
RATIONAL_B_SPLINE_CURVE((1.114416143946,1.008924396562,1.184493519353,
    1.641123512317,1.184533466114,1.008955116879,1.114388464612)) 
REPRESENTATION_ITEM('') );
#4595 = CARTESIAN_POINT('',(-1.184511387382,0.607313170323,
    10.069834821568));
#4596 = CARTESIAN_POINT('',(-1.119555698202,0.798707129273,
    10.06986011165));
#4597 = CARTESIAN_POINT('',(-1.081703978295,0.910228828358,
    9.922132307725));
#4598 = CARTESIAN_POINT('',(-1.081708387693,0.910215837049,9.74997451213
    ));
#4599 = CARTESIAN_POINT('',(-1.081712796556,0.910202847315,
    9.577837582465));
#4600 = CARTESIAN_POINT('',(-1.11956430766,0.798681763427,9.430138025952
    ));
#4601 = CARTESIAN_POINT('',(-1.184515632788,0.607311493574,
    9.430162742527));
#4602 = ORIENTED_EDGE('',*,*,#4603,.T.);
#4603 = EDGE_CURVE('',#4592,#4604,#4606,.T.);
#4604 = VERTEX_POINT('',#4605);
#4605 = CARTESIAN_POINT('',(-1.345207698628,0.133872677033,
    9.430161458857));
#4606 = LINE('',#4607,#4608);
#4607 = CARTESIAN_POINT('',(-1.453668971583,-0.185683541078,
    9.430162824978));
#4608 = VECTOR('',#4609,1.);
#4609 = DIRECTION('',(-0.321402950898,-0.94694252368,-0.));
#4610 = ORIENTED_EDGE('',*,*,#4611,.T.);
#4611 = EDGE_CURVE('',#4604,#4612,#4614,.T.);
#4612 = VERTEX_POINT('',#4613);
#4613 = CARTESIAN_POINT('',(-1.345199754891,0.13387966326,
    10.069835858384));
#4614 = ( BOUNDED_CURVE() B_SPLINE_CURVE(3,(#4615,#4616,#4617,#4618,
#4619,#4620,#4621),.UNSPECIFIED.,.F.,.F.) B_SPLINE_CURVE_WITH_KNOTS((4,3
,4),(0.,4.998927076285E-04,9.997588412155E-04),.UNSPECIFIED.) CURVE() 
GEOMETRIC_REPRESENTATION_ITEM() RATIONAL_B_SPLINE_CURVE((1.255134700453,
    1.017791105181,1.028821834226,1.288226887588,1.028835624067,
1.017792278659,1.255096851365)) REPRESENTATION_ITEM('') );
#4615 = CARTESIAN_POINT('',(-1.345207698628,0.133872677033,
    9.430161458857));
#4616 = CARTESIAN_POINT('',(-1.405751504041,-4.450534866704E-02,
    9.43016356997));
#4617 = CARTESIAN_POINT('',(-1.44800724701,-0.169002525107,
    9.563664727901));
#4618 = CARTESIAN_POINT('',(-1.448004045888,-0.168993093714,
    9.750017094181));
#4619 = CARTESIAN_POINT('',(-1.448000844981,-0.168983662948,
    9.936357056451));
#4620 = CARTESIAN_POINT('',(-1.405745057207,-4.448635449931E-02,
    10.06984221778));
#4621 = CARTESIAN_POINT('',(-1.345199754891,0.13387966326,
    10.069835858384));
#4622 = ORIENTED_EDGE('',*,*,#4623,.T.);
#4623 = EDGE_CURVE('',#4612,#4590,#4624,.T.);
#4624 = LINE('',#4625,#4626);
#4625 = CARTESIAN_POINT('',(-1.453668971583,-0.185683541078,
    10.069837607384));
#4626 = VECTOR('',#4627,1.);
#4627 = DIRECTION('',(0.321402950898,0.94694252368,0.));
#4628 = FACE_BOUND('',#4629,.T.);
#4629 = EDGE_LOOP('',(#4630,#4631,#4632,#4633,#4634,#4635,#4636,#4637,
    #4638,#4672));
#4630 = ORIENTED_EDGE('',*,*,#4196,.T.);
#4631 = ORIENTED_EDGE('',*,*,#4362,.F.);
#4632 = ORIENTED_EDGE('',*,*,#4335,.F.);
#4633 = ORIENTED_EDGE('',*,*,#3899,.T.);
#4634 = ORIENTED_EDGE('',*,*,#4321,.T.);
#4635 = ORIENTED_EDGE('',*,*,#4303,.T.);
#4636 = ORIENTED_EDGE('',*,*,#4213,.T.);
#4637 = ORIENTED_EDGE('',*,*,#4564,.F.);
#4638 = ORIENTED_EDGE('',*,*,#4639,.T.);
#4639 = EDGE_CURVE('',#4556,#4548,#4640,.T.);
#4640 = B_SPLINE_CURVE_WITH_KNOTS('',3,(#4641,#4642,#4643,#4644,#4645,
    #4646,#4647,#4648,#4649,#4650,#4651,#4652,#4653,#4654,#4655,#4656,
    #4657,#4658,#4659,#4660,#4661,#4662,#4663,#4664,#4665,#4666,#4667,
    #4668,#4669,#4670,#4671),.UNSPECIFIED.,.F.,.F.,(4,3,3,3,3,3,3,3,3,3,
    4),(-2.298858822349E-04,-1.80636028826E-04,-1.313861754165E-04,
    -8.213632200673E-05,-3.288646859706E-05,7.86046575052E-19,
    4.867517551491E-05,9.735035102981E-05,1.466002044394E-04,
    1.958500578491E-04,2.283610530702E-04),.UNSPECIFIED.);
#4641 = CARTESIAN_POINT('',(-0.818106114952,1.686861479847,
    9.603371217014));
#4642 = CARTESIAN_POINT('',(-0.823380738877,1.671320970101,
    9.603371217014));
#4643 = CARTESIAN_POINT('',(-0.828728103122,1.655566147133,
    9.606204643266));
#4644 = CARTESIAN_POINT('',(-0.833705390129,1.640901674681,
    9.611636858509));
#4645 = CARTESIAN_POINT('',(-0.838682677135,1.62623720223,9.617069073753
    ));
#4646 = CARTESIAN_POINT('',(-0.843427166625,1.612258616039,
    9.625249905193));
#4647 = CARTESIAN_POINT('',(-0.847545965361,1.600123488908,
    9.635501894619));
#4648 = CARTESIAN_POINT('',(-0.851664764096,1.587988361778,
    9.645753884045));
#4649 = CARTESIAN_POINT('',(-0.855271473632,1.57736199192,9.658359793985
    ));
#4650 = CARTESIAN_POINT('',(-0.858067420783,1.569124353641,
    9.672275723555));
#4651 = CARTESIAN_POINT('',(-0.860863367934,1.560886715362,
    9.686191653125));
#4652 = CARTESIAN_POINT('',(-0.862925668375,1.554810604428,
    9.701801420845));
#4653 = CARTESIAN_POINT('',(-0.86408354211,1.551399186227,9.717812375063
    ));
#4654 = CARTESIAN_POINT('',(-0.864862818776,1.549103220334,
    9.728588129496));
#4655 = CARTESIAN_POINT('',(-0.865250681188,1.547960469746,
    9.739709476085));
#4656 = CARTESIAN_POINT('',(-0.865232414593,1.548014288218,
    9.750754492383));
#4657 = CARTESIAN_POINT('',(-0.865205581437,1.548093346163,9.76697933609
    ));
#4658 = CARTESIAN_POINT('',(-0.864288831362,1.550794346968,9.78340875003
    ));
#4659 = CARTESIAN_POINT('',(-0.862556402533,1.555898564348,
    9.798712284876));
#4660 = CARTESIAN_POINT('',(-0.860823973703,1.561002781727,
    9.814015819722));
#4661 = CARTESIAN_POINT('',(-0.858229138243,1.568647889005,
    9.828606249534));
#4662 = CARTESIAN_POINT('',(-0.854982025199,1.578214787543,
    9.841302045403));
#4663 = CARTESIAN_POINT('',(-0.851697649899,1.587891471052,
    9.854143531915));
#4664 = CARTESIAN_POINT('',(-0.847655398077,1.599801069676,
    9.865397807381));
#4665 = CARTESIAN_POINT('',(-0.843190010363,1.612957344375,
    9.874132900357));
#4666 = CARTESIAN_POINT('',(-0.838724622649,1.626113619074,
    9.882867993334));
#4667 = CARTESIAN_POINT('',(-0.833712938137,1.640879436147,
    9.889324828469));
#4668 = CARTESIAN_POINT('',(-0.8285699766,1.656032031863,9.892968712439)
  );
#4669 = CARTESIAN_POINT('',(-0.825147663638,1.666115118107,
    9.895393484869));
#4670 = CARTESIAN_POINT('',(-0.821616040838,1.676520261551,
    9.896628782986));
#4671 = CARTESIAN_POINT('',(-0.818106114952,1.686861479847,
    9.896628782986));
#4672 = ORIENTED_EDGE('',*,*,#4547,.F.);
#4673 = PLANE('',#4674);
#4674 = AXIS2_PLACEMENT_3D('',#4675,#4676,#4677);
#4675 = CARTESIAN_POINT('',(-1.453668971583,-0.185683541078,9.175));
#4676 = DIRECTION('',(0.94694252368,-0.321402950898,0.));
#4677 = DIRECTION('',(0.321402950898,0.94694252368,0.));
#4678 = ADVANCED_FACE('',(#4679),#4685,.F.);
#4679 = FACE_BOUND('',#4680,.T.);
#4680 = EDGE_LOOP('',(#4681,#4682,#4683,#4684));
#4681 = ORIENTED_EDGE('',*,*,#4470,.T.);
#4682 = ORIENTED_EDGE('',*,*,#4445,.T.);
#4683 = ORIENTED_EDGE('',*,*,#4377,.T.);
#4684 = ORIENTED_EDGE('',*,*,#4512,.T.);
#4685 = PLANE('',#4686);
#4686 = AXIS2_PLACEMENT_3D('',#4687,#4688,#4689);
#4687 = CARTESIAN_POINT('',(-1.104154741252,0.844082633772,9.75));
#4688 = DIRECTION('',(0.94694252368,-0.321402950898,0.));
#4689 = DIRECTION('',(0.321402950898,0.94694252368,0.));
#4690 = ADVANCED_FACE('',(#4691),#4695,.T.);
#4691 = FACE_BOUND('',#4692,.T.);
#4692 = EDGE_LOOP('',(#4693,#4694));
#4693 = ORIENTED_EDGE('',*,*,#4555,.F.);
#4694 = ORIENTED_EDGE('',*,*,#4639,.F.);
#4695 = SPHERICAL_SURFACE('',#4696,0.24);
#4696 = AXIS2_PLACEMENT_3D('',#4697,#4698,#4699);
#4697 = CARTESIAN_POINT('',(-0.998025194451,1.747928040518,9.75));
#4698 = DIRECTION('',(0.835257307431,0.549859282347,-1.145328998986E-12)
  );
#4699 = DIRECTION('',(0.549859282347,-0.835257307431,7.228014483237E-13)
  );
#4700 = ADVANCED_FACE('',(#4701),#4730,.T.);
#4701 = FACE_BOUND('',#4702,.T.);
#4702 = EDGE_LOOP('',(#4703,#4714,#4722,#4729));
#4703 = ORIENTED_EDGE('',*,*,#4704,.T.);
#4704 = EDGE_CURVE('',#4592,#4705,#4707,.T.);
#4705 = VERTEX_POINT('',#4706);
#4706 = CARTESIAN_POINT('',(-0.995117497991,0.543064869558,
    9.739999475482));
#4707 = B_SPLINE_CURVE_WITH_KNOTS('',3,(#4708,#4709,#4710,#4711,#4712,
    #4713),.UNSPECIFIED.,.F.,.F.,(4,2,4),(0.,0.5,1.),.UNSPECIFIED.);
#4708 = CARTESIAN_POINT('',(-1.184515632788,0.607311493574,
    9.430162742527));
#4709 = CARTESIAN_POINT('',(-1.12845492059,0.588290062646,9.456911931817
    ));
#4710 = CARTESIAN_POINT('',(-1.079945701656,0.571831693527,
    9.501030246924));
#4711 = CARTESIAN_POINT('',(-1.013218891952,0.549196274838,
    9.610189398367));
#4712 = CARTESIAN_POINT('',(-0.995119481623,0.543059337039,
    9.675036891024));
#4713 = CARTESIAN_POINT('',(-0.995117497991,0.543064869558,
    9.739999475482));
#4714 = ORIENTED_EDGE('',*,*,#4715,.T.);
#4715 = EDGE_CURVE('',#4705,#4716,#4718,.T.);
#4716 = VERTEX_POINT('',#4717);
#4717 = CARTESIAN_POINT('',(-1.155819247376,6.959280062577E-02,
    9.739999504426));
#4718 = LINE('',#4719,#4720);
#4719 = CARTESIAN_POINT('',(-1.15707259822,6.590008029468E-02,
    9.739999475496));
#4720 = VECTOR('',#4721,1.);
#4721 = DIRECTION('',(-0.321402950898,-0.94694252368,-0.));
#4722 = ORIENTED_EDGE('',*,*,#4723,.T.);
#4723 = EDGE_CURVE('',#4716,#4604,#4724,.T.);
#4724 = CIRCLE('',#4725,0.34);
#4725 = AXIS2_PLACEMENT_3D('',#4726,#4727,#4728);
#4726 = CARTESIAN_POINT('',(-1.477779705427,0.178869803931,9.74));
#4727 = DIRECTION('',(0.321402950898,0.94694252368,0.));
#4728 = DIRECTION('',(-0.94694252368,0.321402950898,0.));
#4729 = ORIENTED_EDGE('',*,*,#4603,.F.);
#4730 = CYLINDRICAL_SURFACE('',#4731,0.34);
#4731 = AXIS2_PLACEMENT_3D('',#4732,#4733,#4734);
#4732 = CARTESIAN_POINT('',(-1.479033056271,0.1751770836,9.74));
#4733 = DIRECTION('',(0.321402950898,0.94694252368,0.));
#4734 = DIRECTION('',(-0.94694252368,0.321402950898,0.));
#4735 = ADVANCED_FACE('',(#4736),#4761,.T.);
#4736 = FACE_BOUND('',#4737,.T.);
#4737 = EDGE_LOOP('',(#4738,#4749,#4759,#4760));
#4738 = ORIENTED_EDGE('',*,*,#4739,.T.);
#4739 = EDGE_CURVE('',#4590,#4740,#4742,.T.);
#4740 = VERTEX_POINT('',#4741);
#4741 = CARTESIAN_POINT('',(-0.995116689684,0.543067251054,
    9.760000349779));
#4742 = B_SPLINE_CURVE_WITH_KNOTS('',3,(#4743,#4744,#4745,#4746,#4747,
    #4748),.UNSPECIFIED.,.F.,.F.,(4,2,4),(0.,0.5,1.),.UNSPECIFIED.);
#4743 = CARTESIAN_POINT('',(-1.184511387382,0.607313170323,
    10.069834821568));
#4744 = CARTESIAN_POINT('',(-1.13136326017,0.589287895732,
    10.044476575881));
#4745 = CARTESIAN_POINT('',(-1.080749897127,0.572122213636,
    10.000366834193));
#4746 = CARTESIAN_POINT('',(-1.012197179464,0.548868998752,
    9.888075901617));
#4747 = CARTESIAN_POINT('',(-0.995115108282,0.543072106666,
    9.821341268728));
#4748 = CARTESIAN_POINT('',(-0.995116689684,0.543067251054,
    9.760000349779));
#4749 = ORIENTED_EDGE('',*,*,#4750,.T.);
#4750 = EDGE_CURVE('',#4740,#4705,#4751,.T.);
#4751 = ( BOUNDED_CURVE() B_SPLINE_CURVE(3,(#4752,#4753,#4754,#4755,
#4756,#4757,#4758),.UNSPECIFIED.,.F.,.F.) B_SPLINE_CURVE_WITH_KNOTS((4,3
,4),(0.,0.499986583904,1.),.UNSPECIFIED.) CURVE() 
GEOMETRIC_REPRESENTATION_ITEM() RATIONAL_B_SPLINE_CURVE((1.118802617208,
    1.012968233322,1.189246098309,1.647636212167,1.189221498425,
1.012949313941,1.118819658714)) REPRESENTATION_ITEM('') );
#4752 = CARTESIAN_POINT('',(-0.995116689684,0.543067251054,
    9.760000349779));
#4753 = CARTESIAN_POINT('',(-0.993085848119,0.549050675386,
    9.759999965269));
#4754 = CARTESIAN_POINT('',(-0.99190263825,0.552536740887,9.755381284621
    ));
#4755 = CARTESIAN_POINT('',(-0.991902776099,0.552536334747,9.74999920306
    ));
#4756 = CARTESIAN_POINT('',(-0.991902913958,0.552535928575,
    9.744616721328));
#4757 = CARTESIAN_POINT('',(-0.993086509525,0.549048726701,
    9.739998445729));
#4758 = CARTESIAN_POINT('',(-0.995117497991,0.543064869558,
    9.739999475482));
#4759 = ORIENTED_EDGE('',*,*,#4704,.F.);
#4760 = ORIENTED_EDGE('',*,*,#4589,.F.);
#4761 = ( BOUNDED_SURFACE() B_SPLINE_SURFACE(3,3,(
    (#4762,#4763,#4764,#4765)
    ,(#4766,#4767,#4768,#4769)
    ,(#4770,#4771,#4772,#4773)
    ,(#4774,#4775,#4776,#4777)
    ,(#4778,#4779,#4780,#4781)
    ,(#4782,#4783,#4784,#4785)
    ,(#4786,#4787,#4788,#4789
)),.UNSPECIFIED.,.F.,.F.,.F.) B_SPLINE_SURFACE_WITH_KNOTS((4,3,4),(4,4),
  (0.,1.,2.),(0.,1.),.PIECEWISE_BEZIER_KNOTS.) 
GEOMETRIC_REPRESENTATION_ITEM() RATIONAL_B_SPLINE_SURFACE((
    (1.654347222941,1.465812871783,1.465812871783,1.654347222941)
    ,(0.906498286149,0.803191033696,0.803191033696,0.906498286149)
    ,(0.906498286149,0.803191033696,0.803191033696,0.906498286149)
    ,(1.654347222941,1.465812871783,1.465812871783,1.654347222941)
    ,(0.906498286149,0.803191033696,0.803191033696,0.906498286149)
    ,(0.906498286149,0.803191033696,0.803191033696,0.906498286149)
    ,(1.654347222941,1.465812871783,1.465812871783,1.654347222941
))) REPRESENTATION_ITEM('') SURFACE() );
#4762 = CARTESIAN_POINT('',(-0.996528237592,0.539004213461,
    9.753307241613));
#4763 = CARTESIAN_POINT('',(-1.031146170207,0.431021289076,
    9.840505549499));
#4764 = CARTESIAN_POINT('',(-1.13585651613,0.366395182803,9.913453941942
    ));
#4765 = CARTESIAN_POINT('',(-1.274859963971,0.36722084698,9.94721216883)
  );
#4766 = CARTESIAN_POINT('',(-0.995303828182,0.542611664274,
    9.758260658959));
#4767 = CARTESIAN_POINT('',(-0.997639139452,0.529742325004,
    9.976060132807));
#4768 = CARTESIAN_POINT('',(-1.075342478152,0.544686376705,
    10.158266896644));
#4769 = CARTESIAN_POINT('',(-1.201847930534,0.582334613064,
    10.242586469263));
#4770 = CARTESIAN_POINT('',(-0.99340237015,0.548213888717,9.756248505431
    ));
#4771 = CARTESIAN_POINT('',(-0.945604083004,0.683052080048,
    9.920995797623));
#4772 = CARTESIAN_POINT('',(-0.981366637525,0.821565351957,
    10.058820147843));
#4773 = CARTESIAN_POINT('',(-1.0884632111,0.916397545802,10.122600932169
    ));
#4774 = CARTESIAN_POINT('',(-0.993402530202,0.548213417162,
    9.749999567687));
#4775 = CARTESIAN_POINT('',(-0.945608462943,0.683039175533,
    9.749988169388));
#4776 = CARTESIAN_POINT('',(-0.981374547739,0.821542046271,
    9.749978633795));
#4777 = CARTESIAN_POINT('',(-1.088472755015,0.916369426781,
    9.749974221022));
#4778 = CARTESIAN_POINT('',(-0.993402690253,0.548212945606,
    9.743750629943));
#4779 = CARTESIAN_POINT('',(-0.945612842881,0.683026271018,
    9.578980541153));
#4780 = CARTESIAN_POINT('',(-0.981382457953,0.821518740586,
    9.441137119747));
#4781 = CARTESIAN_POINT('',(-1.088482298929,0.91634130776,9.377347509876
    ));
#4782 = CARTESIAN_POINT('',(-0.995304251333,0.542610417554,
    9.741739419349));
#4783 = CARTESIAN_POINT('',(-0.997650719343,0.529708207432,
    9.523942010177));
#4784 = CARTESIAN_POINT('',(-1.075363391553,0.544624760022,
    9.341736973608));
#4785 = CARTESIAN_POINT('',(-1.201873163191,0.582260270657,
    9.257418200316));
#4786 = CARTESIAN_POINT('',(-0.996528406988,0.539003714373,
    9.746693443801));
#4787 = CARTESIAN_POINT('',(-1.03115080588,0.431007631098,9.659513207464
    ));
#4788 = CARTESIAN_POINT('',(-1.135864888203,0.366370516356,
    9.586579933326));
#4789 = CARTESIAN_POINT('',(-1.274870065131,0.367191086159,
    9.552828702716));
#4790 = ADVANCED_FACE('',(#4791),#4810,.T.);
#4791 = FACE_BOUND('',#4792,.T.);
#4792 = EDGE_LOOP('',(#4793,#4802,#4808,#4809));
#4793 = ORIENTED_EDGE('',*,*,#4794,.T.);
#4794 = EDGE_CURVE('',#4612,#4795,#4797,.T.);
#4795 = VERTEX_POINT('',#4796);
#4796 = CARTESIAN_POINT('',(-1.155817566783,6.95977521198E-02,
    9.760000314611));
#4797 = CIRCLE('',#4798,0.34);
#4798 = AXIS2_PLACEMENT_3D('',#4799,#4800,#4801);
#4799 = CARTESIAN_POINT('',(-1.477776970294,0.178877862395,9.76));
#4800 = DIRECTION('',(0.321402950898,0.94694252368,3.944304526105E-31));
#4801 = DIRECTION('',(0.94694252368,-0.321402950898,1.020425574104E-14)
  );
#4802 = ORIENTED_EDGE('',*,*,#4803,.T.);
#4803 = EDGE_CURVE('',#4795,#4740,#4804,.T.);
#4804 = LINE('',#4805,#4806);
#4805 = CARTESIAN_POINT('',(-0.914766236516,0.779802043592,
    9.760000524668));
#4806 = VECTOR('',#4807,1.);
#4807 = DIRECTION('',(0.321402950898,0.94694252368,0.));
#4808 = ORIENTED_EDGE('',*,*,#4739,.F.);
#4809 = ORIENTED_EDGE('',*,*,#4623,.F.);
#4810 = CYLINDRICAL_SURFACE('',#4811,0.34);
#4811 = AXIS2_PLACEMENT_3D('',#4812,#4813,#4814);
#4812 = CARTESIAN_POINT('',(-1.315823283761,0.656038486515,9.76));
#4813 = DIRECTION('',(-0.321402950898,-0.94694252368,0.));
#4814 = DIRECTION('',(0.94694252368,-0.321402950898,0.));
#4815 = ADVANCED_FACE('',(#4816),#4831,.T.);
#4816 = FACE_BOUND('',#4817,.T.);
#4817 = EDGE_LOOP('',(#4818,#4819,#4829,#4830));
#4818 = ORIENTED_EDGE('',*,*,#4723,.F.);
#4819 = ORIENTED_EDGE('',*,*,#4820,.T.);
#4820 = EDGE_CURVE('',#4716,#4795,#4821,.T.);
#4821 = ( BOUNDED_CURVE() B_SPLINE_CURVE(3,(#4822,#4823,#4824,#4825,
#4826,#4827,#4828),.UNSPECIFIED.,.F.,.F.) B_SPLINE_CURVE_WITH_KNOTS((4,3
,4),(0.,0.499981393677,1.),.UNSPECIFIED.) CURVE() 
GEOMETRIC_REPRESENTATION_ITEM() RATIONAL_B_SPLINE_CURVE((1.259263754133,
    1.021238546596,1.032345866689,1.292585714411,1.032326497542,
1.021236894584,1.259316905536)) REPRESENTATION_ITEM('') );
#4822 = CARTESIAN_POINT('',(-1.155819247376,6.959280062577E-02,
    9.739999504426));
#4823 = CARTESIAN_POINT('',(-1.157711951929,6.401636637134E-02,
    9.740000985198));
#4824 = CARTESIAN_POINT('',(-1.159032732444,6.012497946664E-02,
    9.744175011034));
#4825 = CARTESIAN_POINT('',(-1.159032632374,6.01252742995E-02,
    9.750000534488));
#4826 = CARTESIAN_POINT('',(-1.159032532295,6.012556915986E-02,
    9.755826600834));
#4827 = CARTESIAN_POINT('',(-1.157711409623,6.401796415125E-02,
    9.760000272487));
#4828 = CARTESIAN_POINT('',(-1.155817566783,6.95977521198E-02,
    9.760000314611));
#4829 = ORIENTED_EDGE('',*,*,#4794,.F.);
#4830 = ORIENTED_EDGE('',*,*,#4611,.F.);
#4831 = ( BOUNDED_SURFACE() B_SPLINE_SURFACE(3,3,(
    (#4832,#4833,#4834,#4835)
    ,(#4836,#4837,#4838,#4839)
    ,(#4840,#4841,#4842,#4843)
    ,(#4844,#4845,#4846,#4847)
    ,(#4848,#4849,#4850,#4851)
    ,(#4852,#4853,#4854,#4855)
    ,(#4856,#4857,#4858,#4859
)),.UNSPECIFIED.,.F.,.F.,.F.) B_SPLINE_SURFACE_WITH_KNOTS((4,3,4),(4,4),
  (0.,1.,2.),(0.,1.),.PIECEWISE_BEZIER_KNOTS.) 
GEOMETRIC_REPRESENTATION_ITEM() RATIONAL_B_SPLINE_SURFACE((
    (1.297052595907,1.150676042518,1.150676042518,1.297052595907)
    ,(1.024270794267,0.908678543748,0.908678543748,1.024270794267)
    ,(1.024270794267,0.908678543748,0.908678543748,1.024270794267)
    ,(1.297052595907,1.150676042518,1.150676042518,1.297052595907)
    ,(1.024270794267,0.908678543748,0.908678543748,1.024270794267)
    ,(1.024270794267,0.908678543748,0.908678543748,1.024270794267)
    ,(1.297052595907,1.150676042518,1.150676042518,1.297052595907
))) REPRESENTATION_ITEM('') SURFACE() );
#4832 = CARTESIAN_POINT('',(-1.155716475791,6.9965076723E-02,
    9.743908848039));
#4833 = CARTESIAN_POINT('',(-1.151303641612,7.7894427352E-02,
    9.601963858507));
#4834 = CARTESIAN_POINT('',(-1.222594150074,0.109982676252,
    9.483141573367));
#4835 = CARTESIAN_POINT('',(-1.345451912284,0.15536603742,9.427670422722
    ));
#4836 = CARTESIAN_POINT('',(-1.156921277523,6.6415395586E-02,
    9.743673099974));
#4837 = CARTESIAN_POINT('',(-1.180584506836,-8.375148994E-03,
    9.596234361996));
#4838 = CARTESIAN_POINT('',(-1.275377514632,-4.5531802699E-02,
    9.472813254829));
#4839 = CARTESIAN_POINT('',(-1.4092072143,-3.247482222E-02,
    9.415195184108));
#4840 = CARTESIAN_POINT('',(-1.157801243124,6.3822772074E-02,
    9.746244349555));
#4841 = CARTESIAN_POINT('',(-1.201970726241,-7.1384902073E-02,
    9.658724654346));
#4842 = CARTESIAN_POINT('',(-1.313929538513,-0.159116792146,
    9.585461834616));
#4843 = CARTESIAN_POINT('',(-1.455772944742,-0.169670421008,
    9.551259724253));
#4844 = CARTESIAN_POINT('',(-1.157801178605,6.3822962166E-02,
    9.750000326192));
#4845 = CARTESIAN_POINT('',(-1.201969158197,-7.1380282178E-02,
    9.750007927609));
#4846 = CARTESIAN_POINT('',(-1.313926711866,-0.159108464058,
    9.750014290763));
#4847 = CARTESIAN_POINT('',(-1.455769530527,-0.169660361783,
    9.750017261345));
#4848 = CARTESIAN_POINT('',(-1.157801114085,6.3823152258E-02,
    9.75375630283));
#4849 = CARTESIAN_POINT('',(-1.201967590152,-7.1375662282E-02,
    9.841291200873));
#4850 = CARTESIAN_POINT('',(-1.313923885219,-0.15910013597,
    9.914566746909));
#4851 = CARTESIAN_POINT('',(-1.455766116313,-0.169650302557,
    9.948774798437));
#4852 = CARTESIAN_POINT('',(-1.156921060152,6.6416036019E-02,
    9.756327259736));
#4853 = CARTESIAN_POINT('',(-1.180579223979,-8.359584229E-03,
    9.903774380215));
#4854 = CARTESIAN_POINT('',(-1.275367991452,-4.5503744761E-02,
    10.027202504381));
#4855 = CARTESIAN_POINT('',(-1.409195711562,-3.2440931953E-02,
    10.084823850927));
#4856 = CARTESIAN_POINT('',(-1.155716266527,6.9965693274E-02,
    9.756091110978));
#4857 = CARTESIAN_POINT('',(-1.151298555762,7.7909411679E-02,
    9.898035145477));
#4858 = CARTESIAN_POINT('',(-1.222584982031,0.110009687857,
    10.016856631157));
#4859 = CARTESIAN_POINT('',(-1.345440838504,0.155398663856,
    10.072327408582));
#4860 = ADVANCED_FACE('',(#4861),#4867,.T.);
#4861 = FACE_BOUND('',#4862,.T.);
#4862 = EDGE_LOOP('',(#4863,#4864,#4865,#4866));
#4863 = ORIENTED_EDGE('',*,*,#4803,.F.);
#4864 = ORIENTED_EDGE('',*,*,#4820,.F.);
#4865 = ORIENTED_EDGE('',*,*,#4715,.F.);
#4866 = ORIENTED_EDGE('',*,*,#4750,.F.);
#4867 = PLANE('',#4868);
#4868 = AXIS2_PLACEMENT_3D('',#4869,#4870,#4871);
#4869 = CARTESIAN_POINT('',(-0.914766236516,0.779802043592,9.75));
#4870 = DIRECTION('',(0.94694252368,-0.321402950898,0.));
#4871 = DIRECTION('',(0.321402950898,0.94694252368,0.));
#4872 = MANIFOLD_SOLID_BREP('',#4873);
#4873 = CLOSED_SHELL('',(#4874,#4916,#4958,#5000,#5042,#5084,#5117,#5150
    ,#5183,#5216,#5255,#5583,#5614,#5639,#5663,#5688,#5712,#5759,#5783,
    #5854,#5879,#5912,#5944,#5991,#6015,#6052,#6084,#6109,#6135,#6159,
    #6184,#6208,#6233,#6257,#6275,#6299,#6323,#6347,#6371,#6395,#6419,
    #6444,#6469,#6494,#6518,#6543,#6561,#6613,#6644,#6677,#6787,#6897,
    #6914,#6931,#6943,#6960,#6972,#6989,#7006,#7023,#7047,#7064,#7086,
    #7108,#7122,#7153,#7202,#7233,#7257,#7290,#7307,#7333,#7350));
#4874 = ADVANCED_FACE('',(#4875),#4911,.F.);
#4875 = FACE_BOUND('',#4876,.F.);
#4876 = EDGE_LOOP('',(#4877,#4887,#4896,#4904));
#4877 = ORIENTED_EDGE('',*,*,#4878,.T.);
#4878 = EDGE_CURVE('',#4879,#4881,#4883,.T.);
#4879 = VERTEX_POINT('',#4880);
#4880 = CARTESIAN_POINT('',(0.951273160875,0.691136985738,1.934031370882
    ));
#4881 = VERTEX_POINT('',#4882);
#4882 = CARTESIAN_POINT('',(0.951272965385,-0.841136945376,
    1.934031910203));
#4883 = LINE('',#4884,#4885);
#4884 = CARTESIAN_POINT('',(0.951273160382,0.809075763634,1.934031373165
    ));
#4885 = VECTOR('',#4886,1.);
#4886 = DIRECTION('',(0.,-1.,0.));
#4887 = ORIENTED_EDGE('',*,*,#4888,.T.);
#4888 = EDGE_CURVE('',#4881,#4889,#4891,.T.);
#4889 = VERTEX_POINT('',#4890);
#4890 = CARTESIAN_POINT('',(0.945,-0.843456262788,2.));
#4891 = B_SPLINE_CURVE_WITH_KNOTS('',3,(#4892,#4893,#4894,#4895),
  .UNSPECIFIED.,.F.,.F.,(4,4),(1.845346700794E-10,6.630643008754E-05),
  .PIECEWISE_BEZIER_KNOTS.);
#4892 = CARTESIAN_POINT('',(0.951272965385,-0.841136945376,
    1.934031910203));
#4893 = CARTESIAN_POINT('',(0.947109574246,-0.841873277437,
    1.955725691515));
#4894 = CARTESIAN_POINT('',(0.945,-0.84265363973,1.977912434775));
#4895 = CARTESIAN_POINT('',(0.945,-0.843456262788,2.));
#4896 = ORIENTED_EDGE('',*,*,#4897,.F.);
#4897 = EDGE_CURVE('',#4898,#4889,#4900,.T.);
#4898 = VERTEX_POINT('',#4899);
#4899 = CARTESIAN_POINT('',(0.945,0.693456299079,1.999999999997));
#4900 = LINE('',#4901,#4902);
#4901 = CARTESIAN_POINT('',(0.945,0.809075763634,2.));
#4902 = VECTOR('',#4903,1.);
#4903 = DIRECTION('',(0.,-1.,0.));
#4904 = ORIENTED_EDGE('',*,*,#4905,.T.);
#4905 = EDGE_CURVE('',#4898,#4879,#4906,.T.);
#4906 = B_SPLINE_CURVE_WITH_KNOTS('',3,(#4907,#4908,#4909,#4910),
  .UNSPECIFIED.,.F.,.F.,(4,4),(0.,6.631094125264E-05),
  .PIECEWISE_BEZIER_KNOTS.);
#4907 = CARTESIAN_POINT('',(0.945,0.693456299079,1.999999999997));
#4908 = CARTESIAN_POINT('',(0.944999737689,0.692653769016,1.977915089089
    ));
#4909 = CARTESIAN_POINT('',(0.947109337973,0.691873347809,1.955726798445
    ));
#4910 = CARTESIAN_POINT('',(0.951273160875,0.691136985738,1.934031370882
    ));
#4911 = CYLINDRICAL_SURFACE('',#4912,0.35);
#4912 = AXIS2_PLACEMENT_3D('',#4913,#4914,#4915);
#4913 = CARTESIAN_POINT('',(1.295,0.809075763634,2.));
#4914 = DIRECTION('',(0.,-1.,0.));
#4915 = DIRECTION('',(-1.,0.,0.));
#4916 = ADVANCED_FACE('',(#4917),#4953,.T.);
#4917 = FACE_BOUND('',#4918,.T.);
#4918 = EDGE_LOOP('',(#4919,#4930,#4938,#4947));
#4919 = ORIENTED_EDGE('',*,*,#4920,.T.);
#4920 = EDGE_CURVE('',#4921,#4923,#4925,.T.);
#4921 = VERTEX_POINT('',#4922);
#4922 = CARTESIAN_POINT('',(0.728153334829,0.697867693827,2.196684666876
    ));
#4923 = VERTEX_POINT('',#4924);
#4924 = CARTESIAN_POINT('',(0.695,0.693456300659,1.999999999995));
#4925 = B_SPLINE_CURVE_WITH_KNOTS('',3,(#4926,#4927,#4928,#4929),
  .UNSPECIFIED.,.F.,.F.,(4,4),(9.088248410159E-14,2.002226617744E-04),
  .PIECEWISE_BEZIER_KNOTS.);
#4926 = CARTESIAN_POINT('',(0.728153334829,0.697867693827,2.196684666876
    ));
#4927 = CARTESIAN_POINT('',(0.706206368837,0.696365658606,2.133433348293
    ));
#4928 = CARTESIAN_POINT('',(0.695000257237,0.694875573151,2.066954842443
    ));
#4929 = CARTESIAN_POINT('',(0.695,0.693456300659,1.999999999995));
#4930 = ORIENTED_EDGE('',*,*,#4931,.T.);
#4931 = EDGE_CURVE('',#4923,#4932,#4934,.T.);
#4932 = VERTEX_POINT('',#4933);
#4933 = CARTESIAN_POINT('',(0.695,-0.843456248804,2.));
#4934 = LINE('',#4935,#4936);
#4935 = CARTESIAN_POINT('',(0.695,0.809075763634,2.));
#4936 = VECTOR('',#4937,1.);
#4937 = DIRECTION('',(0.,-1.,0.));
#4938 = ORIENTED_EDGE('',*,*,#4939,.T.);
#4939 = EDGE_CURVE('',#4932,#4940,#4942,.T.);
#4940 = VERTEX_POINT('',#4941);
#4941 = CARTESIAN_POINT('',(0.728153334705,-0.847867672131,2.19668466652
    ));
#4942 = B_SPLINE_CURVE_WITH_KNOTS('',3,(#4943,#4944,#4945,#4946),
  .UNSPECIFIED.,.F.,.F.,(4,4),(-2.298639377351E-09,2.002226239061E-04),
  .PIECEWISE_BEZIER_KNOTS.);
#4943 = CARTESIAN_POINT('',(0.695,-0.843456248804,2.));
#4944 = CARTESIAN_POINT('',(0.695,-0.844875486791,2.066953326318));
#4945 = CARTESIAN_POINT('',(0.706206117078,-0.84636559213,2.133432622765
    ));
#4946 = CARTESIAN_POINT('',(0.728153334705,-0.847867672131,2.19668466652
    ));
#4947 = ORIENTED_EDGE('',*,*,#4948,.F.);
#4948 = EDGE_CURVE('',#4921,#4940,#4949,.T.);
#4949 = LINE('',#4950,#4951);
#4950 = CARTESIAN_POINT('',(0.728153334755,0.809075763634,2.196684666665
    ));
#4951 = VECTOR('',#4952,1.);
#4952 = DIRECTION('',(0.,-1.,0.));
#4953 = CYLINDRICAL_SURFACE('',#4954,0.6);
#4954 = AXIS2_PLACEMENT_3D('',#4955,#4956,#4957);
#4955 = CARTESIAN_POINT('',(1.295,0.809075763634,2.));
#4956 = DIRECTION('',(0.,-1.,0.));
#4957 = DIRECTION('',(-1.,0.,0.));
#4958 = ADVANCED_FACE('',(#4959),#4995,.F.);
#4959 = FACE_BOUND('',#4960,.F.);
#4960 = EDGE_LOOP('',(#4961,#4971,#4980,#4988));
#4961 = ORIENTED_EDGE('',*,*,#4962,.T.);
#4962 = EDGE_CURVE('',#4963,#4965,#4967,.T.);
#4963 = VERTEX_POINT('',#4964);
#4964 = CARTESIAN_POINT('',(1.073051983161,0.809075763634,5.535758164206
    ));
#4965 = VERTEX_POINT('',#4966);
#4966 = CARTESIAN_POINT('',(1.073051983161,-0.959075763634,
    5.535758164206));
#4967 = LINE('',#4968,#4969);
#4968 = CARTESIAN_POINT('',(1.073051983161,0.809075763634,5.535758164207
    ));
#4969 = VECTOR('',#4970,1.);
#4970 = DIRECTION('',(0.,-1.,0.));
#4971 = ORIENTED_EDGE('',*,*,#4972,.T.);
#4972 = EDGE_CURVE('',#4965,#4973,#4975,.T.);
#4973 = VERTEX_POINT('',#4974);
#4974 = CARTESIAN_POINT('',(0.865,-0.959075763634,5.821320000241));
#4975 = CIRCLE('',#4976,0.3);
#4976 = AXIS2_PLACEMENT_3D('',#4977,#4978,#4979);
#4977 = CARTESIAN_POINT('',(1.165,-0.959075763634,5.821320000241));
#4978 = DIRECTION('',(-0.,1.,0.));
#4979 = DIRECTION('',(0.,0.,-1.));
#4980 = ORIENTED_EDGE('',*,*,#4981,.F.);
#4981 = EDGE_CURVE('',#4982,#4973,#4984,.T.);
#4982 = VERTEX_POINT('',#4983);
#4983 = CARTESIAN_POINT('',(0.865,0.809075763634,5.821320000241));
#4984 = LINE('',#4985,#4986);
#4985 = CARTESIAN_POINT('',(0.865,0.809075763634,5.821320000241));
#4986 = VECTOR('',#4987,1.);
#4987 = DIRECTION('',(0.,-1.,0.));
#4988 = ORIENTED_EDGE('',*,*,#4989,.T.);
#4989 = EDGE_CURVE('',#4982,#4963,#4990,.T.);
#4990 = CIRCLE('',#4991,0.3);
#4991 = AXIS2_PLACEMENT_3D('',#4992,#4993,#4994);
#4992 = CARTESIAN_POINT('',(1.165,0.809075763634,5.821320000241));
#4993 = DIRECTION('',(0.,-1.,0.));
#4994 = DIRECTION('',(0.,0.,-1.));
#4995 = CYLINDRICAL_SURFACE('',#4996,0.3);
#4996 = AXIS2_PLACEMENT_3D('',#4997,#4998,#4999);
#4997 = CARTESIAN_POINT('',(1.165,0.809075763634,5.821320000241));
#4998 = DIRECTION('',(0.,-1.,0.));
#4999 = DIRECTION('',(-1.,0.,0.));
#5000 = ADVANCED_FACE('',(#5001),#5037,.T.);
#5001 = FACE_BOUND('',#5002,.T.);
#5002 = EDGE_LOOP('',(#5003,#5014,#5022,#5031));
#5003 = ORIENTED_EDGE('',*,*,#5004,.T.);
#5004 = EDGE_CURVE('',#5005,#5007,#5009,.T.);
#5005 = VERTEX_POINT('',#5006);
#5006 = CARTESIAN_POINT('',(0.841718111241,0.809075763634,6.266279347149
    ));
#5007 = VERTEX_POINT('',#5008);
#5008 = CARTESIAN_POINT('',(0.615,0.809075763634,5.821320000241));
#5009 = CIRCLE('',#5010,0.55);
#5010 = AXIS2_PLACEMENT_3D('',#5011,#5012,#5013);
#5011 = CARTESIAN_POINT('',(1.165,0.809075763634,5.821320000241));
#5012 = DIRECTION('',(0.,-1.,0.));
#5013 = DIRECTION('',(0.,0.,-1.));
#5014 = ORIENTED_EDGE('',*,*,#5015,.T.);
#5015 = EDGE_CURVE('',#5007,#5016,#5018,.T.);
#5016 = VERTEX_POINT('',#5017);
#5017 = CARTESIAN_POINT('',(0.615,-0.959075763634,5.821320000241));
#5018 = LINE('',#5019,#5020);
#5019 = CARTESIAN_POINT('',(0.615,0.809075763634,5.821320000241));
#5020 = VECTOR('',#5021,1.);
#5021 = DIRECTION('',(0.,-1.,0.));
#5022 = ORIENTED_EDGE('',*,*,#5023,.T.);
#5023 = EDGE_CURVE('',#5016,#5024,#5026,.T.);
#5024 = VERTEX_POINT('',#5025);
#5025 = CARTESIAN_POINT('',(0.841718111241,-0.959075763634,
    6.266279347149));
#5026 = CIRCLE('',#5027,0.55);
#5027 = AXIS2_PLACEMENT_3D('',#5028,#5029,#5030);
#5028 = CARTESIAN_POINT('',(1.165,-0.959075763634,5.821320000241));
#5029 = DIRECTION('',(0.,1.,-0.));
#5030 = DIRECTION('',(-1.971276677246E-15,-0.,-1.));
#5031 = ORIENTED_EDGE('',*,*,#5032,.F.);
#5032 = EDGE_CURVE('',#5005,#5024,#5033,.T.);
#5033 = LINE('',#5034,#5035);
#5034 = CARTESIAN_POINT('',(0.841718111243,0.809075763634,6.266279347151
    ));
#5035 = VECTOR('',#5036,1.);
#5036 = DIRECTION('',(0.,-1.,0.));
#5037 = CYLINDRICAL_SURFACE('',#5038,0.55);
#5038 = AXIS2_PLACEMENT_3D('',#5039,#5040,#5041);
#5039 = CARTESIAN_POINT('',(1.165,0.809075763634,5.821320000241));
#5040 = DIRECTION('',(0.,-1.,0.));
#5041 = DIRECTION('',(-1.,0.,0.));
#5042 = ADVANCED_FACE('',(#5043),#5079,.F.);
#5043 = FACE_BOUND('',#5044,.F.);
#5044 = EDGE_LOOP('',(#5045,#5055,#5064,#5072));
#5045 = ORIENTED_EDGE('',*,*,#5046,.T.);
#5046 = EDGE_CURVE('',#5047,#5049,#5051,.T.);
#5047 = VERTEX_POINT('',#5048);
#5048 = CARTESIAN_POINT('',(2.19499974008,1.833340989035,2.825457712405)
  );
#5049 = VERTEX_POINT('',#5050);
#5050 = CARTESIAN_POINT('',(2.444999696525,1.833332131677,2.825459580677
    ));
#5051 = LINE('',#5052,#5053);
#5052 = CARTESIAN_POINT('',(2.319999704619,1.833336409212,2.825456353095
    ));
#5053 = VECTOR('',#5054,1.);
#5054 = DIRECTION('',(0.999999999152,-3.735821623016E-05,
    -1.734431827978E-05));
#5055 = ORIENTED_EDGE('',*,*,#5056,.T.);
#5056 = EDGE_CURVE('',#5049,#5057,#5059,.T.);
#5057 = VERTEX_POINT('',#5058);
#5058 = CARTESIAN_POINT('',(2.445000098124,1.800002601348,2.899999143933
    ));
#5059 = CIRCLE('',#5060,9.999963986897E-02);
#5060 = AXIS2_PLACEMENT_3D('',#5061,#5062,#5063);
#5061 = CARTESIAN_POINT('',(2.444999196806,1.900002241212,2.899999143933
    ));
#5062 = DIRECTION('',(-0.999999999953,-9.01321320367E-06,
    3.442741313304E-06));
#5063 = DIRECTION('',(-9.013213203723E-06,0.999999999959,
    1.918089668843E-22));
#5064 = ORIENTED_EDGE('',*,*,#5065,.F.);
#5065 = EDGE_CURVE('',#5066,#5057,#5068,.T.);
#5066 = VERTEX_POINT('',#5067);
#5067 = CARTESIAN_POINT('',(2.195000093659,1.800000348045,2.899999574271
    ));
#5068 = LINE('',#5069,#5070);
#5069 = CARTESIAN_POINT('',(2.320000901484,1.800001474703,2.899999574273
    ));
#5070 = VECTOR('',#5071,1.);
#5071 = DIRECTION('',(0.999999999953,9.01321320367E-06,
    -3.442741313304E-06));
#5072 = ORIENTED_EDGE('',*,*,#5073,.T.);
#5073 = EDGE_CURVE('',#5066,#5047,#5074,.T.);
#5074 = CIRCLE('',#5075,9.999963986897E-02);
#5075 = AXIS2_PLACEMENT_3D('',#5076,#5077,#5078);
#5076 = CARTESIAN_POINT('',(2.194999192342,1.899999987909,2.900000004618
    ));
#5077 = DIRECTION('',(0.999999999953,9.01321320367E-06,
    -3.442741313304E-06));
#5078 = DIRECTION('',(9.013213203723E-06,-0.999999999959,
    -1.918089668843E-22));
#5079 = CYLINDRICAL_SURFACE('',#5080,9.999963986897E-02);
#5080 = AXIS2_PLACEMENT_3D('',#5081,#5082,#5083);
#5081 = CARTESIAN_POINT('',(2.320000000166,1.900001114568,2.899999574273
    ));
#5082 = DIRECTION('',(0.999999999953,9.01321320367E-06,
    -3.442741313304E-06));
#5083 = DIRECTION('',(9.013213203723E-06,-0.999999999959,
    -1.918089668843E-22));
#5084 = ADVANCED_FACE('',(#5085),#5112,.F.);
#5085 = FACE_BOUND('',#5086,.F.);
#5086 = EDGE_LOOP('',(#5087,#5096,#5104,#5111));
#5087 = ORIENTED_EDGE('',*,*,#5088,.T.);
#5088 = EDGE_CURVE('',#5057,#5089,#5091,.T.);
#5089 = VERTEX_POINT('',#5090);
#5090 = CARTESIAN_POINT('',(2.44499978126,1.900000859649,2.999999391877)
  );
#5091 = CIRCLE('',#5092,9.999963986897E-02);
#5092 = AXIS2_PLACEMENT_3D('',#5093,#5094,#5095);
#5093 = CARTESIAN_POINT('',(2.444999196806,1.900002241212,2.899999143933
    ));
#5094 = DIRECTION('',(-0.999999999953,-9.01321320367E-06,
    3.442741313304E-06));
#5095 = DIRECTION('',(-9.013213203723E-06,0.999999999959,
    1.918089668843E-22));
#5096 = ORIENTED_EDGE('',*,*,#5097,.T.);
#5097 = EDGE_CURVE('',#5089,#5098,#5100,.T.);
#5098 = VERTEX_POINT('',#5099);
#5099 = CARTESIAN_POINT('',(2.194999768308,1.899998606346,2.999999896295
    ));
#5100 = LINE('',#5101,#5102);
#5101 = CARTESIAN_POINT('',(2.320000344463,1.899998351437,2.999999214103
    ));
#5102 = VECTOR('',#5103,1.);
#5103 = DIRECTION('',(-0.999999999953,-9.01321320367E-06,
    3.442741313304E-06));
#5104 = ORIENTED_EDGE('',*,*,#5105,.T.);
#5105 = EDGE_CURVE('',#5098,#5066,#5106,.T.);
#5106 = CIRCLE('',#5107,9.999963986897E-02);
#5107 = AXIS2_PLACEMENT_3D('',#5108,#5109,#5110);
#5108 = CARTESIAN_POINT('',(2.194999192342,1.899999987909,2.900000004618
    ));
#5109 = DIRECTION('',(0.999999999953,9.01321320367E-06,
    -3.442741313304E-06));
#5110 = DIRECTION('',(9.013213203723E-06,-0.999999999959,
    -1.918089668843E-22));
#5111 = ORIENTED_EDGE('',*,*,#5065,.T.);
#5112 = CYLINDRICAL_SURFACE('',#5113,9.999963986897E-02);
#5113 = AXIS2_PLACEMENT_3D('',#5114,#5115,#5116);
#5114 = CARTESIAN_POINT('',(2.320000000166,1.900001114568,2.899999574273
    ));
#5115 = DIRECTION('',(0.999999999953,9.01321320367E-06,
    -3.442741313304E-06));
#5116 = DIRECTION('',(9.013213203723E-06,-0.999999999959,
    -1.918089668843E-22));
#5117 = ADVANCED_FACE('',(#5118),#5145,.T.);
#5118 = FACE_BOUND('',#5119,.T.);
#5119 = EDGE_LOOP('',(#5120,#5121,#5130,#5138));
#5120 = ORIENTED_EDGE('',*,*,#5015,.F.);
#5121 = ORIENTED_EDGE('',*,*,#5122,.T.);
#5122 = EDGE_CURVE('',#5007,#5123,#5125,.T.);
#5123 = VERTEX_POINT('',#5124);
#5124 = CARTESIAN_POINT('',(0.996428635797,0.809075763634,5.297789967511
    ));
#5125 = CIRCLE('',#5126,0.55);
#5126 = AXIS2_PLACEMENT_3D('',#5127,#5128,#5129);
#5127 = CARTESIAN_POINT('',(1.165,0.809075763634,5.821320000241));
#5128 = DIRECTION('',(0.,-1.,0.));
#5129 = DIRECTION('',(0.,0.,-1.));
#5130 = ORIENTED_EDGE('',*,*,#5131,.T.);
#5131 = EDGE_CURVE('',#5123,#5132,#5134,.T.);
#5132 = VERTEX_POINT('',#5133);
#5133 = CARTESIAN_POINT('',(0.996428635797,-0.959075763634,
    5.297789967511));
#5134 = LINE('',#5135,#5136);
#5135 = CARTESIAN_POINT('',(0.996428635798,0.809075763634,5.29778996751)
  );
#5136 = VECTOR('',#5137,1.);
#5137 = DIRECTION('',(0.,-1.,0.));
#5138 = ORIENTED_EDGE('',*,*,#5139,.T.);
#5139 = EDGE_CURVE('',#5132,#5016,#5140,.T.);
#5140 = CIRCLE('',#5141,0.55);
#5141 = AXIS2_PLACEMENT_3D('',#5142,#5143,#5144);
#5142 = CARTESIAN_POINT('',(1.165,-0.959075763634,5.821320000241));
#5143 = DIRECTION('',(0.,1.,-0.));
#5144 = DIRECTION('',(-7.885106708985E-16,-0.,-1.));
#5145 = CYLINDRICAL_SURFACE('',#5146,0.55);
#5146 = AXIS2_PLACEMENT_3D('',#5147,#5148,#5149);
#5147 = CARTESIAN_POINT('',(1.165,0.809075763634,5.821320000241));
#5148 = DIRECTION('',(0.,-1.,0.));
#5149 = DIRECTION('',(-1.,0.,0.));
#5150 = ADVANCED_FACE('',(#5151),#5178,.F.);
#5151 = FACE_BOUND('',#5152,.F.);
#5152 = EDGE_LOOP('',(#5153,#5162,#5170,#5177));
#5153 = ORIENTED_EDGE('',*,*,#5154,.T.);
#5154 = EDGE_CURVE('',#4973,#5155,#5157,.T.);
#5155 = VERTEX_POINT('',#5156);
#5156 = CARTESIAN_POINT('',(0.988664424312,-0.959075763634,
    6.064025098554));
#5157 = CIRCLE('',#5158,0.3);
#5158 = AXIS2_PLACEMENT_3D('',#5159,#5160,#5161);
#5159 = CARTESIAN_POINT('',(1.165,-0.959075763634,5.821320000241));
#5160 = DIRECTION('',(-0.,1.,0.));
#5161 = DIRECTION('',(0.,0.,-1.));
#5162 = ORIENTED_EDGE('',*,*,#5163,.F.);
#5163 = EDGE_CURVE('',#5164,#5155,#5166,.T.);
#5164 = VERTEX_POINT('',#5165);
#5165 = CARTESIAN_POINT('',(0.988664424312,0.809075763634,6.064025098554
    ));
#5166 = LINE('',#5167,#5168);
#5167 = CARTESIAN_POINT('',(0.988664424313,0.809075763634,6.064025098554
    ));
#5168 = VECTOR('',#5169,1.);
#5169 = DIRECTION('',(0.,-1.,0.));
#5170 = ORIENTED_EDGE('',*,*,#5171,.T.);
#5171 = EDGE_CURVE('',#5164,#4982,#5172,.T.);
#5172 = CIRCLE('',#5173,0.3);
#5173 = AXIS2_PLACEMENT_3D('',#5174,#5175,#5176);
#5174 = CARTESIAN_POINT('',(1.165,0.809075763634,5.821320000241));
#5175 = DIRECTION('',(0.,-1.,0.));
#5176 = DIRECTION('',(0.,0.,-1.));
#5177 = ORIENTED_EDGE('',*,*,#4981,.T.);
#5178 = CYLINDRICAL_SURFACE('',#5179,0.3);
#5179 = AXIS2_PLACEMENT_3D('',#5180,#5181,#5182);
#5180 = CARTESIAN_POINT('',(1.165,0.809075763634,5.821320000241));
#5181 = DIRECTION('',(0.,-1.,0.));
#5182 = DIRECTION('',(-1.,0.,0.));
#5183 = ADVANCED_FACE('',(#5184),#5211,.T.);
#5184 = FACE_BOUND('',#5185,.T.);
#5185 = EDGE_LOOP('',(#5186,#5187,#5196,#5204));
#5186 = ORIENTED_EDGE('',*,*,#4931,.F.);
#5187 = ORIENTED_EDGE('',*,*,#5188,.T.);
#5188 = EDGE_CURVE('',#4923,#5189,#5191,.T.);
#5189 = VERTEX_POINT('',#5190);
#5190 = CARTESIAN_POINT('',(0.705754234661,0.691136943947,1.886909646601
    ));
#5191 = B_SPLINE_CURVE_WITH_KNOTS('',3,(#5192,#5193,#5194,#5195),
  .UNSPECIFIED.,.F.,.F.,(4,4),(2.002226617744E-04,3.139750400861E-04),
  .PIECEWISE_BEZIER_KNOTS.);
#5192 = CARTESIAN_POINT('',(0.695,0.693456300659,1.999999999995));
#5193 = CARTESIAN_POINT('',(0.694999853863,0.692650046872,1.961964601182
    ));
#5194 = CARTESIAN_POINT('',(0.698584457192,0.691876585768,1.924267104946
    ));
#5195 = CARTESIAN_POINT('',(0.705754234661,0.691136943947,1.886909646601
    ));
#5196 = ORIENTED_EDGE('',*,*,#5197,.T.);
#5197 = EDGE_CURVE('',#5189,#5198,#5200,.T.);
#5198 = VERTEX_POINT('',#5199);
#5199 = CARTESIAN_POINT('',(0.705754054942,-0.84113696028,1.886910583019
    ));
#5200 = LINE('',#5201,#5202);
#5201 = CARTESIAN_POINT('',(0.705754054706,0.809075763634,1.88691058425)
  );
#5202 = VECTOR('',#5203,1.);
#5203 = DIRECTION('',(0.,-1.,0.));
#5204 = ORIENTED_EDGE('',*,*,#5205,.T.);
#5205 = EDGE_CURVE('',#5198,#4932,#5206,.T.);
#5206 = B_SPLINE_CURVE_WITH_KNOTS('',3,(#5207,#5208,#5209,#5210),
  .UNSPECIFIED.,.F.,.F.,(4,4),(-1.137515901762E-04,-2.298639377351E-09),
  .PIECEWISE_BEZIER_KNOTS.);
#5207 = CARTESIAN_POINT('',(0.705754054942,-0.84113696028,1.886910583019
    ));
#5208 = CARTESIAN_POINT('',(0.698584554016,-0.841876531114,
    1.924266857496));
#5209 = CARTESIAN_POINT('',(0.695,-0.84264996898,1.961963309372));
#5210 = CARTESIAN_POINT('',(0.695,-0.843456248804,2.));
#5211 = CYLINDRICAL_SURFACE('',#5212,0.6);
#5212 = AXIS2_PLACEMENT_3D('',#5213,#5214,#5215);
#5213 = CARTESIAN_POINT('',(1.295,0.809075763634,2.));
#5214 = DIRECTION('',(0.,-1.,0.));
#5215 = DIRECTION('',(-1.,0.,0.));
#5216 = ADVANCED_FACE('',(#5217),#5250,.F.);
#5217 = FACE_BOUND('',#5218,.F.);
#5218 = EDGE_LOOP('',(#5219,#5231,#5239,#5249));
#5219 = ORIENTED_EDGE('',*,*,#5220,.T.);
#5220 = EDGE_CURVE('',#4889,#5221,#5223,.T.);
#5221 = VERTEX_POINT('',#5222);
#5222 = CARTESIAN_POINT('',(0.964339462583,-0.847867674012,
    2.114732772266));
#5223 = B_SPLINE_CURVE_WITH_KNOTS('',3,(#5224,#5225,#5226,#5227,#5228,
    #5229,#5230),.UNSPECIFIED.,.F.,.F.,(4,3,4),(6.630643008754E-05,
    1.238482842609E-04,1.830298260131E-04),.UNSPECIFIED.);
#5224 = CARTESIAN_POINT('',(0.945,-0.843456262788,2.));
#5225 = CARTESIAN_POINT('',(0.945,-0.844153565306,2.019189225468));
#5226 = CARTESIAN_POINT('',(0.94658877602,-0.844872787715,2.038442202913
    ));
#5227 = CARTESIAN_POINT('',(0.949734026291,-0.845599867501,
    2.057370788723));
#5228 = CARTESIAN_POINT('',(0.952968271837,-0.846347520105,
    2.076834961388));
#5229 = CARTESIAN_POINT('',(0.95787161089,-0.847108830611,2.096092386513
    ));
#5230 = CARTESIAN_POINT('',(0.964339462583,-0.847867674012,
    2.114732772266));
#5231 = ORIENTED_EDGE('',*,*,#5232,.F.);
#5232 = EDGE_CURVE('',#5233,#5221,#5235,.T.);
#5233 = VERTEX_POINT('',#5234);
#5234 = CARTESIAN_POINT('',(0.964339462597,0.697867684706,2.114732712488
    ));
#5235 = LINE('',#5236,#5237);
#5236 = CARTESIAN_POINT('',(0.964339445204,0.809075763634,2.11473272202)
  );
#5237 = VECTOR('',#5238,1.);
#5238 = DIRECTION('',(0.,-1.,0.));
#5239 = ORIENTED_EDGE('',*,*,#5240,.T.);
#5240 = EDGE_CURVE('',#5233,#4898,#5241,.T.);
#5241 = B_SPLINE_CURVE_WITH_KNOTS('',3,(#5242,#5243,#5244,#5245,#5246,
    #5247,#5248),.UNSPECIFIED.,.F.,.F.,(4,3,4),(-1.167191936764E-04,
    -5.918148407882E-05,0.),.UNSPECIFIED.);
#5242 = CARTESIAN_POINT('',(0.964339462597,0.697867684706,2.114732712488
    ));
#5243 = CARTESIAN_POINT('',(0.958050015166,0.697129789788,2.096606537961
    ));
#5244 = CARTESIAN_POINT('',(0.953239987439,0.696389614079,2.077898808653
    ));
#5245 = CARTESIAN_POINT('',(0.950006391732,0.695662012225,2.058986526037
    ));
#5246 = CARTESIAN_POINT('',(0.946681069258,0.694913770635,2.039537762465
    ));
#5247 = CARTESIAN_POINT('',(0.945000234369,0.694173484794,2.019736310674
    ));
#5248 = CARTESIAN_POINT('',(0.945,0.693456299079,1.999999999997));
#5249 = ORIENTED_EDGE('',*,*,#4897,.T.);
#5250 = CYLINDRICAL_SURFACE('',#5251,0.35);
#5251 = AXIS2_PLACEMENT_3D('',#5252,#5253,#5254);
#5252 = CARTESIAN_POINT('',(1.295,0.809075763634,2.));
#5253 = DIRECTION('',(0.,-1.,0.));
#5254 = DIRECTION('',(-1.,0.,0.));
#5255 = ADVANCED_FACE('',(#5256,#5399),#5578,.T.);
#5256 = FACE_BOUND('',#5257,.T.);
#5257 = EDGE_LOOP('',(#5258,#5269,#5277,#5291,#5299,#5314,#5323,#5331,
    #5340,#5354,#5362,#5376,#5384,#5393));
#5258 = ORIENTED_EDGE('',*,*,#5259,.T.);
#5259 = EDGE_CURVE('',#5260,#5262,#5264,.T.);
#5260 = VERTEX_POINT('',#5261);
#5261 = CARTESIAN_POINT('',(2.194999517113,0.491859832133,0.399998177403
    ));
#5262 = VERTEX_POINT('',#5263);
#5263 = CARTESIAN_POINT('',(2.194999590632,0.691083063881,0.582437359957
    ));
#5264 = CIRCLE('',#5265,0.200002219164);
#5265 = AXIS2_PLACEMENT_3D('',#5266,#5267,#5268);
#5266 = CARTESIAN_POINT('',(2.194995692992,0.491854836169,0.599999996907
    ));
#5267 = DIRECTION('',(0.999999999741,-1.537272485189E-05,
    1.678747483262E-05));
#5268 = DIRECTION('',(-1.67874748346E-05,5.637959657585E-21,
    0.999999999859));
#5269 = ORIENTED_EDGE('',*,*,#5270,.T.);
#5270 = EDGE_CURVE('',#5262,#5271,#5273,.T.);
#5271 = VERTEX_POINT('',#5272);
#5272 = CARTESIAN_POINT('',(2.195,0.996757258798,4.050026290154));
#5273 = LINE('',#5274,#5275);
#5274 = CARTESIAN_POINT('',(2.195,0.691082893087,0.582433688891));
#5275 = VECTOR('',#5276,1.);
#5276 = DIRECTION('',(0.,8.781123425172E-02,0.996137132698));
#5277 = ORIENTED_EDGE('',*,*,#5278,.T.);
#5278 = EDGE_CURVE('',#5271,#5279,#5281,.T.);
#5279 = VERTEX_POINT('',#5280);
#5280 = CARTESIAN_POINT('',(2.195,1.199413055117,4.248862172127));
#5281 = B_SPLINE_CURVE_WITH_KNOTS('',3,(#5282,#5283,#5284,#5285,#5286,
    #5287,#5288,#5289,#5290),.UNSPECIFIED.,.F.,.F.,(4,1,1,1,1,1,4),(
    2.284804580164E-02,0.181980286076,0.341112526351,0.500244766625,
    0.6593770069,0.818509247175,0.977641487451),.UNSPECIFIED.);
#5282 = CARTESIAN_POINT('',(2.195,0.996757258798,4.050026290154));
#5283 = CARTESIAN_POINT('',(2.195,1.014868870542,4.0497325952));
#5284 = CARTESIAN_POINT('',(2.195,1.049722814849,4.053906905301));
#5285 = CARTESIAN_POINT('',(2.195,1.099436389646,4.073749952541));
#5286 = CARTESIAN_POINT('',(2.195,1.141914049699,4.105810382874));
#5287 = CARTESIAN_POINT('',(2.195,1.174539793416,4.147648965367));
#5288 = CARTESIAN_POINT('',(2.195,1.195535883843,4.197374511909));
#5289 = CARTESIAN_POINT('',(2.195,1.199413055117,4.23131791698));
#5290 = CARTESIAN_POINT('',(2.195,1.199413055117,4.248862172127));
#5291 = ORIENTED_EDGE('',*,*,#5292,.T.);
#5292 = EDGE_CURVE('',#5279,#5293,#5295,.T.);
#5293 = VERTEX_POINT('',#5294);
#5294 = CARTESIAN_POINT('',(2.195,1.196457034772,8.801128420054));
#5295 = LINE('',#5296,#5297);
#5296 = CARTESIAN_POINT('',(2.195,1.199413055117,4.248862172127));
#5297 = VECTOR('',#5298,1.);
#5298 = DIRECTION('',(0.,-6.493512375584E-04,0.999999789171));
#5299 = ORIENTED_EDGE('',*,*,#5300,.T.);
#5300 = EDGE_CURVE('',#5293,#5301,#5303,.T.);
#5301 = VERTEX_POINT('',#5302);
#5302 = CARTESIAN_POINT('',(2.1949997313,0.999998749779,9.050001062289)
  );
#5303 = B_SPLINE_CURVE_WITH_KNOTS('',3,(#5304,#5305,#5306,#5307,#5308,
    #5309,#5310,#5311,#5312,#5313),.UNSPECIFIED.,.F.,.F.,(4,1,1,1,1,1,1,
    4),(1.931880961296E-02,0.15658882353,0.293858837447,0.431128851364,
    0.568398865281,0.705668879198,0.842938893115,0.980208915819),
  .UNSPECIFIED.);
#5304 = CARTESIAN_POINT('',(2.195,1.196457034772,8.801128420054));
#5305 = CARTESIAN_POINT('',(2.195,1.199459453596,8.81847347953));
#5306 = CARTESIAN_POINT('',(2.195,1.201670241451,8.8528166764));
#5307 = CARTESIAN_POINT('',(2.195,1.19483698528,8.904840600777));
#5308 = CARTESIAN_POINT('',(2.195,1.17415615686,8.952723968283));
#5309 = CARTESIAN_POINT('',(2.195,1.142188534959,8.993815274482));
#5310 = CARTESIAN_POINT('',(2.195,1.100747510785,9.025377380609));
#5311 = CARTESIAN_POINT('',(2.195,1.052155889848,9.045435155232));
#5312 = CARTESIAN_POINT('',(2.195,1.017861266023,9.049894724884));
#5313 = CARTESIAN_POINT('',(2.1949997313,0.999998749779,9.050001062289)
  );
#5314 = ORIENTED_EDGE('',*,*,#5315,.T.);
#5315 = EDGE_CURVE('',#5301,#5316,#5318,.T.);
#5316 = VERTEX_POINT('',#5317);
#5317 = CARTESIAN_POINT('',(2.194999745751,0.809074982067,8.909565222431
    ));
#5318 = CIRCLE('',#5319,0.20000174414);
#5319 = AXIS2_PLACEMENT_3D('',#5320,#5321,#5322);
#5320 = CARTESIAN_POINT('',(2.194996845001,0.99999999868,8.850000001796)
  );
#5321 = DIRECTION('',(0.999999999865,9.733149584942E-06,
    -1.323237124849E-05));
#5322 = DIRECTION('',(1.323237124912E-05,-4.013506181501E-21,
    0.999999999912));
#5323 = ORIENTED_EDGE('',*,*,#5324,.T.);
#5324 = EDGE_CURVE('',#5316,#5325,#5327,.T.);
#5325 = VERTEX_POINT('',#5326);
#5326 = CARTESIAN_POINT('',(2.19499974575,-0.959074966672,8.909564682601
    ));
#5327 = LINE('',#5328,#5329);
#5328 = CARTESIAN_POINT('',(2.195,-2.05,8.909565040009));
#5329 = VECTOR('',#5330,1.);
#5330 = DIRECTION('',(0.,-1.,0.));
#5331 = ORIENTED_EDGE('',*,*,#5332,.T.);
#5332 = EDGE_CURVE('',#5325,#5333,#5335,.T.);
#5333 = VERTEX_POINT('',#5334);
#5334 = CARTESIAN_POINT('',(2.194999745755,-1.149998786211,
    9.050000877175));
#5335 = CIRCLE('',#5336,0.200001744139);
#5336 = AXIS2_PLACEMENT_3D('',#5337,#5338,#5339);
#5337 = CARTESIAN_POINT('',(2.194996845002,-1.149999998679,
    8.850000001796));
#5338 = DIRECTION('',(0.999999999865,-9.733144382001E-06,
    -1.323236752011E-05));
#5339 = DIRECTION('',(1.323236752074E-05,-7.761487386373E-21,
    0.999999999912));
#5340 = ORIENTED_EDGE('',*,*,#5341,.T.);
#5341 = EDGE_CURVE('',#5333,#5342,#5344,.T.);
#5342 = VERTEX_POINT('',#5343);
#5343 = CARTESIAN_POINT('',(2.195,-1.348181073408,8.816984155433));
#5344 = B_SPLINE_CURVE_WITH_KNOTS('',3,(#5345,#5346,#5347,#5348,#5349,
    #5350,#5351,#5352,#5353),.UNSPECIFIED.,.F.,.F.,(4,1,1,1,1,1,4),(0.,
    5.760368699183E-05,1.152044518253E-04,1.728052166587E-04,
    2.304059814921E-04,2.880067463254E-04,3.45583909406E-04),
  .UNSPECIFIED.);
#5345 = CARTESIAN_POINT('',(2.194999745755,-1.149998786211,
    9.050000877175));
#5346 = CARTESIAN_POINT('',(2.195,-1.169919336486,9.049861911826));
#5347 = CARTESIAN_POINT('',(2.195,-1.207870439212,9.044375791496));
#5348 = CARTESIAN_POINT('',(2.195,-1.261157763797,9.019649839064));
#5349 = CARTESIAN_POINT('',(2.195,-1.304735553925,8.981027938558));
#5350 = CARTESIAN_POINT('',(2.195,-1.335708415434,8.931656701256));
#5351 = CARTESIAN_POINT('',(2.195,-1.35105680645,8.875051519156));
#5352 = CARTESIAN_POINT('',(2.195,-1.350838716906,8.83668062218));
#5353 = CARTESIAN_POINT('',(2.195,-1.348181073408,8.816984155433));
#5354 = ORIENTED_EDGE('',*,*,#5355,.T.);
#5355 = EDGE_CURVE('',#5342,#5356,#5358,.T.);
#5356 = VERTEX_POINT('',#5357);
#5357 = CARTESIAN_POINT('',(2.195,-1.349409670423,4.248063503365));
#5358 = LINE('',#5359,#5360);
#5359 = CARTESIAN_POINT('',(2.195,-1.348764966799,6.53291908478));
#5360 = VECTOR('',#5361,1.);
#5361 = DIRECTION('',(0.,-2.82851126479E-04,-0.999999959998));
#5362 = ORIENTED_EDGE('',*,*,#5363,.T.);
#5363 = EDGE_CURVE('',#5356,#5364,#5366,.T.);
#5364 = VERTEX_POINT('',#5365);
#5365 = CARTESIAN_POINT('',(2.195,-1.146757258798,4.050026290154));
#5366 = B_SPLINE_CURVE_WITH_KNOTS('',3,(#5367,#5368,#5369,#5370,#5371,
    #5372,#5373,#5374,#5375),.UNSPECIFIED.,.F.,.F.,(4,1,1,1,1,1,4),(
    2.21431800795E-02,0.179025131237,0.338327628862,0.497630126487,
    0.656932624112,0.816235121736,0.975537619362),.UNSPECIFIED.);
#5367 = CARTESIAN_POINT('',(2.195,-1.349409670423,4.248063503365));
#5368 = CARTESIAN_POINT('',(2.195,-1.349351550176,4.23080088115));
#5369 = CARTESIAN_POINT('',(2.195,-1.345429600398,4.19711818874));
#5370 = CARTESIAN_POINT('',(2.195,-1.324536203247,4.147643025366));
#5371 = CARTESIAN_POINT('',(2.195,-1.291908650336,4.105804990114));
#5372 = CARTESIAN_POINT('',(2.195,-1.249430328324,4.073746717261));
#5373 = CARTESIAN_POINT('',(2.195,-1.199718530523,4.053906104656));
#5374 = CARTESIAN_POINT('',(2.195,-1.164867196123,4.049732622352));
#5375 = CARTESIAN_POINT('',(2.195,-1.146757258798,4.050026290154));
#5376 = ORIENTED_EDGE('',*,*,#5377,.T.);
#5377 = EDGE_CURVE('',#5364,#5378,#5380,.T.);
#5378 = VERTEX_POINT('',#5379);
#5379 = CARTESIAN_POINT('',(2.194999517113,-0.841083631499,
    0.582432557103));
#5380 = LINE('',#5381,#5382);
#5381 = CARTESIAN_POINT('',(2.195,-1.146757258798,4.050026290154));
#5382 = VECTOR('',#5383,1.);
#5383 = DIRECTION('',(0.,8.781088103545E-02,-0.996137163834));
#5384 = ORIENTED_EDGE('',*,*,#5385,.T.);
#5385 = EDGE_CURVE('',#5378,#5386,#5388,.T.);
#5386 = VERTEX_POINT('',#5387);
#5387 = CARTESIAN_POINT('',(2.194999556938,-0.641858769565,
    0.399998716064));
#5388 = CIRCLE('',#5389,0.200002219163);
#5389 = AXIS2_PLACEMENT_3D('',#5390,#5391,#5392);
#5390 = CARTESIAN_POINT('',(2.194995692991,-0.64185483617,0.599999996907
    ));
#5391 = DIRECTION('',(0.999999999741,1.537272846306E-05,
    1.678747776591E-05));
#5392 = DIRECTION('',(-1.678747776789E-05,3.132015991855E-21,
    0.999999999859));
#5393 = ORIENTED_EDGE('',*,*,#5394,.T.);
#5394 = EDGE_CURVE('',#5386,#5260,#5395,.T.);
#5395 = LINE('',#5396,#5397);
#5396 = CARTESIAN_POINT('',(2.195,-2.05,0.399999012348));
#5397 = VECTOR('',#5398,1.);
#5398 = DIRECTION('',(0.,1.,0.));
#5399 = FACE_BOUND('',#5400,.T.);
#5400 = EDGE_LOOP('',(#5401,#5412,#5420,#5429,#5438,#5446,#5455,#5464,
    #5472,#5480,#5488,#5496,#5504,#5512,#5518,#5519,#5520,#5529,#5537,
    #5546,#5554,#5563,#5571));
#5401 = ORIENTED_EDGE('',*,*,#5402,.T.);
#5402 = EDGE_CURVE('',#5403,#5405,#5407,.T.);
#5403 = VERTEX_POINT('',#5404);
#5404 = CARTESIAN_POINT('',(2.194999665586,-1.950000938428,
    1.763397773493));
#5405 = VERTEX_POINT('',#5406);
#5406 = CARTESIAN_POINT('',(2.194999807985,-1.999999397131,
    1.950000000319));
#5407 = CIRCLE('',#5408,0.100000229715);
#5408 = AXIS2_PLACEMENT_3D('',#5409,#5410,#5411);
#5409 = CARTESIAN_POINT('',(2.194999432202,-1.999999999992,
    1.850000000003));
#5410 = DIRECTION('',(0.999999999975,-6.85828966213E-06,
    -1.83766854927E-06));
#5411 = DIRECTION('',(-6.858289662142E-06,-0.999999999976,
    -1.289238532846E-24));
#5412 = ORIENTED_EDGE('',*,*,#5413,.T.);
#5413 = EDGE_CURVE('',#5405,#5414,#5416,.T.);
#5414 = VERTEX_POINT('',#5415);
#5415 = CARTESIAN_POINT('',(2.194998776551,-3.350000404467,
    1.949999490382));
#5416 = LINE('',#5417,#5418);
#5417 = CARTESIAN_POINT('',(2.195,-2.05,1.950000000428));
#5418 = VECTOR('',#5419,1.);
#5419 = DIRECTION('',(0.,-1.,0.));
#5420 = ORIENTED_EDGE('',*,*,#5421,.T.);
#5421 = EDGE_CURVE('',#5414,#5422,#5424,.T.);
#5422 = VERTEX_POINT('',#5423);
#5423 = CARTESIAN_POINT('',(2.1949982881,-4.100001600329,2.699998695247)
  );
#5424 = ( BOUNDED_CURVE() B_SPLINE_CURVE(3,(#5425,#5426,#5427,#5428),
.UNSPECIFIED.,.F.,.F.) B_SPLINE_CURVE_WITH_KNOTS((4,4),(2.3561950392,
3.926989087201),.PIECEWISE_BEZIER_KNOTS.) CURVE() 
GEOMETRIC_REPRESENTATION_ITEM() RATIONAL_B_SPLINE_CURVE((1.,
0.804738391241,0.804738391241,1.)) REPRESENTATION_ITEM('') );
#5425 = CARTESIAN_POINT('',(2.194998776551,-3.350000404467,
    1.949999490382));
#5426 = CARTESIAN_POINT('',(2.195,-3.789340376301,1.949998636564));
#5427 = CARTESIAN_POINT('',(2.195,-4.100000836062,2.260658723415));
#5428 = CARTESIAN_POINT('',(2.1949982881,-4.100001600329,2.699998695247)
  );
#5429 = ORIENTED_EDGE('',*,*,#5430,.T.);
#5430 = EDGE_CURVE('',#5422,#5431,#5433,.T.);
#5431 = VERTEX_POINT('',#5432);
#5432 = CARTESIAN_POINT('',(2.195,-3.349997579584,3.450000800149));
#5433 = ( BOUNDED_CURVE() B_SPLINE_CURVE(3,(#5434,#5435,#5436,#5437),
.UNSPECIFIED.,.F.,.F.) B_SPLINE_CURVE_WITH_KNOTS((4,4),(2.356192760628,
3.926994054471),.PIECEWISE_BEZIER_KNOTS.) CURVE() 
GEOMETRIC_REPRESENTATION_ITEM() RATIONAL_B_SPLINE_CURVE((1.,
0.804736683379,0.804736683379,1.)) REPRESENTATION_ITEM('') );
#5434 = CARTESIAN_POINT('',(2.1949982881,-4.100001600329,2.699998695247)
  );
#5435 = CARTESIAN_POINT('',(2.195,-4.100002364676,3.139341191172));
#5436 = CARTESIAN_POINT('',(2.195,-3.789340075505,3.450003018218));
#5437 = CARTESIAN_POINT('',(2.195,-3.349997579584,3.450000800149));
#5438 = ORIENTED_EDGE('',*,*,#5439,.T.);
#5439 = EDGE_CURVE('',#5431,#5440,#5442,.T.);
#5440 = VERTEX_POINT('',#5441);
#5441 = CARTESIAN_POINT('',(2.194999615971,-1.999999727225,
    3.450000189939));
#5442 = LINE('',#5443,#5444);
#5443 = CARTESIAN_POINT('',(2.195,-2.05,3.450000609588));
#5444 = VECTOR('',#5445,1.);
#5445 = DIRECTION('',(0.,1.,0.));
#5446 = ORIENTED_EDGE('',*,*,#5447,.T.);
#5447 = EDGE_CURVE('',#5440,#5448,#5450,.T.);
#5448 = VERTEX_POINT('',#5449);
#5449 = CARTESIAN_POINT('',(2.194999808636,-1.950000557916,
    3.636601573961));
#5450 = CIRCLE('',#5451,0.100000229713);
#5451 = AXIS2_PLACEMENT_3D('',#5452,#5453,#5454);
#5452 = CARTESIAN_POINT('',(2.194999432203,-1.999999999992,
    3.549999999997));
#5453 = DIRECTION('',(0.999999999975,-6.858279937301E-06,
    1.837659922048E-06));
#5454 = DIRECTION('',(-6.858279937313E-06,-0.999999999976,
    3.362616821412E-21));
#5455 = ORIENTED_EDGE('',*,*,#5456,.T.);
#5456 = EDGE_CURVE('',#5448,#5457,#5459,.T.);
#5457 = VERTEX_POINT('',#5458);
#5458 = CARTESIAN_POINT('',(2.194999871025,-2.050001110934,
    3.809805450335));
#5459 = CIRCLE('',#5460,0.200001788658);
#5460 = AXIS2_PLACEMENT_3D('',#5461,#5462,#5463);
#5461 = CARTESIAN_POINT('',(2.194995371685,-1.850000000094,
    3.809807621081));
#5462 = DIRECTION('',(-0.999999999672,-2.219107204508E-05,
    -1.281199977352E-05));
#5463 = DIRECTION('',(2.21910720469E-05,-0.999999999754,
    -4.336760687204E-15));
#5464 = ORIENTED_EDGE('',*,*,#5465,.T.);
#5465 = EDGE_CURVE('',#5457,#5466,#5468,.T.);
#5466 = VERTEX_POINT('',#5467);
#5467 = CARTESIAN_POINT('',(2.195,-2.050000394125,10.04999921175));
#5468 = LINE('',#5469,#5470);
#5469 = CARTESIAN_POINT('',(2.195,-2.050000695607,3.45));
#5470 = VECTOR('',#5471,1.);
#5471 = DIRECTION('',(0.,0.,1.));
#5472 = ORIENTED_EDGE('',*,*,#5473,.T.);
#5473 = EDGE_CURVE('',#5466,#5474,#5476,.T.);
#5474 = VERTEX_POINT('',#5475);
#5475 = CARTESIAN_POINT('',(2.195,-1.75,10.65));
#5476 = LINE('',#5477,#5478);
#5477 = CARTESIAN_POINT('',(2.195,-2.050000099372,10.049999801256));
#5478 = VECTOR('',#5479,1.);
#5479 = DIRECTION('',(0.,0.4472135955,0.894427191));
#5480 = ORIENTED_EDGE('',*,*,#5481,.T.);
#5481 = EDGE_CURVE('',#5474,#5482,#5484,.T.);
#5482 = VERTEX_POINT('',#5483);
#5483 = CARTESIAN_POINT('',(2.195,1.6,10.65));
#5484 = LINE('',#5485,#5486);
#5485 = CARTESIAN_POINT('',(2.195,-2.05,10.65));
#5486 = VECTOR('',#5487,1.);
#5487 = DIRECTION('',(0.,1.,0.));
#5488 = ORIENTED_EDGE('',*,*,#5489,.T.);
#5489 = EDGE_CURVE('',#5482,#5490,#5492,.T.);
#5490 = VERTEX_POINT('',#5491);
#5491 = CARTESIAN_POINT('',(2.195,1.9,10.05));
#5492 = LINE('',#5493,#5494);
#5493 = CARTESIAN_POINT('',(2.195,1.6,10.65));
#5494 = VECTOR('',#5495,1.);
#5495 = DIRECTION('',(0.,0.4472135955,-0.894427191));
#5496 = ORIENTED_EDGE('',*,*,#5497,.T.);
#5497 = EDGE_CURVE('',#5490,#5498,#5500,.T.);
#5498 = VERTEX_POINT('',#5499);
#5499 = CARTESIAN_POINT('',(2.195,1.9,3.5));
#5500 = LINE('',#5501,#5502);
#5501 = CARTESIAN_POINT('',(2.195,1.9,3.45));
#5502 = VECTOR('',#5503,1.);
#5503 = DIRECTION('',(0.,0.,-1.));
#5504 = ORIENTED_EDGE('',*,*,#5505,.T.);
#5505 = EDGE_CURVE('',#5498,#5506,#5508,.T.);
#5506 = VERTEX_POINT('',#5507);
#5507 = CARTESIAN_POINT('',(2.195,2.100000014276,2.999999986833));
#5508 = LINE('',#5509,#5510);
#5509 = CARTESIAN_POINT('',(2.195,1.9,3.5));
#5510 = VECTOR('',#5511,1.);
#5511 = DIRECTION('',(0.,0.371390676353,-0.928476690886));
#5512 = ORIENTED_EDGE('',*,*,#5513,.T.);
#5513 = EDGE_CURVE('',#5506,#5098,#5514,.T.);
#5514 = LINE('',#5515,#5516);
#5515 = CARTESIAN_POINT('',(2.195,-2.05,2.999999980249));
#5516 = VECTOR('',#5517,1.);
#5517 = DIRECTION('',(0.,-1.,0.));
#5518 = ORIENTED_EDGE('',*,*,#5105,.T.);
#5519 = ORIENTED_EDGE('',*,*,#5073,.T.);
#5520 = ORIENTED_EDGE('',*,*,#5521,.T.);
#5521 = EDGE_CURVE('',#5047,#5522,#5524,.T.);
#5522 = VERTEX_POINT('',#5523);
#5523 = CARTESIAN_POINT('',(2.194999856061,1.900000027316,2.676389055391
    ));
#5524 = CIRCLE('',#5525,0.2);
#5525 = AXIS2_PLACEMENT_3D('',#5526,#5527,#5528);
#5526 = CARTESIAN_POINT('',(2.194992478462,1.700000000274,2.676393202372
    ));
#5527 = DIRECTION('',(-0.999999999205,3.640852763311E-05,
    1.62823885587E-05));
#5528 = DIRECTION('',(-3.640852763793E-05,-0.999999999337,
    -2.155529278737E-21));
#5529 = ORIENTED_EDGE('',*,*,#5530,.T.);
#5530 = EDGE_CURVE('',#5522,#5531,#5533,.T.);
#5531 = VERTEX_POINT('',#5532);
#5532 = CARTESIAN_POINT('',(2.194999897415,1.900000936713,0.19999225969)
  );
#5533 = LINE('',#5534,#5535);
#5534 = CARTESIAN_POINT('',(2.195,1.900000068192,3.45));
#5535 = VECTOR('',#5536,1.);
#5536 = DIRECTION('',(0.,0.,-1.));
#5537 = ORIENTED_EDGE('',*,*,#5538,.T.);
#5538 = EDGE_CURVE('',#5531,#5539,#5541,.T.);
#5539 = VERTEX_POINT('',#5540);
#5540 = CARTESIAN_POINT('',(2.194999897357,1.700000036628,
    -2.725264996312E-07));
#5541 = CIRCLE('',#5542,0.200001226355);
#5542 = AXIS2_PLACEMENT_3D('',#5543,#5544,#5545);
#5543 = CARTESIAN_POINT('',(2.194997867252,1.700000000024,0.199999999976
    ));
#5544 = DIRECTION('',(-0.999999999907,9.637425853604E-06,
    -9.63742721413E-06));
#5545 = DIRECTION('',(-9.637427214578E-06,9.588949079353E-21,
    0.999999999954));
#5546 = ORIENTED_EDGE('',*,*,#5547,.T.);
#5547 = EDGE_CURVE('',#5539,#5548,#5550,.T.);
#5548 = VERTEX_POINT('',#5549);
#5549 = CARTESIAN_POINT('',(2.194999897408,-1.850006192414,
    -1.055968376976E-06));
#5550 = LINE('',#5551,#5552);
#5551 = CARTESIAN_POINT('',(2.195,-2.05,-5.450530001297E-07));
#5552 = VECTOR('',#5553,1.);
#5553 = DIRECTION('',(0.,-1.,0.));
#5554 = ORIENTED_EDGE('',*,*,#5555,.T.);
#5555 = EDGE_CURVE('',#5548,#5556,#5558,.T.);
#5556 = VERTEX_POINT('',#5557);
#5557 = CARTESIAN_POINT('',(2.194999876855,-2.050000721065,
    0.199999370032));
#5558 = CIRCLE('',#5559,0.200001226355);
#5559 = AXIS2_PLACEMENT_3D('',#5560,#5561,#5562);
#5560 = CARTESIAN_POINT('',(2.194997867256,-1.850000000024,
    0.199999999976));
#5561 = DIRECTION('',(-0.999999999907,-9.637428230168E-06,
    -9.637426865683E-06));
#5562 = DIRECTION('',(9.637428230616E-06,-0.999999999954,
    -9.486704826107E-16));
#5563 = ORIENTED_EDGE('',*,*,#5564,.T.);
#5564 = EDGE_CURVE('',#5556,#5565,#5567,.T.);
#5565 = VERTEX_POINT('',#5566);
#5566 = CARTESIAN_POINT('',(2.194999742452,-2.050001475047,
    1.590197209044));
#5567 = LINE('',#5568,#5569);
#5568 = CARTESIAN_POINT('',(2.195,-2.050000576293,3.45));
#5569 = VECTOR('',#5570,1.);
#5570 = DIRECTION('',(0.,0.,1.));
#5571 = ORIENTED_EDGE('',*,*,#5572,.T.);
#5572 = EDGE_CURVE('',#5565,#5403,#5573,.T.);
#5573 = CIRCLE('',#5574,0.200001788651);
#5574 = AXIS2_PLACEMENT_3D('',#5575,#5576,#5577);
#5575 = CARTESIAN_POINT('',(2.19499517777,-1.8500000001,1.590192378923)
  );
#5576 = DIRECTION('',(-0.999999999672,-2.219103308875E-05,
    1.281199036229E-05));
#5577 = DIRECTION('',(2.219103309057E-05,-0.999999999754,
    -1.060719548871E-20));
#5578 = PLANE('',#5579);
#5579 = AXIS2_PLACEMENT_3D('',#5580,#5581,#5582);
#5580 = CARTESIAN_POINT('',(2.195,-2.05,3.45));
#5581 = DIRECTION('',(-1.,0.,0.));
#5582 = DIRECTION('',(0.,1.,0.));
#5583 = ADVANCED_FACE('',(#5584),#5609,.F.);
#5584 = FACE_BOUND('',#5585,.F.);
#5585 = EDGE_LOOP('',(#5586,#5594,#5595,#5603));
#5586 = ORIENTED_EDGE('',*,*,#5587,.T.);
#5587 = EDGE_CURVE('',#5588,#5262,#5590,.T.);
#5588 = VERTEX_POINT('',#5589);
#5589 = CARTESIAN_POINT('',(2.445,0.691082343356,0.58244159237));
#5590 = LINE('',#5591,#5592);
#5591 = CARTESIAN_POINT('',(2.319999458277,0.691082218676,0.582436413849
    ));
#5592 = VECTOR('',#5593,1.);
#5593 = DIRECTION('',(-0.999999999118,9.927195755717E-07,
    -4.198930918578E-05));
#5594 = ORIENTED_EDGE('',*,*,#5270,.T.);
#5595 = ORIENTED_EDGE('',*,*,#5596,.T.);
#5596 = EDGE_CURVE('',#5271,#5597,#5599,.T.);
#5597 = VERTEX_POINT('',#5598);
#5598 = CARTESIAN_POINT('',(2.444999999999,0.996757258798,4.050026290154
    ));
#5599 = LINE('',#5600,#5601);
#5600 = CARTESIAN_POINT('',(2.32,0.996757258798,4.050026290154));
#5601 = VECTOR('',#5602,1.);
#5602 = DIRECTION('',(1.,0.,0.));
#5603 = ORIENTED_EDGE('',*,*,#5604,.T.);
#5604 = EDGE_CURVE('',#5597,#5588,#5605,.T.);
#5605 = LINE('',#5606,#5607);
#5606 = CARTESIAN_POINT('',(2.444999999998,0.843919756846,2.316231993388
    ));
#5607 = VECTOR('',#5608,1.);
#5608 = DIRECTION('',(-0.,-8.781151687924E-02,-0.996137107784));
#5609 = PLANE('',#5610);
#5610 = AXIS2_PLACEMENT_3D('',#5611,#5612,#5613);
#5611 = CARTESIAN_POINT('',(2.32,0.843919756846,2.316231993388));
#5612 = DIRECTION('',(0.,0.996137107784,-8.781151687924E-02));
#5613 = DIRECTION('',(0.,8.781151687924E-02,0.996137107784));
#5614 = ADVANCED_FACE('',(#5615),#5634,.F.);
#5615 = FACE_BOUND('',#5616,.F.);
#5616 = EDGE_LOOP('',(#5617,#5625,#5626,#5627));
#5617 = ORIENTED_EDGE('',*,*,#5618,.T.);
#5618 = EDGE_CURVE('',#5619,#5260,#5621,.T.);
#5619 = VERTEX_POINT('',#5620);
#5620 = CARTESIAN_POINT('',(2.445,0.491851128751,0.400000987343));
#5621 = LINE('',#5622,#5623);
#5622 = CARTESIAN_POINT('',(2.319999433214,0.491853776721,0.399999892849
    ));
#5623 = VECTOR('',#5624,1.);
#5624 = DIRECTION('',(-0.999999999815,1.53727060207E-05,
    -1.158459406993E-05));
#5625 = ORIENTED_EDGE('',*,*,#5259,.T.);
#5626 = ORIENTED_EDGE('',*,*,#5587,.F.);
#5627 = ORIENTED_EDGE('',*,*,#5628,.T.);
#5628 = EDGE_CURVE('',#5588,#5619,#5629,.T.);
#5629 = CIRCLE('',#5630,0.200002219163);
#5630 = AXIS2_PLACEMENT_3D('',#5631,#5632,#5633);
#5631 = CARTESIAN_POINT('',(2.445,0.491850992921,0.600004193848));
#5632 = DIRECTION('',(-1.,0.,0.));
#5633 = DIRECTION('',(0.,0.,1.));
#5634 = CYLINDRICAL_SURFACE('',#5635,0.200002219164);
#5635 = AXIS2_PLACEMENT_3D('',#5636,#5637,#5638);
#5636 = CARTESIAN_POINT('',(2.32,0.491852914512,0.600002095414));
#5637 = DIRECTION('',(0.999999999741,-1.537272485189E-05,
    1.678747483262E-05));
#5638 = DIRECTION('',(-1.67874748346E-05,5.637959657585E-21,
    0.999999999859));
#5639 = ADVANCED_FACE('',(#5640),#5658,.F.);
#5640 = FACE_BOUND('',#5641,.F.);
#5641 = EDGE_LOOP('',(#5642,#5650,#5651,#5652));
#5642 = ORIENTED_EDGE('',*,*,#5643,.T.);
#5643 = EDGE_CURVE('',#5644,#5386,#5646,.T.);
#5644 = VERTEX_POINT('',#5645);
#5645 = CARTESIAN_POINT('',(2.444999525123,-0.641849003413,0.40000049866
    ));
#5646 = LINE('',#5647,#5648);
#5647 = CARTESIAN_POINT('',(2.319999160602,-0.641856283896,
    0.399999909324));
#5648 = VECTOR('',#5649,1.);
#5649 = DIRECTION('',(-0.999999997545,-6.952556790998E-05,
    -8.703945568658E-06));
#5650 = ORIENTED_EDGE('',*,*,#5394,.T.);
#5651 = ORIENTED_EDGE('',*,*,#5618,.F.);
#5652 = ORIENTED_EDGE('',*,*,#5653,.T.);
#5653 = EDGE_CURVE('',#5619,#5644,#5654,.T.);
#5654 = LINE('',#5655,#5656);
#5655 = CARTESIAN_POINT('',(2.444999683433,-7.5E-02,0.4));
#5656 = VECTOR('',#5657,1.);
#5657 = DIRECTION('',(0.,-1.,0.));
#5658 = PLANE('',#5659);
#5659 = AXIS2_PLACEMENT_3D('',#5660,#5661,#5662);
#5660 = CARTESIAN_POINT('',(2.32,-7.5E-02,0.4));
#5661 = DIRECTION('',(0.,0.,-1.));
#5662 = DIRECTION('',(1.,0.,0.));
#5663 = ADVANCED_FACE('',(#5664),#5683,.F.);
#5664 = FACE_BOUND('',#5665,.F.);
#5665 = EDGE_LOOP('',(#5666,#5674,#5675,#5676));
#5666 = ORIENTED_EDGE('',*,*,#5667,.T.);
#5667 = EDGE_CURVE('',#5668,#5378,#5670,.T.);
#5668 = VERTEX_POINT('',#5669);
#5669 = CARTESIAN_POINT('',(2.44499952514,-0.841081224898,0.582441073598
    ));
#5670 = LINE('',#5671,#5672);
#5671 = CARTESIAN_POINT('',(2.319999148311,-0.841082454415,
    0.582438739749));
#5672 = VECTOR('',#5673,1.);
#5673 = DIRECTION('',(-0.999999999815,-1.01898892529E-05,
    -1.63305810306E-05));
#5674 = ORIENTED_EDGE('',*,*,#5385,.T.);
#5675 = ORIENTED_EDGE('',*,*,#5643,.F.);
#5676 = ORIENTED_EDGE('',*,*,#5677,.T.);
#5677 = EDGE_CURVE('',#5644,#5668,#5678,.T.);
#5678 = CIRCLE('',#5679,0.200002219163);
#5679 = AXIS2_PLACEMENT_3D('',#5680,#5681,#5682);
#5680 = CARTESIAN_POINT('',(2.444996009316,-0.641850992983,
    0.600004193782));
#5681 = DIRECTION('',(-0.999999999741,-1.537272846306E-05,
    -1.678747776591E-05));
#5682 = DIRECTION('',(1.678747776789E-05,-3.132015991855E-21,
    -0.999999999859));
#5683 = CYLINDRICAL_SURFACE('',#5684,0.200002219163);
#5684 = AXIS2_PLACEMENT_3D('',#5685,#5686,#5687);
#5685 = CARTESIAN_POINT('',(2.32,-0.641852914513,0.600002095414));
#5686 = DIRECTION('',(0.999999999741,1.537272846306E-05,
    1.678747776591E-05));
#5687 = DIRECTION('',(-1.678747776789E-05,3.132015991855E-21,
    0.999999999859));
#5688 = ADVANCED_FACE('',(#5689),#5707,.F.);
#5689 = FACE_BOUND('',#5690,.F.);
#5690 = EDGE_LOOP('',(#5691,#5699,#5700,#5701));
#5691 = ORIENTED_EDGE('',*,*,#5692,.T.);
#5692 = EDGE_CURVE('',#5693,#5364,#5695,.T.);
#5693 = VERTEX_POINT('',#5694);
#5694 = CARTESIAN_POINT('',(2.444999841717,-1.146757258798,
    4.050026290154));
#5695 = LINE('',#5696,#5697);
#5696 = CARTESIAN_POINT('',(2.32,-1.146757258798,4.050026290154));
#5697 = VECTOR('',#5698,1.);
#5698 = DIRECTION('',(-1.,-0.,-0.));
#5699 = ORIENTED_EDGE('',*,*,#5377,.T.);
#5700 = ORIENTED_EDGE('',*,*,#5667,.F.);
#5701 = ORIENTED_EDGE('',*,*,#5702,.T.);
#5702 = EDGE_CURVE('',#5668,#5693,#5703,.T.);
#5703 = LINE('',#5704,#5705);
#5704 = CARTESIAN_POINT('',(2.444999683434,-0.993919756846,
    2.316231993389));
#5705 = VECTOR('',#5706,1.);
#5706 = DIRECTION('',(0.,-8.781151687923E-02,0.996137107784));
#5707 = PLANE('',#5708);
#5708 = AXIS2_PLACEMENT_3D('',#5709,#5710,#5711);
#5709 = CARTESIAN_POINT('',(2.32,-0.993919756846,2.316231993389));
#5710 = DIRECTION('',(0.,-0.996137107784,-8.781151687923E-02));
#5711 = DIRECTION('',(0.,8.781151687923E-02,-0.996137107784));
#5712 = ADVANCED_FACE('',(#5713),#5738,.T.);
#5713 = FACE_BOUND('',#5714,.T.);
#5714 = EDGE_LOOP('',(#5715,#5716,#5717,#5726));
#5715 = ORIENTED_EDGE('',*,*,#5692,.T.);
#5716 = ORIENTED_EDGE('',*,*,#5363,.F.);
#5717 = ORIENTED_EDGE('',*,*,#5718,.T.);
#5718 = EDGE_CURVE('',#5356,#5719,#5721,.T.);
#5719 = VERTEX_POINT('',#5720);
#5720 = CARTESIAN_POINT('',(2.445,-1.349316502632,4.248168596638));
#5721 = B_SPLINE_CURVE_WITH_KNOTS('',3,(#5722,#5723,#5724,#5725),
  .UNSPECIFIED.,.F.,.F.,(4,4),(0.,1.),.PIECEWISE_BEZIER_KNOTS.);
#5722 = CARTESIAN_POINT('',(2.195,-1.349409670423,4.248063503365));
#5723 = CARTESIAN_POINT('',(2.278333333333,-1.349409788059,
    4.248098441068));
#5724 = CARTESIAN_POINT('',(2.361666666667,-1.349409897963,
    4.248133381025));
#5725 = CARTESIAN_POINT('',(2.445,-1.349316502632,4.248168596638));
#5726 = ORIENTED_EDGE('',*,*,#5727,.T.);
#5727 = EDGE_CURVE('',#5719,#5693,#5728,.T.);
#5728 = B_SPLINE_CURVE_WITH_KNOTS('',3,(#5729,#5730,#5731,#5732,#5733,
    #5734,#5735,#5736,#5737),.UNSPECIFIED.,.F.,.F.,(4,1,1,1,1,1,4),(0.,
    5.167215828262E-05,1.040356429204E-04,1.563991275583E-04,
    2.087626121961E-04,2.611260968339E-04,3.134895814721E-04),
  .UNSPECIFIED.);
#5729 = CARTESIAN_POINT('',(2.445,-1.349316502632,4.248168596638));
#5730 = CARTESIAN_POINT('',(2.445,-1.349359413267,4.230868498423));
#5731 = CARTESIAN_POINT('',(2.445,-1.345443545662,4.197151210859));
#5732 = CARTESIAN_POINT('',(2.445,-1.324536203247,4.147643025366));
#5733 = CARTESIAN_POINT('',(2.445,-1.291908650336,4.105804990114));
#5734 = CARTESIAN_POINT('',(2.445,-1.249430328324,4.073746717261));
#5735 = CARTESIAN_POINT('',(2.445,-1.199718530523,4.053906104656));
#5736 = CARTESIAN_POINT('',(2.445,-1.164867196123,4.049732622352));
#5737 = CARTESIAN_POINT('',(2.444999841717,-1.146757258798,
    4.050026290154));
#5738 = B_SPLINE_SURFACE_WITH_KNOTS('',3,1,(
    (#5739,#5740)
    ,(#5741,#5742)
    ,(#5743,#5744)
    ,(#5745,#5746)
    ,(#5747,#5748)
    ,(#5749,#5750)
    ,(#5751,#5752)
    ,(#5753,#5754)
    ,(#5755,#5756)
    ,(#5757,#5758
    )),.UNSPECIFIED.,.F.,.F.,.F.,(4,1,1,1,1,1,1,4),(2,2),(
    2.21431800795E-02,0.181445677705,0.34074817533,0.500050672955,
    0.65935317058,0.818655668204,0.976897385143,0.98157725017),(0.,1.),
  .UNSPECIFIED.);
#5739 = CARTESIAN_POINT('',(2.195,-1.146757258798,4.050026290154));
#5740 = CARTESIAN_POINT('',(2.445,-1.146757258798,4.050026290154));
#5741 = CARTESIAN_POINT('',(2.195,-1.164867196123,4.049732622352));
#5742 = CARTESIAN_POINT('',(2.445,-1.164867196123,4.049732622352));
#5743 = CARTESIAN_POINT('',(2.195,-1.199718530523,4.053906104656));
#5744 = CARTESIAN_POINT('',(2.445,-1.199718530523,4.053906104656));
#5745 = CARTESIAN_POINT('',(2.195,-1.249430328324,4.073746717261));
#5746 = CARTESIAN_POINT('',(2.445,-1.249430328324,4.073746717261));
#5747 = CARTESIAN_POINT('',(2.195,-1.291908650336,4.105804990114));
#5748 = CARTESIAN_POINT('',(2.445,-1.291908650336,4.105804990114));
#5749 = CARTESIAN_POINT('',(2.195,-1.324536203247,4.147643025366));
#5750 = CARTESIAN_POINT('',(2.445,-1.324536203247,4.147643025366));
#5751 = CARTESIAN_POINT('',(2.195,-1.345489349938,4.197259674505));
#5752 = CARTESIAN_POINT('',(2.445,-1.345489349938,4.197259674505));
#5753 = CARTESIAN_POINT('',(2.195,-1.349442513107,4.231589192982));
#5754 = CARTESIAN_POINT('',(2.445,-1.349442513107,4.231589192982));
#5755 = CARTESIAN_POINT('',(2.195,-1.349410598839,4.24954351727));
#5756 = CARTESIAN_POINT('',(2.445,-1.349410598839,4.24954351727));
#5757 = CARTESIAN_POINT('',(2.195,-1.349408021626,4.250059750801));
#5758 = CARTESIAN_POINT('',(2.445,-1.349408021626,4.250059750801));
#5759 = ADVANCED_FACE('',(#5760),#5778,.F.);
#5760 = FACE_BOUND('',#5761,.T.);
#5761 = EDGE_LOOP('',(#5762,#5770,#5771,#5772));
#5762 = ORIENTED_EDGE('',*,*,#5763,.F.);
#5763 = EDGE_CURVE('',#5719,#5764,#5766,.T.);
#5764 = VERTEX_POINT('',#5765);
#5765 = CARTESIAN_POINT('',(2.444999948064,-1.348179227497,
    8.816983434942));
#5766 = LINE('',#5767,#5768);
#5767 = CARTESIAN_POINT('',(2.445,-1.349637030002,3.449801901537));
#5768 = VECTOR('',#5769,1.);
#5769 = DIRECTION('',(0.,2.82851126479E-04,0.999999959998));
#5770 = ORIENTED_EDGE('',*,*,#5718,.F.);
#5771 = ORIENTED_EDGE('',*,*,#5355,.F.);
#5772 = ORIENTED_EDGE('',*,*,#5773,.F.);
#5773 = EDGE_CURVE('',#5764,#5342,#5774,.T.);
#5774 = LINE('',#5775,#5776);
#5775 = CARTESIAN_POINT('',(2.444999948064,-1.348118918934,
    8.816975177396));
#5776 = VECTOR('',#5777,1.);
#5777 = DIRECTION('',(-1.,-0.,-0.));
#5778 = PLANE('',#5779);
#5779 = AXIS2_PLACEMENT_3D('',#5780,#5781,#5782);
#5780 = CARTESIAN_POINT('',(2.32,-1.348764966799,6.53291908478));
#5781 = DIRECTION('',(0.,-0.999999959998,2.82851126479E-04));
#5782 = DIRECTION('',(0.,-2.82851126479E-04,-0.999999959998));
#5783 = ADVANCED_FACE('',(#5784),#5808,.T.);
#5784 = FACE_BOUND('',#5785,.T.);
#5785 = EDGE_LOOP('',(#5786,#5787,#5788,#5796));
#5786 = ORIENTED_EDGE('',*,*,#5773,.T.);
#5787 = ORIENTED_EDGE('',*,*,#5341,.F.);
#5788 = ORIENTED_EDGE('',*,*,#5789,.T.);
#5789 = EDGE_CURVE('',#5333,#5790,#5792,.T.);
#5790 = VERTEX_POINT('',#5791);
#5791 = CARTESIAN_POINT('',(2.444999936155,-1.150000785992,
    9.049999606441));
#5792 = LINE('',#5793,#5794);
#5793 = CARTESIAN_POINT('',(2.31999977657,-1.149999786328,9.050000066325
    ));
#5794 = VECTOR('',#5795,1.);
#5795 = DIRECTION('',(0.999999999945,-7.975782580452E-06,
    -6.783783469913E-06));
#5796 = ORIENTED_EDGE('',*,*,#5797,.T.);
#5797 = EDGE_CURVE('',#5790,#5764,#5798,.T.);
#5798 = B_SPLINE_CURVE_WITH_KNOTS('',3,(#5799,#5800,#5801,#5802,#5803,
    #5804,#5805,#5806,#5807),.UNSPECIFIED.,.F.,.F.,(4,1,1,1,1,1,4),(
    6.347111012139E-11,5.760237105171E-05,1.152036897235E-04,
    1.728050083954E-04,2.304063270672E-04,2.880076457389E-04,
    3.455862950411E-04),.UNSPECIFIED.);
#5799 = CARTESIAN_POINT('',(2.444999936155,-1.150000785992,
    9.049999606441));
#5800 = CARTESIAN_POINT('',(2.445,-1.169919336486,9.049861911826));
#5801 = CARTESIAN_POINT('',(2.445,-1.207870439212,9.044375791496));
#5802 = CARTESIAN_POINT('',(2.445,-1.261157763797,9.019649839064));
#5803 = CARTESIAN_POINT('',(2.445,-1.304735553925,8.981027938558));
#5804 = CARTESIAN_POINT('',(2.445,-1.335708415434,8.931656701256));
#5805 = CARTESIAN_POINT('',(2.445,-1.35105680645,8.875051519156));
#5806 = CARTESIAN_POINT('',(2.445,-1.350838716906,8.83668062218));
#5807 = CARTESIAN_POINT('',(2.444999948064,-1.348179227497,
    8.816983434942));
#5808 = B_SPLINE_SURFACE_WITH_KNOTS('',3,1,(
    (#5809,#5810,#5811)
    ,(#5812,#5813,#5814)
    ,(#5815,#5816,#5817)
    ,(#5818,#5819,#5820)
    ,(#5821,#5822,#5823)
    ,(#5824,#5825,#5826)
    ,(#5827,#5828,#5829)
    ,(#5830,#5831,#5832)
    ,(#5833,#5834,#5835)
    ,(#5836,#5837,#5838)
    ,(#5839,#5840,#5841)
    ,(#5842,#5843,#5844)
    ,(#5845,#5846,#5847)
    ,(#5848,#5849,#5850)
    ,(#5851,#5852,#5853
  )),.UNSPECIFIED.,.F.,.F.,.F.,(4,3,1,1,1,1,1,3,4),(2,1,2),(
    1.054714448349E-02,2.023664960527E-02,0.180080018217,0.339981759755,
    0.499883501292,0.65978524283,0.819686984367,0.979593592356,
    0.989187161784),(0.,1.,1.01),.UNSPECIFIED.);
#5809 = CARTESIAN_POINT('',(2.195,-1.347626686125,8.813408858667));
#5810 = CARTESIAN_POINT('',(2.444999491393,-1.347626686125,
    8.813408858667));
#5811 = CARTESIAN_POINT('',(2.447499486307,-1.347626686125,
    8.813408858667));
#5812 = CARTESIAN_POINT('',(2.195,-1.347791434833,8.814602493853));
#5813 = CARTESIAN_POINT('',(2.444999491393,-1.347791434833,
    8.814602493853));
#5814 = CARTESIAN_POINT('',(2.447499486307,-1.347791434833,
    8.814602493853));
#5815 = CARTESIAN_POINT('',(2.195,-1.34795618354,8.815796129039));
#5816 = CARTESIAN_POINT('',(2.444999491393,-1.34795618354,8.815796129039
    ));
#5817 = CARTESIAN_POINT('',(2.447499486307,-1.34795618354,8.815796129039
    ));
#5818 = CARTESIAN_POINT('',(2.195,-1.348120932247,8.816989764225));
#5819 = CARTESIAN_POINT('',(2.444999491393,-1.348120932247,
    8.816989764225));
#5820 = CARTESIAN_POINT('',(2.447499486307,-1.348120932247,
    8.816989764225));
#5821 = CARTESIAN_POINT('',(2.195,-1.350838716906,8.83668062218));
#5822 = CARTESIAN_POINT('',(2.444999491393,-1.350838716906,8.83668062218
    ));
#5823 = CARTESIAN_POINT('',(2.447499486307,-1.350838716906,8.83668062218
    ));
#5824 = CARTESIAN_POINT('',(2.195,-1.35105680645,8.875051519156));
#5825 = CARTESIAN_POINT('',(2.444999491393,-1.35105680645,8.875051519156
    ));
#5826 = CARTESIAN_POINT('',(2.447499486307,-1.35105680645,8.875051519156
    ));
#5827 = CARTESIAN_POINT('',(2.195,-1.335708415434,8.931656701256));
#5828 = CARTESIAN_POINT('',(2.444999491393,-1.335708415434,
    8.931656701256));
#5829 = CARTESIAN_POINT('',(2.447499486307,-1.335708415434,
    8.931656701256));
#5830 = CARTESIAN_POINT('',(2.195,-1.304735553925,8.981027938558));
#5831 = CARTESIAN_POINT('',(2.444999491393,-1.304735553925,
    8.981027938558));
#5832 = CARTESIAN_POINT('',(2.447499486307,-1.304735553925,
    8.981027938558));
#5833 = CARTESIAN_POINT('',(2.195,-1.261157763797,9.019649839064));
#5834 = CARTESIAN_POINT('',(2.444999491393,-1.261157763797,
    9.019649839064));
#5835 = CARTESIAN_POINT('',(2.447499486307,-1.261157763797,
    9.019649839064));
#5836 = CARTESIAN_POINT('',(2.195,-1.207870439212,9.044375791496));
#5837 = CARTESIAN_POINT('',(2.444999491393,-1.207870439212,
    9.044375791496));
#5838 = CARTESIAN_POINT('',(2.447499486307,-1.207870439212,
    9.044375791496));
#5839 = CARTESIAN_POINT('',(2.195,-1.169919336486,9.049861911826));
#5840 = CARTESIAN_POINT('',(2.444999491393,-1.169919336486,
    9.049861911826));
#5841 = CARTESIAN_POINT('',(2.447499486307,-1.169919336486,
    9.049861911826));
#5842 = CARTESIAN_POINT('',(2.195,-1.149999995966,9.050000000028));
#5843 = CARTESIAN_POINT('',(2.444999491393,-1.149999995966,
    9.050000000028));
#5844 = CARTESIAN_POINT('',(2.447499486307,-1.149999995966,
    9.050000000028));
#5845 = CARTESIAN_POINT('',(2.195,-1.148804938559,9.050008284606));
#5846 = CARTESIAN_POINT('',(2.444999491393,-1.148804938559,
    9.050008284606));
#5847 = CARTESIAN_POINT('',(2.447499486307,-1.148804938559,
    9.050008284606));
#5848 = CARTESIAN_POINT('',(2.195,-1.147609881153,9.050016569183));
#5849 = CARTESIAN_POINT('',(2.444999491393,-1.147609881153,
    9.050016569183));
#5850 = CARTESIAN_POINT('',(2.447499486307,-1.147609881153,
    9.050016569183));
#5851 = CARTESIAN_POINT('',(2.195,-1.146414823746,9.050024853761));
#5852 = CARTESIAN_POINT('',(2.444999491393,-1.146414823746,
    9.050024853761));
#5853 = CARTESIAN_POINT('',(2.447499486307,-1.146414823746,
    9.050024853761));
#5854 = ADVANCED_FACE('',(#5855),#5874,.F.);
#5855 = FACE_BOUND('',#5856,.F.);
#5856 = EDGE_LOOP('',(#5857,#5865,#5866,#5867));
#5857 = ORIENTED_EDGE('',*,*,#5858,.T.);
#5858 = EDGE_CURVE('',#5859,#5325,#5861,.T.);
#5859 = VERTEX_POINT('',#5860);
#5860 = CARTESIAN_POINT('',(2.444999968076,-0.959076517446,
    8.909564197541));
#5861 = LINE('',#5862,#5863);
#5862 = CARTESIAN_POINT('',(2.312696912715,-0.959075763634,8.90956405904
    ));
#5863 = VECTOR('',#5864,1.);
#5864 = DIRECTION('',(-1.,0.,0.));
#5865 = ORIENTED_EDGE('',*,*,#5332,.T.);
#5866 = ORIENTED_EDGE('',*,*,#5789,.T.);
#5867 = ORIENTED_EDGE('',*,*,#5868,.T.);
#5868 = EDGE_CURVE('',#5790,#5859,#5869,.T.);
#5869 = CIRCLE('',#5870,0.200001744139);
#5870 = AXIS2_PLACEMENT_3D('',#5871,#5872,#5873);
#5871 = CARTESIAN_POINT('',(2.444997225787,-1.150002431969,
    8.849996693699));
#5872 = DIRECTION('',(-0.999999999865,9.733144382001E-06,
    1.323236752011E-05));
#5873 = DIRECTION('',(-1.323236752074E-05,-7.589341260735E-15,
    -0.999999999912));
#5874 = CYLINDRICAL_SURFACE('',#5875,0.200001744139);
#5875 = AXIS2_PLACEMENT_3D('',#5876,#5877,#5878);
#5876 = CARTESIAN_POINT('',(2.32,-1.150001215353,8.849998347708));
#5877 = DIRECTION('',(0.999999999865,-9.733144382001E-06,
    -1.323236752011E-05));
#5878 = DIRECTION('',(1.323236752074E-05,-7.761487386373E-21,
    0.999999999912));
#5879 = ADVANCED_FACE('',(#5880),#5907,.F.);
#5880 = FACE_BOUND('',#5881,.F.);
#5881 = EDGE_LOOP('',(#5882,#5892,#5899,#5900));
#5882 = ORIENTED_EDGE('',*,*,#5883,.T.);
#5883 = EDGE_CURVE('',#5884,#5886,#5888,.T.);
#5884 = VERTEX_POINT('',#5885);
#5885 = CARTESIAN_POINT('',(2.172897776864,-0.959075763634,8.77844144194
    ));
#5886 = VERTEX_POINT('',#5887);
#5887 = CARTESIAN_POINT('',(2.172897776864,0.809075763634,8.77844144194)
  );
#5888 = LINE('',#5889,#5890);
#5889 = CARTESIAN_POINT('',(2.172897776868,0.809075763634,8.77844144195)
  );
#5890 = VECTOR('',#5891,1.);
#5891 = DIRECTION('',(0.,1.,0.));
#5892 = ORIENTED_EDGE('',*,*,#5893,.T.);
#5893 = EDGE_CURVE('',#5886,#5316,#5894,.T.);
#5894 = CIRCLE('',#5895,0.4);
#5895 = AXIS2_PLACEMENT_3D('',#5896,#5897,#5898);
#5896 = CARTESIAN_POINT('',(1.795,0.809075763634,8.90956455295));
#5897 = DIRECTION('',(0.,-1.,0.));
#5898 = DIRECTION('',(0.,0.,-1.));
#5899 = ORIENTED_EDGE('',*,*,#5324,.T.);
#5900 = ORIENTED_EDGE('',*,*,#5901,.T.);
#5901 = EDGE_CURVE('',#5325,#5884,#5902,.T.);
#5902 = CIRCLE('',#5903,0.4);
#5903 = AXIS2_PLACEMENT_3D('',#5904,#5905,#5906);
#5904 = CARTESIAN_POINT('',(1.795,-0.959075763634,8.90956455295));
#5905 = DIRECTION('',(-0.,1.,0.));
#5906 = DIRECTION('',(5.312590645179E-14,0.,-1.));
#5907 = CYLINDRICAL_SURFACE('',#5908,0.4);
#5908 = AXIS2_PLACEMENT_3D('',#5909,#5910,#5911);
#5909 = CARTESIAN_POINT('',(1.795,0.809075763634,8.90956455295));
#5910 = DIRECTION('',(0.,-1.,0.));
#5911 = DIRECTION('',(-1.,0.,0.));
#5912 = ADVANCED_FACE('',(#5913),#5939,.F.);
#5913 = FACE_BOUND('',#5914,.F.);
#5914 = EDGE_LOOP('',(#5915,#5923,#5924,#5932));
#5915 = ORIENTED_EDGE('',*,*,#5916,.T.);
#5916 = EDGE_CURVE('',#5917,#5301,#5919,.T.);
#5917 = VERTEX_POINT('',#5918);
#5918 = CARTESIAN_POINT('',(2.444999929356,1.000002195641,9.049998811287
    ));
#5919 = LINE('',#5920,#5921);
#5920 = CARTESIAN_POINT('',(2.31999979501,1.000000354544,9.050000123522)
  );
#5921 = VECTOR('',#5922,1.);
#5922 = DIRECTION('',(-0.999999999889,-1.283811051252E-05,
    7.510132364888E-06));
#5923 = ORIENTED_EDGE('',*,*,#5315,.T.);
#5924 = ORIENTED_EDGE('',*,*,#5925,.T.);
#5925 = EDGE_CURVE('',#5316,#5926,#5928,.T.);
#5926 = VERTEX_POINT('',#5927);
#5927 = CARTESIAN_POINT('',(2.444999872851,0.809076466272,8.909564425983
    ));
#5928 = LINE('',#5929,#5930);
#5929 = CARTESIAN_POINT('',(2.312696912715,0.809075763634,8.909565040009
    ));
#5930 = VECTOR('',#5931,1.);
#5931 = DIRECTION('',(1.,0.,0.));
#5932 = ORIENTED_EDGE('',*,*,#5933,.T.);
#5933 = EDGE_CURVE('',#5926,#5917,#5934,.T.);
#5934 = CIRCLE('',#5935,0.20000174414);
#5935 = AXIS2_PLACEMENT_3D('',#5936,#5937,#5938);
#5936 = CARTESIAN_POINT('',(2.444997212208,1.000002431971,8.849996693698
    ));
#5937 = DIRECTION('',(-0.999999999865,-9.733149584942E-06,
    1.323237124849E-05));
#5938 = DIRECTION('',(-1.323237124912E-05,-4.336766856342E-15,
    -0.999999999912));
#5939 = CYLINDRICAL_SURFACE('',#5940,0.20000174414);
#5940 = AXIS2_PLACEMENT_3D('',#5941,#5942,#5943);
#5941 = CARTESIAN_POINT('',(2.32,1.000001215354,8.849998347708));
#5942 = DIRECTION('',(0.999999999865,9.733149584942E-06,
    -1.323237124849E-05));
#5943 = DIRECTION('',(1.323237124912E-05,-4.013506181501E-21,
    0.999999999912));
#5944 = ADVANCED_FACE('',(#5945),#5970,.T.);
#5945 = FACE_BOUND('',#5946,.T.);
#5946 = EDGE_LOOP('',(#5947,#5948,#5949,#5957));
#5947 = ORIENTED_EDGE('',*,*,#5916,.T.);
#5948 = ORIENTED_EDGE('',*,*,#5300,.F.);
#5949 = ORIENTED_EDGE('',*,*,#5950,.T.);
#5950 = EDGE_CURVE('',#5293,#5951,#5953,.T.);
#5951 = VERTEX_POINT('',#5952);
#5952 = CARTESIAN_POINT('',(2.445,1.196457034772,8.801128420054));
#5953 = LINE('',#5954,#5955);
#5954 = CARTESIAN_POINT('',(2.179806895237,1.196457034772,8.801128420054
    ));
#5955 = VECTOR('',#5956,1.);
#5956 = DIRECTION('',(1.,0.,0.));
#5957 = ORIENTED_EDGE('',*,*,#5958,.T.);
#5958 = EDGE_CURVE('',#5951,#5917,#5959,.T.);
#5959 = B_SPLINE_CURVE_WITH_KNOTS('',3,(#5960,#5961,#5962,#5963,#5964,
    #5965,#5966,#5967,#5968,#5969),.UNSPECIFIED.,.F.,.F.,(4,1,1,1,1,1,1,
    4),(0.,0.142857800052,0.285715600104,0.428573400156,0.571431200207,
    0.714289000259,0.857146800311,1.),.UNSPECIFIED.);
#5960 = CARTESIAN_POINT('',(2.445,1.196457034772,8.801128420054));
#5961 = CARTESIAN_POINT('',(2.445,1.199459453596,8.81847347953));
#5962 = CARTESIAN_POINT('',(2.445,1.201670241451,8.8528166764));
#5963 = CARTESIAN_POINT('',(2.445,1.19483698528,8.904840600777));
#5964 = CARTESIAN_POINT('',(2.445,1.17415615686,8.952723968283));
#5965 = CARTESIAN_POINT('',(2.445,1.142188534959,8.993815274482));
#5966 = CARTESIAN_POINT('',(2.445,1.100747510785,9.025377380609));
#5967 = CARTESIAN_POINT('',(2.445,1.052155889848,9.045435155232));
#5968 = CARTESIAN_POINT('',(2.445,1.017861266023,9.049894724884));
#5969 = CARTESIAN_POINT('',(2.444999929356,1.000002195641,9.049998811287
    ));
#5970 = B_SPLINE_SURFACE_WITH_KNOTS('',3,1,(
    (#5971,#5972)
    ,(#5973,#5974)
    ,(#5975,#5976)
    ,(#5977,#5978)
    ,(#5979,#5980)
    ,(#5981,#5982)
    ,(#5983,#5984)
    ,(#5985,#5986)
    ,(#5987,#5988)
    ,(#5989,#5990
    )),.UNSPECIFIED.,.F.,.F.,.F.,(4,1,1,1,1,1,1,4),(2,2),(
    1.932323883981E-02,0.156588832318,0.293858846234,0.431128860151,
    0.568398874068,0.705668887985,0.842938901902,0.980208083254),(0.,1.)
  ,.UNSPECIFIED.);
#5971 = CARTESIAN_POINT('',(2.195,0.99999999657,9.05000000002));
#5972 = CARTESIAN_POINT('',(2.445,0.99999999657,9.05000000002));
#5973 = CARTESIAN_POINT('',(2.195,1.017861266023,9.049894724884));
#5974 = CARTESIAN_POINT('',(2.445,1.017861266023,9.049894724884));
#5975 = CARTESIAN_POINT('',(2.195,1.052155889848,9.045435155232));
#5976 = CARTESIAN_POINT('',(2.445,1.052155889848,9.045435155232));
#5977 = CARTESIAN_POINT('',(2.195,1.100747510785,9.025377380609));
#5978 = CARTESIAN_POINT('',(2.445,1.100747510785,9.025377380609));
#5979 = CARTESIAN_POINT('',(2.195,1.142188534959,8.993815274482));
#5980 = CARTESIAN_POINT('',(2.445,1.142188534959,8.993815274482));
#5981 = CARTESIAN_POINT('',(2.195,1.17415615686,8.952723968283));
#5982 = CARTESIAN_POINT('',(2.445,1.17415615686,8.952723968283));
#5983 = CARTESIAN_POINT('',(2.195,1.19483698528,8.904840600777));
#5984 = CARTESIAN_POINT('',(2.445,1.19483698528,8.904840600777));
#5985 = CARTESIAN_POINT('',(2.195,1.201670241451,8.8528166764));
#5986 = CARTESIAN_POINT('',(2.445,1.201670241451,8.8528166764));
#5987 = CARTESIAN_POINT('',(2.195,1.199459453596,8.81847347953));
#5988 = CARTESIAN_POINT('',(2.445,1.199459453596,8.81847347953));
#5989 = CARTESIAN_POINT('',(2.195,1.196457034772,8.801128420054));
#5990 = CARTESIAN_POINT('',(2.445,1.196457034772,8.801128420054));
#5991 = ADVANCED_FACE('',(#5992),#6010,.F.);
#5992 = FACE_BOUND('',#5993,.T.);
#5993 = EDGE_LOOP('',(#5994,#6002,#6003,#6004));
#5994 = ORIENTED_EDGE('',*,*,#5995,.F.);
#5995 = EDGE_CURVE('',#5951,#5996,#5998,.T.);
#5996 = VERTEX_POINT('',#5997);
#5997 = CARTESIAN_POINT('',(2.444999999999,1.199413055117,4.248862172127
    ));
#5998 = LINE('',#5999,#6000);
#5999 = CARTESIAN_POINT('',(2.445,1.197935044944,6.52499529609));
#6000 = VECTOR('',#6001,1.);
#6001 = DIRECTION('',(0.,6.493512375581E-04,-0.999999789171));
#6002 = ORIENTED_EDGE('',*,*,#5950,.F.);
#6003 = ORIENTED_EDGE('',*,*,#5292,.F.);
#6004 = ORIENTED_EDGE('',*,*,#6005,.F.);
#6005 = EDGE_CURVE('',#5996,#5279,#6006,.T.);
#6006 = LINE('',#6007,#6008);
#6007 = CARTESIAN_POINT('',(2.32,1.199413055116,4.248862172127));
#6008 = VECTOR('',#6009,1.);
#6009 = DIRECTION('',(-1.,-0.,-0.));
#6010 = PLANE('',#6011);
#6011 = AXIS2_PLACEMENT_3D('',#6012,#6013,#6014);
#6012 = CARTESIAN_POINT('',(2.32,1.197935044944,6.52499529609));
#6013 = DIRECTION('',(0.,0.999999789171,6.493512375581E-04));
#6014 = DIRECTION('',(0.,-6.493512375581E-04,0.999999789171));
#6015 = ADVANCED_FACE('',(#6016),#6033,.T.);
#6016 = FACE_BOUND('',#6017,.T.);
#6017 = EDGE_LOOP('',(#6018,#6019,#6020,#6021));
#6018 = ORIENTED_EDGE('',*,*,#6005,.T.);
#6019 = ORIENTED_EDGE('',*,*,#5278,.F.);
#6020 = ORIENTED_EDGE('',*,*,#5596,.T.);
#6021 = ORIENTED_EDGE('',*,*,#6022,.T.);
#6022 = EDGE_CURVE('',#5597,#5996,#6023,.T.);
#6023 = B_SPLINE_CURVE_WITH_KNOTS('',3,(#6024,#6025,#6026,#6027,#6028,
    #6029,#6030,#6031,#6032),.UNSPECIFIED.,.F.,.F.,(4,1,1,1,1,1,4),(0.,
    0.166666666666,0.333333333332,0.499999999999,0.666666666665,
    0.833333333332,1.),.UNSPECIFIED.);
#6024 = CARTESIAN_POINT('',(2.444999999999,0.996757258798,4.050026290154
    ));
#6025 = CARTESIAN_POINT('',(2.444999999998,1.014868870542,4.0497325952)
  );
#6026 = CARTESIAN_POINT('',(2.444999999998,1.049722814849,4.053906905301
    ));
#6027 = CARTESIAN_POINT('',(2.444999999998,1.099436389646,4.073749952541
    ));
#6028 = CARTESIAN_POINT('',(2.444999999998,1.141914049699,4.105810382874
    ));
#6029 = CARTESIAN_POINT('',(2.444999999998,1.174539793416,4.147648965367
    ));
#6030 = CARTESIAN_POINT('',(2.444999999998,1.195535883843,4.197374511909
    ));
#6031 = CARTESIAN_POINT('',(2.444999999998,1.199413055117,4.23131791698)
  );
#6032 = CARTESIAN_POINT('',(2.444999999999,1.199413055117,4.248862172127
    ));
#6033 = B_SPLINE_SURFACE_WITH_KNOTS('',3,1,(
    (#6034,#6035)
    ,(#6036,#6037)
    ,(#6038,#6039)
    ,(#6040,#6041)
    ,(#6042,#6043)
    ,(#6044,#6045)
    ,(#6046,#6047)
    ,(#6048,#6049)
    ,(#6050,#6051
    )),.UNSPECIFIED.,.F.,.F.,.F.,(4,1,1,1,1,1,4),(2,2),(
    2.284804578895E-02,0.181980286078,0.341112526353,0.500244766627,
    0.659377006902,0.818509247177,0.977641487451),(0.,1.),
  .UNSPECIFIED.);
#6034 = CARTESIAN_POINT('',(2.195,1.199413055117,4.248862172127));
#6035 = CARTESIAN_POINT('',(2.444999999998,1.199413055117,4.248862172127
    ));
#6036 = CARTESIAN_POINT('',(2.195,1.199413055117,4.231317916979));
#6037 = CARTESIAN_POINT('',(2.444999999998,1.199413055117,4.231317916979
    ));
#6038 = CARTESIAN_POINT('',(2.195,1.195535883843,4.197374511909));
#6039 = CARTESIAN_POINT('',(2.444999999998,1.195535883843,4.197374511909
    ));
#6040 = CARTESIAN_POINT('',(2.195,1.174539793416,4.147648965367));
#6041 = CARTESIAN_POINT('',(2.444999999998,1.174539793416,4.147648965367
    ));
#6042 = CARTESIAN_POINT('',(2.195,1.141914049699,4.105810382874));
#6043 = CARTESIAN_POINT('',(2.444999999998,1.141914049699,4.105810382874
    ));
#6044 = CARTESIAN_POINT('',(2.195,1.099436389646,4.073749952541));
#6045 = CARTESIAN_POINT('',(2.444999999998,1.099436389646,4.073749952541
    ));
#6046 = CARTESIAN_POINT('',(2.195,1.049722814849,4.053906905301));
#6047 = CARTESIAN_POINT('',(2.444999999998,1.049722814849,4.053906905301
    ));
#6048 = CARTESIAN_POINT('',(2.195,1.014868870542,4.0497325952));
#6049 = CARTESIAN_POINT('',(2.444999999998,1.014868870542,4.0497325952)
  );
#6050 = CARTESIAN_POINT('',(2.195,0.996757258799,4.050026290154));
#6051 = CARTESIAN_POINT('',(2.444999999998,0.996757258799,4.050026290154
    ));
#6052 = ADVANCED_FACE('',(#6053),#6079,.T.);
#6053 = FACE_BOUND('',#6054,.T.);
#6054 = EDGE_LOOP('',(#6055,#6064,#6065,#6073));
#6055 = ORIENTED_EDGE('',*,*,#6056,.T.);
#6056 = EDGE_CURVE('',#6057,#5414,#6059,.T.);
#6057 = VERTEX_POINT('',#6058);
#6058 = CARTESIAN_POINT('',(2.444999935987,-3.349997795011,
    1.950000745444));
#6059 = B_SPLINE_CURVE_WITH_KNOTS('',3,(#6060,#6061,#6062,#6063),
  .UNSPECIFIED.,.F.,.F.,(4,4),(0.,1.),.PIECEWISE_BEZIER_KNOTS.);
#6060 = CARTESIAN_POINT('',(2.444999935987,-3.349997795011,
    1.950000745444));
#6061 = CARTESIAN_POINT('',(2.361666264198,-3.349995159206,1.95));
#6062 = CARTESIAN_POINT('',(2.278332656422,-3.349995159206,1.95));
#6063 = CARTESIAN_POINT('',(2.194998776551,-3.350000404467,
    1.949999490382));
#6064 = ORIENTED_EDGE('',*,*,#5413,.F.);
#6065 = ORIENTED_EDGE('',*,*,#6066,.T.);
#6066 = EDGE_CURVE('',#5405,#6067,#6069,.T.);
#6067 = VERTEX_POINT('',#6068);
#6068 = CARTESIAN_POINT('',(2.44499988297,-2.000000254419,1.949999999998
    ));
#6069 = LINE('',#6070,#6071);
#6070 = CARTESIAN_POINT('',(2.32,-1.999998794271,1.95));
#6071 = VECTOR('',#6072,1.);
#6072 = DIRECTION('',(1.,0.,0.));
#6073 = ORIENTED_EDGE('',*,*,#6074,.T.);
#6074 = EDGE_CURVE('',#6067,#6057,#6075,.T.);
#6075 = LINE('',#6076,#6077);
#6076 = CARTESIAN_POINT('',(2.444999871975,-2.675,1.95));
#6077 = VECTOR('',#6078,1.);
#6078 = DIRECTION('',(0.,-1.,0.));
#6079 = PLANE('',#6080);
#6080 = AXIS2_PLACEMENT_3D('',#6081,#6082,#6083);
#6081 = CARTESIAN_POINT('',(2.32,-2.675,1.95));
#6082 = DIRECTION('',(0.,0.,-1.));
#6083 = DIRECTION('',(1.,0.,0.));
#6084 = ADVANCED_FACE('',(#6085),#6104,.F.);
#6085 = FACE_BOUND('',#6086,.F.);
#6086 = EDGE_LOOP('',(#6087,#6095,#6096,#6097));
#6087 = ORIENTED_EDGE('',*,*,#6088,.T.);
#6088 = EDGE_CURVE('',#6089,#5403,#6091,.T.);
#6089 = VERTEX_POINT('',#6090);
#6090 = CARTESIAN_POINT('',(2.444999871017,-1.949998778375,
    1.763396127253));
#6091 = LINE('',#6092,#6093);
#6092 = CARTESIAN_POINT('',(2.319999729701,-1.950000489749,
    1.763396175906));
#6093 = VECTOR('',#6094,1.);
#6094 = DIRECTION('',(-0.999999999916,-1.022426078523E-05,
    -7.914220172641E-06));
#6095 = ORIENTED_EDGE('',*,*,#5402,.T.);
#6096 = ORIENTED_EDGE('',*,*,#6066,.T.);
#6097 = ORIENTED_EDGE('',*,*,#6098,.T.);
#6098 = EDGE_CURVE('',#6067,#6089,#6099,.T.);
#6099 = CIRCLE('',#6100,0.100000229715);
#6100 = AXIS2_PLACEMENT_3D('',#6101,#6102,#6103);
#6101 = CARTESIAN_POINT('',(2.444999710197,-2.000001714566,
    1.849999540585));
#6102 = DIRECTION('',(-0.999999999975,6.85828966213E-06,
    1.83766854927E-06));
#6103 = DIRECTION('',(6.858289662142E-06,0.999999999976,
    1.289238532846E-24));
#6104 = CYLINDRICAL_SURFACE('',#6105,0.100000229715);
#6105 = AXIS2_PLACEMENT_3D('',#6106,#6107,#6108);
#6106 = CARTESIAN_POINT('',(2.32,-2.000000857282,1.849999770293));
#6107 = DIRECTION('',(0.999999999975,-6.85828966213E-06,
    -1.83766854927E-06));
#6108 = DIRECTION('',(-6.858289662142E-06,-0.999999999976,
    -1.289238532846E-24));
#6109 = ADVANCED_FACE('',(#6110),#6130,.T.);
#6110 = FACE_BOUND('',#6111,.T.);
#6111 = EDGE_LOOP('',(#6112,#6113,#6114,#6123));
#6112 = ORIENTED_EDGE('',*,*,#6088,.T.);
#6113 = ORIENTED_EDGE('',*,*,#5572,.F.);
#6114 = ORIENTED_EDGE('',*,*,#6115,.T.);
#6115 = EDGE_CURVE('',#5565,#6116,#6118,.T.);
#6116 = VERTEX_POINT('',#6117);
#6117 = CARTESIAN_POINT('',(2.44499983865,-2.049997252514,1.590188136611
    ));
#6118 = B_SPLINE_CURVE_WITH_KNOTS('',3,(#6119,#6120,#6121,#6122),
  .UNSPECIFIED.,.F.,.F.,(4,4),(0.,1.),.PIECEWISE_BEZIER_KNOTS.);
#6119 = CARTESIAN_POINT('',(2.194999742452,-2.050001475047,
    1.590197209044));
#6120 = CARTESIAN_POINT('',(2.278332889835,-2.049999939451,
    1.590186467063));
#6121 = CARTESIAN_POINT('',(2.361666349973,-2.049998090195,
    1.590195087731));
#6122 = CARTESIAN_POINT('',(2.44499983865,-2.049997252514,1.590188136611
    ));
#6123 = ORIENTED_EDGE('',*,*,#6124,.T.);
#6124 = EDGE_CURVE('',#6116,#6089,#6125,.T.);
#6125 = CIRCLE('',#6126,0.200001788651);
#6126 = AXIS2_PLACEMENT_3D('',#6127,#6128,#6129);
#6127 = CARTESIAN_POINT('',(2.444995409776,-1.849994452337,
    1.590189175922));
#6128 = DIRECTION('',(-0.999999999672,-2.219103308875E-05,
    1.281199036229E-05));
#6129 = DIRECTION('',(-2.219103309057E-05,0.999999999754,
    3.252588035191E-15));
#6130 = CYLINDRICAL_SURFACE('',#6131,0.200001788651);
#6131 = AXIS2_PLACEMENT_3D('',#6132,#6133,#6134);
#6132 = CARTESIAN_POINT('',(2.32,-1.849997226114,1.590190777362));
#6133 = DIRECTION('',(0.999999999672,2.219103308875E-05,
    -1.281199036229E-05));
#6134 = DIRECTION('',(2.219103309057E-05,-0.999999999754,
    -1.060688529598E-20));
#6135 = ADVANCED_FACE('',(#6136),#6154,.F.);
#6136 = FACE_BOUND('',#6137,.F.);
#6137 = EDGE_LOOP('',(#6138,#6146,#6147,#6148));
#6138 = ORIENTED_EDGE('',*,*,#6139,.T.);
#6139 = EDGE_CURVE('',#6140,#5556,#6142,.T.);
#6140 = VERTEX_POINT('',#6141);
#6141 = CARTESIAN_POINT('',(2.444999853117,-2.049999844937,
    0.200001785292));
#6142 = LINE('',#6143,#6144);
#6143 = CARTESIAN_POINT('',(2.319999719943,-2.050000030531,
    0.200001043359));
#6144 = VECTOR('',#6145,1.);
#6145 = DIRECTION('',(-0.999999999977,-2.72525727447E-06,
    -6.226453923882E-06));
#6146 = ORIENTED_EDGE('',*,*,#5564,.T.);
#6147 = ORIENTED_EDGE('',*,*,#6115,.T.);
#6148 = ORIENTED_EDGE('',*,*,#6149,.T.);
#6149 = EDGE_CURVE('',#6116,#6140,#6150,.T.);
#6150 = LINE('',#6151,#6152);
#6151 = CARTESIAN_POINT('',(2.444999809913,-2.05,0.895096189433));
#6152 = VECTOR('',#6153,1.);
#6153 = DIRECTION('',(0.,0.,-1.));
#6154 = PLANE('',#6155);
#6155 = AXIS2_PLACEMENT_3D('',#6156,#6157,#6158);
#6156 = CARTESIAN_POINT('',(2.32,-2.05,0.895096189433));
#6157 = DIRECTION('',(-0.,1.,0.));
#6158 = DIRECTION('',(1.,0.,0.));
#6159 = ADVANCED_FACE('',(#6160),#6179,.T.);
#6160 = FACE_BOUND('',#6161,.T.);
#6161 = EDGE_LOOP('',(#6162,#6163,#6164,#6172));
#6162 = ORIENTED_EDGE('',*,*,#6139,.T.);
#6163 = ORIENTED_EDGE('',*,*,#5555,.F.);
#6164 = ORIENTED_EDGE('',*,*,#6165,.T.);
#6165 = EDGE_CURVE('',#5548,#6166,#6168,.T.);
#6166 = VERTEX_POINT('',#6167);
#6167 = CARTESIAN_POINT('',(2.444999855826,-1.850002571263,
    1.024822855876E-06));
#6168 = LINE('',#6169,#6170);
#6169 = CARTESIAN_POINT('',(2.320001927557,-1.850004987716,
    -2.157524853219E-08));
#6170 = VECTOR('',#6171,1.);
#6171 = DIRECTION('',(0.999999999907,9.637428230168E-06,
    9.637426865683E-06));
#6172 = ORIENTED_EDGE('',*,*,#6173,.T.);
#6173 = EDGE_CURVE('',#6166,#6140,#6174,.T.);
#6174 = CIRCLE('',#6175,0.200001226355);
#6175 = AXIS2_PLACEMENT_3D('',#6176,#6177,#6178);
#6176 = CARTESIAN_POINT('',(2.444997968809,-1.849997590666,
    0.200002409334));
#6177 = DIRECTION('',(-0.999999999907,-9.637428230168E-06,
    -9.637426865683E-06));
#6178 = DIRECTION('',(-9.637428230616E-06,0.999999999954,
    -6.011793595671E-22));
#6179 = CYLINDRICAL_SURFACE('',#6180,0.200001226355);
#6180 = AXIS2_PLACEMENT_3D('',#6181,#6182,#6183);
#6181 = CARTESIAN_POINT('',(2.32,-1.849998795325,0.200001204675));
#6182 = DIRECTION('',(0.999999999907,9.637428230168E-06,
    9.637426865683E-06));
#6183 = DIRECTION('',(9.637428230616E-06,-0.999999999954,
    6.011793595671E-22));
#6184 = ADVANCED_FACE('',(#6185),#6203,.F.);
#6185 = FACE_BOUND('',#6186,.F.);
#6186 = EDGE_LOOP('',(#6187,#6195,#6196,#6197));
#6187 = ORIENTED_EDGE('',*,*,#6188,.T.);
#6188 = EDGE_CURVE('',#6189,#5539,#6191,.T.);
#6189 = VERTEX_POINT('',#6190);
#6190 = CARTESIAN_POINT('',(2.444999973272,1.699997607409,
    2.434688652661E-07));
#6191 = LINE('',#6192,#6193);
#6192 = CARTESIAN_POINT('',(2.32,1.699997607409,0.));
#6193 = VECTOR('',#6194,1.);
#6194 = DIRECTION('',(-1.,0.,0.));
#6195 = ORIENTED_EDGE('',*,*,#5547,.T.);
#6196 = ORIENTED_EDGE('',*,*,#6165,.T.);
#6197 = ORIENTED_EDGE('',*,*,#6198,.T.);
#6198 = EDGE_CURVE('',#6166,#6189,#6199,.T.);
#6199 = LINE('',#6200,#6201);
#6200 = CARTESIAN_POINT('',(2.44499997079,-7.500046897972E-02,
    5.185499737936E-07));
#6201 = VECTOR('',#6202,1.);
#6202 = DIRECTION('',(8.75926379285E-08,1.,-1.780973381428E-08));
#6203 = PLANE('',#6204);
#6204 = AXIS2_PLACEMENT_3D('',#6205,#6206,#6207);
#6205 = CARTESIAN_POINT('',(2.32,-7.5E-02,0.));
#6206 = DIRECTION('',(0.,0.,1.));
#6207 = DIRECTION('',(-1.,0.,0.));
#6208 = ADVANCED_FACE('',(#6209),#6228,.T.);
#6209 = FACE_BOUND('',#6210,.T.);
#6210 = EDGE_LOOP('',(#6211,#6212,#6213,#6221));
#6211 = ORIENTED_EDGE('',*,*,#6188,.T.);
#6212 = ORIENTED_EDGE('',*,*,#5538,.F.);
#6213 = ORIENTED_EDGE('',*,*,#6214,.T.);
#6214 = EDGE_CURVE('',#5531,#6215,#6217,.T.);
#6215 = VERTEX_POINT('',#6216);
#6216 = CARTESIAN_POINT('',(2.444999790414,1.899999112625,0.19999411919)
  );
#6217 = LINE('',#6218,#6219);
#6218 = CARTESIAN_POINT('',(2.320001927572,1.900000021521,0.199993464388
    ));
#6219 = VECTOR('',#6220,1.);
#6220 = DIRECTION('',(0.999999999907,-9.637425853604E-06,
    9.63742721413E-06));
#6221 = ORIENTED_EDGE('',*,*,#6222,.T.);
#6222 = EDGE_CURVE('',#6215,#6189,#6223,.T.);
#6223 = CIRCLE('',#6224,0.200001226355);
#6224 = AXIS2_PLACEMENT_3D('',#6225,#6226,#6227);
#6225 = CARTESIAN_POINT('',(2.444997892768,1.699997590667,0.200002409333
    ));
#6226 = DIRECTION('',(-0.999999999907,9.637425853604E-06,
    -9.63742721413E-06));
#6227 = DIRECTION('',(9.637427214578E-06,-2.168400637586E-15,
    -0.999999999954));
#6228 = CYLINDRICAL_SURFACE('',#6229,0.200001226355);
#6229 = AXIS2_PLACEMENT_3D('',#6230,#6231,#6232);
#6230 = CARTESIAN_POINT('',(2.32,1.699998795325,0.200001204675));
#6231 = DIRECTION('',(0.999999999907,-9.637425853604E-06,
    9.63742721413E-06));
#6232 = DIRECTION('',(-9.637427214578E-06,9.588949079353E-21,
    0.999999999954));
#6233 = ADVANCED_FACE('',(#6234),#6252,.F.);
#6234 = FACE_BOUND('',#6235,.F.);
#6235 = EDGE_LOOP('',(#6236,#6244,#6245,#6246));
#6236 = ORIENTED_EDGE('',*,*,#6237,.T.);
#6237 = EDGE_CURVE('',#6238,#5522,#6240,.T.);
#6238 = VERTEX_POINT('',#6239);
#6239 = CARTESIAN_POINT('',(2.444999738466,1.899995325136,2.676370566249
    ));
#6240 = LINE('',#6241,#6242);
#6241 = CARTESIAN_POINT('',(2.319999769335,1.899996005654,2.676379810913
    ));
#6242 = VECTOR('',#6243,1.);
#6243 = DIRECTION('',(-0.999999997125,-1.67219833195E-05,
    7.39585653797E-05));
#6244 = ORIENTED_EDGE('',*,*,#5530,.T.);
#6245 = ORIENTED_EDGE('',*,*,#6214,.T.);
#6246 = ORIENTED_EDGE('',*,*,#6247,.T.);
#6247 = EDGE_CURVE('',#6215,#6238,#6248,.T.);
#6248 = LINE('',#6249,#6250);
#6249 = CARTESIAN_POINT('',(2.444999760484,1.9,1.438196601125));
#6250 = VECTOR('',#6251,1.);
#6251 = DIRECTION('',(0.,0.,1.));
#6252 = PLANE('',#6253);
#6253 = AXIS2_PLACEMENT_3D('',#6254,#6255,#6256);
#6254 = CARTESIAN_POINT('',(2.32,1.9,1.438196601125));
#6255 = DIRECTION('',(0.,-1.,0.));
#6256 = DIRECTION('',(-1.,0.,0.));
#6257 = ADVANCED_FACE('',(#6258),#6270,.T.);
#6258 = FACE_BOUND('',#6259,.T.);
#6259 = EDGE_LOOP('',(#6260,#6261,#6262,#6263));
#6260 = ORIENTED_EDGE('',*,*,#6237,.T.);
#6261 = ORIENTED_EDGE('',*,*,#5521,.F.);
#6262 = ORIENTED_EDGE('',*,*,#5046,.T.);
#6263 = ORIENTED_EDGE('',*,*,#6264,.T.);
#6264 = EDGE_CURVE('',#5049,#6238,#6265,.T.);
#6265 = CIRCLE('',#6266,0.2);
#6266 = AXIS2_PLACEMENT_3D('',#6267,#6268,#6269);
#6267 = CARTESIAN_POINT('',(2.444992414544,1.699990898144,2.676389131776
    ));
#6268 = DIRECTION('',(-0.999999999205,3.640852763311E-05,
    1.62823885587E-05));
#6269 = DIRECTION('',(3.640852763793E-05,0.999999999337,
    -6.505210877626E-15));
#6270 = CYLINDRICAL_SURFACE('',#6271,0.2);
#6271 = AXIS2_PLACEMENT_3D('',#6272,#6273,#6274);
#6272 = CARTESIAN_POINT('',(2.32,1.699995448934,2.676391166951));
#6273 = DIRECTION('',(0.999999999205,-3.640852763311E-05,
    -1.62823885587E-05));
#6274 = DIRECTION('',(-3.640852763793E-05,-0.999999999337,
    -2.155529278737E-21));
#6275 = ADVANCED_FACE('',(#6276),#6294,.F.);
#6276 = FACE_BOUND('',#6277,.F.);
#6277 = EDGE_LOOP('',(#6278,#6286,#6287,#6288));
#6278 = ORIENTED_EDGE('',*,*,#6279,.T.);
#6279 = EDGE_CURVE('',#6280,#5506,#6282,.T.);
#6280 = VERTEX_POINT('',#6281);
#6281 = CARTESIAN_POINT('',(2.44499989694,2.100000019261,2.999999996893)
  );
#6282 = LINE('',#6283,#6284);
#6283 = CARTESIAN_POINT('',(2.32,2.100000027027,3.));
#6284 = VECTOR('',#6285,1.);
#6285 = DIRECTION('',(-1.,0.,0.));
#6286 = ORIENTED_EDGE('',*,*,#5513,.T.);
#6287 = ORIENTED_EDGE('',*,*,#5097,.F.);
#6288 = ORIENTED_EDGE('',*,*,#6289,.T.);
#6289 = EDGE_CURVE('',#5089,#6280,#6290,.T.);
#6290 = LINE('',#6291,#6292);
#6291 = CARTESIAN_POINT('',(2.44499984542,2.,3.));
#6292 = VECTOR('',#6293,1.);
#6293 = DIRECTION('',(0.,1.,0.));
#6294 = PLANE('',#6295);
#6295 = AXIS2_PLACEMENT_3D('',#6296,#6297,#6298);
#6296 = CARTESIAN_POINT('',(2.32,2.,3.));
#6297 = DIRECTION('',(0.,0.,1.));
#6298 = DIRECTION('',(-1.,0.,0.));
#6299 = ADVANCED_FACE('',(#6300),#6318,.F.);
#6300 = FACE_BOUND('',#6301,.T.);
#6301 = EDGE_LOOP('',(#6302,#6310,#6311,#6312));
#6302 = ORIENTED_EDGE('',*,*,#6303,.F.);
#6303 = EDGE_CURVE('',#6280,#6304,#6306,.T.);
#6304 = VERTEX_POINT('',#6305);
#6305 = CARTESIAN_POINT('',(2.444999999987,1.9,3.5));
#6306 = LINE('',#6307,#6308);
#6307 = CARTESIAN_POINT('',(2.444999999981,2.,3.25));
#6308 = VECTOR('',#6309,1.);
#6309 = DIRECTION('',(0.,-0.371390676354,0.928476690885));
#6310 = ORIENTED_EDGE('',*,*,#6279,.T.);
#6311 = ORIENTED_EDGE('',*,*,#5505,.F.);
#6312 = ORIENTED_EDGE('',*,*,#6313,.F.);
#6313 = EDGE_CURVE('',#6304,#5498,#6314,.T.);
#6314 = LINE('',#6315,#6316);
#6315 = CARTESIAN_POINT('',(2.32,1.9,3.5));
#6316 = VECTOR('',#6317,1.);
#6317 = DIRECTION('',(-1.,-0.,-0.));
#6318 = PLANE('',#6319);
#6319 = AXIS2_PLACEMENT_3D('',#6320,#6321,#6322);
#6320 = CARTESIAN_POINT('',(2.32,2.,3.25));
#6321 = DIRECTION('',(0.,-0.928476690885,-0.371390676354));
#6322 = DIRECTION('',(0.,0.371390676354,-0.928476690885));
#6323 = ADVANCED_FACE('',(#6324),#6342,.F.);
#6324 = FACE_BOUND('',#6325,.T.);
#6325 = EDGE_LOOP('',(#6326,#6334,#6335,#6336));
#6326 = ORIENTED_EDGE('',*,*,#6327,.F.);
#6327 = EDGE_CURVE('',#6304,#6328,#6330,.T.);
#6328 = VERTEX_POINT('',#6329);
#6329 = CARTESIAN_POINT('',(2.445,1.9,10.05));
#6330 = LINE('',#6331,#6332);
#6331 = CARTESIAN_POINT('',(2.445,1.9,6.775));
#6332 = VECTOR('',#6333,1.);
#6333 = DIRECTION('',(0.,0.,1.));
#6334 = ORIENTED_EDGE('',*,*,#6313,.T.);
#6335 = ORIENTED_EDGE('',*,*,#5497,.F.);
#6336 = ORIENTED_EDGE('',*,*,#6337,.F.);
#6337 = EDGE_CURVE('',#6328,#5490,#6338,.T.);
#6338 = LINE('',#6339,#6340);
#6339 = CARTESIAN_POINT('',(2.32,1.9,10.05));
#6340 = VECTOR('',#6341,1.);
#6341 = DIRECTION('',(-1.,0.,0.));
#6342 = PLANE('',#6343);
#6343 = AXIS2_PLACEMENT_3D('',#6344,#6345,#6346);
#6344 = CARTESIAN_POINT('',(2.32,1.9,6.775));
#6345 = DIRECTION('',(0.,-1.,0.));
#6346 = DIRECTION('',(-1.,0.,0.));
#6347 = ADVANCED_FACE('',(#6348),#6366,.F.);
#6348 = FACE_BOUND('',#6349,.T.);
#6349 = EDGE_LOOP('',(#6350,#6358,#6359,#6360));
#6350 = ORIENTED_EDGE('',*,*,#6351,.F.);
#6351 = EDGE_CURVE('',#6328,#6352,#6354,.T.);
#6352 = VERTEX_POINT('',#6353);
#6353 = CARTESIAN_POINT('',(2.445,1.6,10.65));
#6354 = LINE('',#6355,#6356);
#6355 = CARTESIAN_POINT('',(2.445,1.75,10.35));
#6356 = VECTOR('',#6357,1.);
#6357 = DIRECTION('',(0.,-0.4472135955,0.894427191));
#6358 = ORIENTED_EDGE('',*,*,#6337,.T.);
#6359 = ORIENTED_EDGE('',*,*,#5489,.F.);
#6360 = ORIENTED_EDGE('',*,*,#6361,.F.);
#6361 = EDGE_CURVE('',#6352,#5482,#6362,.T.);
#6362 = LINE('',#6363,#6364);
#6363 = CARTESIAN_POINT('',(2.32,1.6,10.65));
#6364 = VECTOR('',#6365,1.);
#6365 = DIRECTION('',(-1.,-0.,-0.));
#6366 = PLANE('',#6367);
#6367 = AXIS2_PLACEMENT_3D('',#6368,#6369,#6370);
#6368 = CARTESIAN_POINT('',(2.32,1.75,10.35));
#6369 = DIRECTION('',(0.,-0.894427191,-0.4472135955));
#6370 = DIRECTION('',(0.,0.4472135955,-0.894427191));
#6371 = ADVANCED_FACE('',(#6372),#6390,.F.);
#6372 = FACE_BOUND('',#6373,.T.);
#6373 = EDGE_LOOP('',(#6374,#6382,#6383,#6384));
#6374 = ORIENTED_EDGE('',*,*,#6375,.F.);
#6375 = EDGE_CURVE('',#6352,#6376,#6378,.T.);
#6376 = VERTEX_POINT('',#6377);
#6377 = CARTESIAN_POINT('',(2.445,-1.75,10.65));
#6378 = LINE('',#6379,#6380);
#6379 = CARTESIAN_POINT('',(2.445,-7.500000000002E-02,10.65));
#6380 = VECTOR('',#6381,1.);
#6381 = DIRECTION('',(0.,-1.,0.));
#6382 = ORIENTED_EDGE('',*,*,#6361,.T.);
#6383 = ORIENTED_EDGE('',*,*,#5481,.F.);
#6384 = ORIENTED_EDGE('',*,*,#6385,.F.);
#6385 = EDGE_CURVE('',#6376,#5474,#6386,.T.);
#6386 = LINE('',#6387,#6388);
#6387 = CARTESIAN_POINT('',(2.32,-1.75,10.65));
#6388 = VECTOR('',#6389,1.);
#6389 = DIRECTION('',(-1.,-0.,-0.));
#6390 = PLANE('',#6391);
#6391 = AXIS2_PLACEMENT_3D('',#6392,#6393,#6394);
#6392 = CARTESIAN_POINT('',(2.32,-7.500000000002E-02,10.65));
#6393 = DIRECTION('',(0.,0.,-1.));
#6394 = DIRECTION('',(1.,0.,0.));
#6395 = ADVANCED_FACE('',(#6396),#6414,.F.);
#6396 = FACE_BOUND('',#6397,.T.);
#6397 = EDGE_LOOP('',(#6398,#6406,#6407,#6408));
#6398 = ORIENTED_EDGE('',*,*,#6399,.F.);
#6399 = EDGE_CURVE('',#6376,#6400,#6402,.T.);
#6400 = VERTEX_POINT('',#6401);
#6401 = CARTESIAN_POINT('',(2.444999999998,-2.049999860774,
    10.050000417677));
#6402 = LINE('',#6403,#6404);
#6403 = CARTESIAN_POINT('',(2.445,-1.9,10.35));
#6404 = VECTOR('',#6405,1.);
#6405 = DIRECTION('',(-0.,-0.4472135955,-0.894427191));
#6406 = ORIENTED_EDGE('',*,*,#6385,.T.);
#6407 = ORIENTED_EDGE('',*,*,#5473,.F.);
#6408 = ORIENTED_EDGE('',*,*,#6409,.F.);
#6409 = EDGE_CURVE('',#6400,#5466,#6410,.T.);
#6410 = LINE('',#6411,#6412);
#6411 = CARTESIAN_POINT('',(2.32,-2.049999791161,10.050000417677));
#6412 = VECTOR('',#6413,1.);
#6413 = DIRECTION('',(-1.,-0.,-0.));
#6414 = PLANE('',#6415);
#6415 = AXIS2_PLACEMENT_3D('',#6416,#6417,#6418);
#6416 = CARTESIAN_POINT('',(2.32,-1.9,10.35));
#6417 = DIRECTION('',(0.,0.894427191,-0.4472135955));
#6418 = DIRECTION('',(0.,0.4472135955,0.894427191));
#6419 = ADVANCED_FACE('',(#6420),#6439,.F.);
#6420 = FACE_BOUND('',#6421,.F.);
#6421 = EDGE_LOOP('',(#6422,#6431,#6432,#6433));
#6422 = ORIENTED_EDGE('',*,*,#6423,.T.);
#6423 = EDGE_CURVE('',#6424,#5457,#6426,.T.);
#6424 = VERTEX_POINT('',#6425);
#6425 = CARTESIAN_POINT('',(2.444999849695,-2.04999897125,3.809813494703
    ));
#6426 = B_SPLINE_CURVE_WITH_KNOTS('',3,(#6427,#6428,#6429,#6430),
  .UNSPECIFIED.,.F.,.F.,(4,4),(0.,1.),.PIECEWISE_BEZIER_KNOTS.);
#6427 = CARTESIAN_POINT('',(2.444999849695,-2.04999897125,3.809813494703
    ));
#6428 = CARTESIAN_POINT('',(2.361666476641,-2.04999809019,3.809806566544
    ));
#6429 = CARTESIAN_POINT('',(2.278333143229,-2.049999939446,
    3.809811878672));
#6430 = CARTESIAN_POINT('',(2.194999871025,-2.050001110934,
    3.809805450335));
#6431 = ORIENTED_EDGE('',*,*,#5465,.T.);
#6432 = ORIENTED_EDGE('',*,*,#6409,.F.);
#6433 = ORIENTED_EDGE('',*,*,#6434,.T.);
#6434 = EDGE_CURVE('',#6400,#6424,#6435,.T.);
#6435 = LINE('',#6436,#6437);
#6436 = CARTESIAN_POINT('',(2.444999999995,-2.05,6.929903810568));
#6437 = VECTOR('',#6438,1.);
#6438 = DIRECTION('',(0.,0.,-1.));
#6439 = PLANE('',#6440);
#6440 = AXIS2_PLACEMENT_3D('',#6441,#6442,#6443);
#6441 = CARTESIAN_POINT('',(2.32,-2.05,6.929903810568));
#6442 = DIRECTION('',(-0.,1.,0.));
#6443 = DIRECTION('',(1.,0.,0.));
#6444 = ADVANCED_FACE('',(#6445),#6464,.T.);
#6445 = FACE_BOUND('',#6446,.T.);
#6446 = EDGE_LOOP('',(#6447,#6448,#6449,#6457));
#6447 = ORIENTED_EDGE('',*,*,#6423,.T.);
#6448 = ORIENTED_EDGE('',*,*,#5456,.F.);
#6449 = ORIENTED_EDGE('',*,*,#6450,.T.);
#6450 = EDGE_CURVE('',#5448,#6451,#6453,.T.);
#6451 = VERTEX_POINT('',#6452);
#6452 = CARTESIAN_POINT('',(2.44499893558,-1.949997560535,3.63660393725)
  );
#6453 = LINE('',#6454,#6455);
#6454 = CARTESIAN_POINT('',(2.319999748038,-1.94999845744,3.636602607586
    ));
#6455 = VECTOR('',#6456,1.);
#6456 = DIRECTION('',(0.999999999818,1.815428978875E-05,
    5.820000093758E-06));
#6457 = ORIENTED_EDGE('',*,*,#6458,.T.);
#6458 = EDGE_CURVE('',#6451,#6424,#6459,.T.);
#6459 = CIRCLE('',#6460,0.200001788658);
#6460 = AXIS2_PLACEMENT_3D('',#6461,#6462,#6463);
#6461 = CARTESIAN_POINT('',(2.444995262092,-1.849994452328,
    3.809810824079));
#6462 = DIRECTION('',(-0.999999999672,-2.219107204508E-05,
    -1.281199977352E-05));
#6463 = DIRECTION('',(-2.21910720469E-05,0.999999999754,
    -9.217325264467E-21));
#6464 = CYLINDRICAL_SURFACE('',#6465,0.200001788658);
#6465 = AXIS2_PLACEMENT_3D('',#6466,#6467,#6468);
#6466 = CARTESIAN_POINT('',(2.32,-1.849997226107,3.80980922264));
#6467 = DIRECTION('',(0.999999999672,2.219107204508E-05,
    1.281199977352E-05));
#6468 = DIRECTION('',(2.21910720469E-05,-0.999999999754,
    9.217583758408E-21));
#6469 = ADVANCED_FACE('',(#6470),#6489,.F.);
#6470 = FACE_BOUND('',#6471,.F.);
#6471 = EDGE_LOOP('',(#6472,#6480,#6481,#6482));
#6472 = ORIENTED_EDGE('',*,*,#6473,.T.);
#6473 = EDGE_CURVE('',#6474,#5440,#6476,.T.);
#6474 = VERTEX_POINT('',#6475);
#6475 = CARTESIAN_POINT('',(2.444999808932,-2.000001441796,
    3.450000114853));
#6476 = LINE('',#6477,#6478);
#6477 = CARTESIAN_POINT('',(2.32000018377,-2.000000311746,3.449999999995
    ));
#6478 = VECTOR('',#6479,1.);
#6479 = DIRECTION('',(-0.999999999975,6.858279937301E-06,
    -1.837659922048E-06));
#6480 = ORIENTED_EDGE('',*,*,#5447,.T.);
#6481 = ORIENTED_EDGE('',*,*,#6450,.T.);
#6482 = ORIENTED_EDGE('',*,*,#6483,.T.);
#6483 = EDGE_CURVE('',#6451,#6474,#6484,.T.);
#6484 = CIRCLE('',#6485,0.100000229713);
#6485 = AXIS2_PLACEMENT_3D('',#6486,#6487,#6488);
#6486 = CARTESIAN_POINT('',(2.444999625164,-2.000001714563,
    3.550000459413));
#6487 = DIRECTION('',(-0.999999999975,6.858279937301E-06,
    -1.837659922048E-06));
#6488 = DIRECTION('',(6.858279937313E-06,0.999999999976,
    4.336795365111E-15));
#6489 = CYLINDRICAL_SURFACE('',#6490,0.100000229713);
#6490 = AXIS2_PLACEMENT_3D('',#6491,#6492,#6493);
#6491 = CARTESIAN_POINT('',(2.32,-2.000000857281,3.550000229706));
#6492 = DIRECTION('',(0.999999999975,-6.858279937301E-06,
    1.837659922048E-06));
#6493 = DIRECTION('',(-6.858279937313E-06,-0.999999999976,
    3.362616821412E-21));
#6494 = ADVANCED_FACE('',(#6495),#6513,.F.);
#6495 = FACE_BOUND('',#6496,.F.);
#6496 = EDGE_LOOP('',(#6497,#6505,#6506,#6507));
#6497 = ORIENTED_EDGE('',*,*,#6498,.T.);
#6498 = EDGE_CURVE('',#6499,#5431,#6501,.T.);
#6499 = VERTEX_POINT('',#6500);
#6500 = CARTESIAN_POINT('',(2.444999935987,-3.34999603399,3.449999254556
    ));
#6501 = LINE('',#6502,#6503);
#6502 = CARTESIAN_POINT('',(2.32,-3.349995159049,3.45));
#6503 = VECTOR('',#6504,1.);
#6504 = DIRECTION('',(-1.,-0.,-0.));
#6505 = ORIENTED_EDGE('',*,*,#5439,.T.);
#6506 = ORIENTED_EDGE('',*,*,#6473,.F.);
#6507 = ORIENTED_EDGE('',*,*,#6508,.T.);
#6508 = EDGE_CURVE('',#6474,#6499,#6509,.T.);
#6509 = LINE('',#6510,#6511);
#6510 = CARTESIAN_POINT('',(2.444999871975,-2.675,3.45));
#6511 = VECTOR('',#6512,1.);
#6512 = DIRECTION('',(0.,-1.,0.));
#6513 = PLANE('',#6514);
#6514 = AXIS2_PLACEMENT_3D('',#6515,#6516,#6517);
#6515 = CARTESIAN_POINT('',(2.32,-2.675,3.45));
#6516 = DIRECTION('',(0.,0.,-1.));
#6517 = DIRECTION('',(1.,0.,0.));
#6518 = ADVANCED_FACE('',(#6519),#6538,.T.);
#6519 = FACE_BOUND('',#6520,.T.);
#6520 = EDGE_LOOP('',(#6521,#6522,#6523,#6531));
#6521 = ORIENTED_EDGE('',*,*,#6498,.T.);
#6522 = ORIENTED_EDGE('',*,*,#5430,.F.);
#6523 = ORIENTED_EDGE('',*,*,#6524,.T.);
#6524 = EDGE_CURVE('',#5422,#6525,#6527,.T.);
#6525 = VERTEX_POINT('',#6526);
#6526 = CARTESIAN_POINT('',(2.445,-4.099998509105,2.699999738038));
#6527 = LINE('',#6528,#6529);
#6528 = CARTESIAN_POINT('',(2.319997883253,-4.100000054734,
    2.699998549028));
#6529 = VECTOR('',#6530,1.);
#6530 = DIRECTION('',(0.999999999801,1.236485505505E-05,
    1.565886971375E-05));
#6531 = ORIENTED_EDGE('',*,*,#6532,.T.);
#6532 = EDGE_CURVE('',#6525,#6499,#6533,.T.);
#6533 = ( BOUNDED_CURVE() B_SPLINE_CURVE(3,(#6534,#6535,#6536,#6537),
.UNSPECIFIED.,.F.,.F.) B_SPLINE_CURVE_WITH_KNOTS((4,4),(2.356198272587,
3.926991993679),.PIECEWISE_BEZIER_KNOTS.) CURVE() 
GEOMETRIC_REPRESENTATION_ITEM() RATIONAL_B_SPLINE_CURVE((1.,
0.804738468294,0.804738468294,1.)) REPRESENTATION_ITEM('') );
#6534 = CARTESIAN_POINT('',(2.445,-4.099998509105,2.699999738038));
#6535 = CARTESIAN_POINT('',(2.445,-4.099996851858,3.139339595989));
#6536 = CARTESIAN_POINT('',(2.445,-3.789335891945,3.449999021638));
#6537 = CARTESIAN_POINT('',(2.444999935987,-3.34999603399,3.449999254556
    ));
#6538 = CYLINDRICAL_SURFACE('',#6539,0.750001600238);
#6539 = AXIS2_PLACEMENT_3D('',#6540,#6541,#6542);
#6540 = CARTESIAN_POINT('',(2.32,-3.34999845441,2.69999845441));
#6541 = DIRECTION('',(0.999999999847,1.236474775331E-05,
    -1.236474750147E-05));
#6542 = DIRECTION('',(1.236474775426E-05,-0.999999999924,
    -2.18918518991E-22));
#6543 = ADVANCED_FACE('',(#6544),#6556,.T.);
#6544 = FACE_BOUND('',#6545,.T.);
#6545 = EDGE_LOOP('',(#6546,#6547,#6548,#6549));
#6546 = ORIENTED_EDGE('',*,*,#6524,.F.);
#6547 = ORIENTED_EDGE('',*,*,#5421,.F.);
#6548 = ORIENTED_EDGE('',*,*,#6056,.F.);
#6549 = ORIENTED_EDGE('',*,*,#6550,.T.);
#6550 = EDGE_CURVE('',#6057,#6525,#6551,.T.);
#6551 = ( BOUNDED_CURVE() B_SPLINE_CURVE(3,(#6552,#6553,#6554,#6555),
.UNSPECIFIED.,.F.,.F.) B_SPLINE_CURVE_WITH_KNOTS((4,4),(2.356195681504,
3.926986356012),.PIECEWISE_BEZIER_KNOTS.) CURVE() 
GEOMETRIC_REPRESENTATION_ITEM() RATIONAL_B_SPLINE_CURVE((1.,
0.804739186379,0.804739186379,1.)) REPRESENTATION_ITEM('') );
#6552 = CARTESIAN_POINT('',(2.444999935987,-3.349997795011,
    1.950000745444));
#6553 = CARTESIAN_POINT('',(2.445,-3.789336591688,1.95000200994));
#6554 = CARTESIAN_POINT('',(2.445,-4.099996544953,2.260660941364));
#6555 = CARTESIAN_POINT('',(2.445,-4.099998509105,2.699999738038));
#6556 = CYLINDRICAL_SURFACE('',#6557,0.750001600238);
#6557 = AXIS2_PLACEMENT_3D('',#6558,#6559,#6560);
#6558 = CARTESIAN_POINT('',(2.32,-3.34999845441,2.70000154559));
#6559 = DIRECTION('',(0.999999999847,1.236474751098E-05,
    1.236474775331E-05));
#6560 = DIRECTION('',(-1.236474775426E-05,-2.190219165676E-22,
    0.999999999924));
#6561 = ADVANCED_FACE('',(#6562,#6583),#6608,.F.);
#6562 = FACE_BOUND('',#6563,.F.);
#6563 = EDGE_LOOP('',(#6564,#6565,#6566,#6567,#6568,#6569,#6570,#6576,
    #6577,#6578,#6579,#6580,#6581,#6582));
#6564 = ORIENTED_EDGE('',*,*,#5628,.F.);
#6565 = ORIENTED_EDGE('',*,*,#5604,.F.);
#6566 = ORIENTED_EDGE('',*,*,#6022,.T.);
#6567 = ORIENTED_EDGE('',*,*,#5995,.F.);
#6568 = ORIENTED_EDGE('',*,*,#5958,.T.);
#6569 = ORIENTED_EDGE('',*,*,#5933,.F.);
#6570 = ORIENTED_EDGE('',*,*,#6571,.T.);
#6571 = EDGE_CURVE('',#5926,#5859,#6572,.T.);
#6572 = LINE('',#6573,#6574);
#6573 = CARTESIAN_POINT('',(2.445,-2.05,8.909564451127));
#6574 = VECTOR('',#6575,1.);
#6575 = DIRECTION('',(0.,-1.,0.));
#6576 = ORIENTED_EDGE('',*,*,#5868,.F.);
#6577 = ORIENTED_EDGE('',*,*,#5797,.T.);
#6578 = ORIENTED_EDGE('',*,*,#5763,.F.);
#6579 = ORIENTED_EDGE('',*,*,#5727,.T.);
#6580 = ORIENTED_EDGE('',*,*,#5702,.F.);
#6581 = ORIENTED_EDGE('',*,*,#5677,.F.);
#6582 = ORIENTED_EDGE('',*,*,#5653,.F.);
#6583 = FACE_BOUND('',#6584,.F.);
#6584 = EDGE_LOOP('',(#6585,#6586,#6587,#6588,#6589,#6590,#6591,#6592,
    #6593,#6594,#6595,#6596,#6597,#6598,#6599,#6600,#6601,#6602,#6603,
    #6604,#6605,#6606,#6607));
#6585 = ORIENTED_EDGE('',*,*,#6098,.F.);
#6586 = ORIENTED_EDGE('',*,*,#6074,.T.);
#6587 = ORIENTED_EDGE('',*,*,#6550,.T.);
#6588 = ORIENTED_EDGE('',*,*,#6532,.T.);
#6589 = ORIENTED_EDGE('',*,*,#6508,.F.);
#6590 = ORIENTED_EDGE('',*,*,#6483,.F.);
#6591 = ORIENTED_EDGE('',*,*,#6458,.T.);
#6592 = ORIENTED_EDGE('',*,*,#6434,.F.);
#6593 = ORIENTED_EDGE('',*,*,#6399,.F.);
#6594 = ORIENTED_EDGE('',*,*,#6375,.F.);
#6595 = ORIENTED_EDGE('',*,*,#6351,.F.);
#6596 = ORIENTED_EDGE('',*,*,#6327,.F.);
#6597 = ORIENTED_EDGE('',*,*,#6303,.F.);
#6598 = ORIENTED_EDGE('',*,*,#6289,.F.);
#6599 = ORIENTED_EDGE('',*,*,#5088,.F.);
#6600 = ORIENTED_EDGE('',*,*,#5056,.F.);
#6601 = ORIENTED_EDGE('',*,*,#6264,.T.);
#6602 = ORIENTED_EDGE('',*,*,#6247,.F.);
#6603 = ORIENTED_EDGE('',*,*,#6222,.T.);
#6604 = ORIENTED_EDGE('',*,*,#6198,.F.);
#6605 = ORIENTED_EDGE('',*,*,#6173,.T.);
#6606 = ORIENTED_EDGE('',*,*,#6149,.F.);
#6607 = ORIENTED_EDGE('',*,*,#6124,.T.);
#6608 = PLANE('',#6609);
#6609 = AXIS2_PLACEMENT_3D('',#6610,#6611,#6612);
#6610 = CARTESIAN_POINT('',(2.445,-2.05,3.45));
#6611 = DIRECTION('',(-1.,0.,0.));
#6612 = DIRECTION('',(0.,1.,0.));
#6613 = ADVANCED_FACE('',(#6614),#6639,.T.);
#6614 = FACE_BOUND('',#6615,.T.);
#6615 = EDGE_LOOP('',(#6616,#6617,#6625,#6633));
#6616 = ORIENTED_EDGE('',*,*,#5883,.T.);
#6617 = ORIENTED_EDGE('',*,*,#6618,.T.);
#6618 = EDGE_CURVE('',#5886,#6619,#6621,.T.);
#6619 = VERTEX_POINT('',#6620);
#6620 = CARTESIAN_POINT('',(1.486992608089,0.809075763634,6.801657666733
    ));
#6621 = LINE('',#6622,#6623);
#6622 = CARTESIAN_POINT('',(2.172897776861,0.809075763634,8.778441441931
    ));
#6623 = VECTOR('',#6624,1.);
#6624 = DIRECTION('',(-0.327807777549,0.,-0.944744442153));
#6625 = ORIENTED_EDGE('',*,*,#6626,.T.);
#6626 = EDGE_CURVE('',#6619,#6627,#6629,.T.);
#6627 = VERTEX_POINT('',#6628);
#6628 = CARTESIAN_POINT('',(1.486992608089,-0.959075763634,
    6.801657666733));
#6629 = LINE('',#6630,#6631);
#6630 = CARTESIAN_POINT('',(1.486992608088,0.809075763634,6.801657666731
    ));
#6631 = VECTOR('',#6632,1.);
#6632 = DIRECTION('',(0.,-1.,0.));
#6633 = ORIENTED_EDGE('',*,*,#6634,.T.);
#6634 = EDGE_CURVE('',#6627,#5884,#6635,.T.);
#6635 = LINE('',#6636,#6637);
#6636 = CARTESIAN_POINT('',(2.172897776861,-0.959075763634,
    8.778441441931));
#6637 = VECTOR('',#6638,1.);
#6638 = DIRECTION('',(0.327807777549,0.,0.944744442153));
#6639 = PLANE('',#6640);
#6640 = AXIS2_PLACEMENT_3D('',#6641,#6642,#6643);
#6641 = CARTESIAN_POINT('',(2.172897776861,0.809075763634,8.778441441931
    ));
#6642 = DIRECTION('',(-0.944744442153,0.,0.327807777549));
#6643 = DIRECTION('',(-0.327807777549,0.,-0.944744442153));
#6644 = ADVANCED_FACE('',(#6645),#6672,.T.);
#6645 = FACE_BOUND('',#6646,.T.);
#6646 = EDGE_LOOP('',(#6647,#6657,#6664,#6665));
#6647 = ORIENTED_EDGE('',*,*,#6648,.T.);
#6648 = EDGE_CURVE('',#6649,#6651,#6653,.T.);
#6649 = VERTEX_POINT('',#6650);
#6650 = CARTESIAN_POINT('',(2.409083887401,-0.959076055099,8.69648949755
    ));
#6651 = VERTEX_POINT('',#6652);
#6652 = CARTESIAN_POINT('',(2.409083887402,0.809075763634,8.69648949755)
  );
#6653 = LINE('',#6654,#6655);
#6654 = CARTESIAN_POINT('',(2.409083887404,0.809075763634,8.696489497556
    ));
#6655 = VECTOR('',#6656,1.);
#6656 = DIRECTION('',(0.,1.,0.));
#6657 = ORIENTED_EDGE('',*,*,#6658,.T.);
#6658 = EDGE_CURVE('',#6651,#5926,#6659,.T.);
#6659 = CIRCLE('',#6660,0.65);
#6660 = AXIS2_PLACEMENT_3D('',#6661,#6662,#6663);
#6661 = CARTESIAN_POINT('',(1.795,0.809075763634,8.90956455295));
#6662 = DIRECTION('',(0.,-1.,0.));
#6663 = DIRECTION('',(0.,0.,-1.));
#6664 = ORIENTED_EDGE('',*,*,#6571,.T.);
#6665 = ORIENTED_EDGE('',*,*,#6666,.T.);
#6666 = EDGE_CURVE('',#5859,#6649,#6667,.T.);
#6667 = CIRCLE('',#6668,0.65);
#6668 = AXIS2_PLACEMENT_3D('',#6669,#6670,#6671);
#6669 = CARTESIAN_POINT('',(1.795,-0.959076346564,8.90956455295));
#6670 = DIRECTION('',(-0.,1.,0.));
#6671 = DIRECTION('',(6.338412700684E-15,0.,-1.));
#6672 = CYLINDRICAL_SURFACE('',#6673,0.65);
#6673 = AXIS2_PLACEMENT_3D('',#6674,#6675,#6676);
#6674 = CARTESIAN_POINT('',(1.795,0.809075763634,8.90956455295));
#6675 = DIRECTION('',(0.,-1.,0.));
#6676 = DIRECTION('',(-1.,0.,0.));
#6677 = ADVANCED_FACE('',(#6678),#6782,.T.);
#6678 = FACE_BOUND('',#6679,.T.);
#6679 = EDGE_LOOP('',(#6680,#6691,#6697,#6698,#6699,#6707,#6716,#6724,
    #6732,#6740,#6749,#6755,#6756,#6757,#6765,#6772,#6773,#6774,#6775,
    #6776));
#6680 = ORIENTED_EDGE('',*,*,#6681,.F.);
#6681 = EDGE_CURVE('',#6682,#6684,#6686,.T.);
#6682 = VERTEX_POINT('',#6683);
#6683 = CARTESIAN_POINT('',(1.526851164206,0.809075763634,6.455040653095
    ));
#6684 = VERTEX_POINT('',#6685);
#6685 = CARTESIAN_POINT('',(1.723178718627,0.809075763634,6.719705722347
    ));
#6686 = CIRCLE('',#6687,0.55);
#6687 = AXIS2_PLACEMENT_3D('',#6688,#6689,#6690);
#6688 = CARTESIAN_POINT('',(1.203569275444,0.809075763634,6.9));
#6689 = DIRECTION('',(0.,-1.,0.));
#6690 = DIRECTION('',(0.,0.,-1.));
#6691 = ORIENTED_EDGE('',*,*,#6692,.T.);
#6692 = EDGE_CURVE('',#6682,#5164,#6693,.T.);
#6693 = LINE('',#6694,#6695);
#6694 = CARTESIAN_POINT('',(1.526851164204,0.809075763634,6.455040653094
    ));
#6695 = VECTOR('',#6696,1.);
#6696 = DIRECTION('',(-0.809016994375,0.,-0.587785252293));
#6697 = ORIENTED_EDGE('',*,*,#5171,.T.);
#6698 = ORIENTED_EDGE('',*,*,#4989,.T.);
#6699 = ORIENTED_EDGE('',*,*,#6700,.T.);
#6700 = EDGE_CURVE('',#4963,#6701,#6703,.T.);
#6701 = VERTEX_POINT('',#6702);
#6702 = CARTESIAN_POINT('',(1.702272686312,0.80907576378,5.333155475374)
  );
#6703 = LINE('',#6704,#6705);
#6704 = CARTESIAN_POINT('',(1.073051983161,0.809075763634,5.535758164207
    ));
#6705 = VECTOR('',#6706,1.);
#6706 = DIRECTION('',(0.951872786782,0.,-0.306493389463));
#6707 = ORIENTED_EDGE('',*,*,#6708,.F.);
#6708 = EDGE_CURVE('',#6709,#6701,#6711,.T.);
#6709 = VERTEX_POINT('',#6710);
#6710 = CARTESIAN_POINT('',(1.925660554754,0.809075763973,4.885267277858
    ));
#6711 = CIRCLE('',#6712,0.35);
#6712 = AXIS2_PLACEMENT_3D('',#6713,#6714,#6715);
#6713 = CARTESIAN_POINT('',(1.595,0.809075763925,5.));
#6714 = DIRECTION('',(0.,-1.,0.));
#6715 = DIRECTION('',(0.,0.,-1.));
#6716 = ORIENTED_EDGE('',*,*,#6717,.T.);
#6717 = EDGE_CURVE('',#6709,#6718,#6720,.T.);
#6718 = VERTEX_POINT('',#6719);
#6719 = CARTESIAN_POINT('',(1.912165647623,0.809075766116,4.846374889229
    ));
#6720 = LINE('',#6721,#6722);
#6721 = CARTESIAN_POINT('',(1.925660554754,0.809075764022,4.885267277858
    ));
#6722 = VECTOR('',#6723,1.);
#6723 = DIRECTION('',(-0.327807777549,0.,-0.944744442153));
#6724 = ORIENTED_EDGE('',*,*,#6725,.T.);
#6725 = EDGE_CURVE('',#6718,#6726,#6728,.T.);
#6726 = VERTEX_POINT('',#6727);
#6727 = CARTESIAN_POINT('',(1.675979643554,0.80907576108,4.928327106816)
  );
#6728 = LINE('',#6729,#6730);
#6729 = CARTESIAN_POINT('',(1.912165649146,0.809075767165,4.84637491044)
  );
#6730 = VECTOR('',#6731,1.);
#6731 = DIRECTION('',(-0.944744188539,-4.477680350429E-08,0.327808508463
    ));
#6732 = ORIENTED_EDGE('',*,*,#6733,.F.);
#6733 = EDGE_CURVE('',#6734,#6726,#6736,.T.);
#6734 = VERTEX_POINT('',#6735);
#6735 = CARTESIAN_POINT('',(1.689474444215,0.809075763634,4.967219222245
    ));
#6736 = LINE('',#6737,#6738);
#6737 = CARTESIAN_POINT('',(1.689474444215,0.809075763634,4.967219222245
    ));
#6738 = VECTOR('',#6739,1.);
#6739 = DIRECTION('',(-0.327807777549,0.,-0.944744442153));
#6740 = ORIENTED_EDGE('',*,*,#6741,.T.);
#6741 = EDGE_CURVE('',#6734,#6742,#6744,.T.);
#6742 = VERTEX_POINT('',#6743);
#6743 = CARTESIAN_POINT('',(1.625649338947,0.809075763634,5.095187278678
    ));
#6744 = CIRCLE('',#6745,0.1);
#6745 = AXIS2_PLACEMENT_3D('',#6746,#6747,#6748);
#6746 = CARTESIAN_POINT('',(1.595,0.809075763634,5.));
#6747 = DIRECTION('',(0.,-1.,0.));
#6748 = DIRECTION('',(0.,0.,-1.));
#6749 = ORIENTED_EDGE('',*,*,#6750,.F.);
#6750 = EDGE_CURVE('',#5123,#6742,#6751,.T.);
#6751 = LINE('',#6752,#6753);
#6752 = CARTESIAN_POINT('',(0.996428635795,0.809075763634,5.297789967511
    ));
#6753 = VECTOR('',#6754,1.);
#6754 = DIRECTION('',(0.951872786782,0.,-0.306493389463));
#6755 = ORIENTED_EDGE('',*,*,#5122,.F.);
#6756 = ORIENTED_EDGE('',*,*,#5004,.F.);
#6757 = ORIENTED_EDGE('',*,*,#6758,.F.);
#6758 = EDGE_CURVE('',#6759,#5005,#6761,.T.);
#6759 = VERTEX_POINT('',#6760);
#6760 = CARTESIAN_POINT('',(1.379904851135,0.809075763634,6.657294901691
    ));
#6761 = LINE('',#6762,#6763);
#6762 = CARTESIAN_POINT('',(1.379904851131,0.809075763634,6.657294901688
    ));
#6763 = VECTOR('',#6764,1.);
#6764 = DIRECTION('',(-0.809016994375,0.,-0.587785252293));
#6765 = ORIENTED_EDGE('',*,*,#6766,.T.);
#6766 = EDGE_CURVE('',#6759,#6619,#6767,.T.);
#6767 = CIRCLE('',#6768,0.3);
#6768 = AXIS2_PLACEMENT_3D('',#6769,#6770,#6771);
#6769 = CARTESIAN_POINT('',(1.203569275444,0.809075763634,6.9));
#6770 = DIRECTION('',(0.,-1.,0.));
#6771 = DIRECTION('',(0.,0.,-1.));
#6772 = ORIENTED_EDGE('',*,*,#6618,.F.);
#6773 = ORIENTED_EDGE('',*,*,#5893,.T.);
#6774 = ORIENTED_EDGE('',*,*,#5925,.T.);
#6775 = ORIENTED_EDGE('',*,*,#6658,.F.);
#6776 = ORIENTED_EDGE('',*,*,#6777,.T.);
#6777 = EDGE_CURVE('',#6651,#6684,#6778,.T.);
#6778 = LINE('',#6779,#6780);
#6779 = CARTESIAN_POINT('',(2.409083887401,0.809075763634,8.696489497547
    ));
#6780 = VECTOR('',#6781,1.);
#6781 = DIRECTION('',(-0.327807777549,0.,-0.944744442153));
#6782 = PLANE('',#6783);
#6783 = AXIS2_PLACEMENT_3D('',#6784,#6785,#6786);
#6784 = CARTESIAN_POINT('',(2.312696912715,0.809075763634,8.822301120942
    ));
#6785 = DIRECTION('',(-0.,1.,0.));
#6786 = DIRECTION('',(1.,0.,0.));
#6787 = ADVANCED_FACE('',(#6788),#6892,.T.);
#6788 = FACE_BOUND('',#6789,.T.);
#6789 = EDGE_LOOP('',(#6790,#6801,#6807,#6808,#6809,#6810,#6811,#6820,
    #6826,#6827,#6828,#6836,#6845,#6853,#6861,#6869,#6878,#6884,#6885,
    #6886));
#6790 = ORIENTED_EDGE('',*,*,#6791,.F.);
#6791 = EDGE_CURVE('',#6792,#6794,#6796,.T.);
#6792 = VERTEX_POINT('',#6793);
#6793 = CARTESIAN_POINT('',(1.723178718627,-0.959075763634,
    6.719705722347));
#6794 = VERTEX_POINT('',#6795);
#6795 = CARTESIAN_POINT('',(1.526851164206,-0.959075763634,
    6.455040653095));
#6796 = CIRCLE('',#6797,0.55);
#6797 = AXIS2_PLACEMENT_3D('',#6798,#6799,#6800);
#6798 = CARTESIAN_POINT('',(1.203569275444,-0.959075763634,6.9));
#6799 = DIRECTION('',(0.,1.,-0.));
#6800 = DIRECTION('',(-5.51957469629E-15,-0.,-1.));
#6801 = ORIENTED_EDGE('',*,*,#6802,.T.);
#6802 = EDGE_CURVE('',#6792,#6649,#6803,.T.);
#6803 = LINE('',#6804,#6805);
#6804 = CARTESIAN_POINT('',(1.72317871863,-0.959075763634,6.719705722353
    ));
#6805 = VECTOR('',#6806,1.);
#6806 = DIRECTION('',(0.327807777548,0.,0.944744442153));
#6807 = ORIENTED_EDGE('',*,*,#6666,.F.);
#6808 = ORIENTED_EDGE('',*,*,#5858,.T.);
#6809 = ORIENTED_EDGE('',*,*,#5901,.T.);
#6810 = ORIENTED_EDGE('',*,*,#6634,.F.);
#6811 = ORIENTED_EDGE('',*,*,#6812,.T.);
#6812 = EDGE_CURVE('',#6627,#6813,#6815,.T.);
#6813 = VERTEX_POINT('',#6814);
#6814 = CARTESIAN_POINT('',(1.379904851135,-0.959075763634,
    6.657294901691));
#6815 = CIRCLE('',#6816,0.3);
#6816 = AXIS2_PLACEMENT_3D('',#6817,#6818,#6819);
#6817 = CARTESIAN_POINT('',(1.203569275444,-0.959075763634,6.9));
#6818 = DIRECTION('',(0.,1.,-0.));
#6819 = DIRECTION('',(-8.673617379884E-15,-0.,-1.));
#6820 = ORIENTED_EDGE('',*,*,#6821,.F.);
#6821 = EDGE_CURVE('',#5024,#6813,#6822,.T.);
#6822 = LINE('',#6823,#6824);
#6823 = CARTESIAN_POINT('',(1.379904851131,-0.959075763634,
    6.657294901688));
#6824 = VECTOR('',#6825,1.);
#6825 = DIRECTION('',(0.809016994375,0.,0.587785252293));
#6826 = ORIENTED_EDGE('',*,*,#5023,.F.);
#6827 = ORIENTED_EDGE('',*,*,#5139,.F.);
#6828 = ORIENTED_EDGE('',*,*,#6829,.F.);
#6829 = EDGE_CURVE('',#6830,#5132,#6832,.T.);
#6830 = VERTEX_POINT('',#6831);
#6831 = CARTESIAN_POINT('',(1.625649338947,-0.959075763634,
    5.095187278678));
#6832 = LINE('',#6833,#6834);
#6833 = CARTESIAN_POINT('',(0.996428635795,-0.959075763634,
    5.297789967511));
#6834 = VECTOR('',#6835,1.);
#6835 = DIRECTION('',(-0.951872786782,0.,0.306493389463));
#6836 = ORIENTED_EDGE('',*,*,#6837,.T.);
#6837 = EDGE_CURVE('',#6830,#6838,#6840,.T.);
#6838 = VERTEX_POINT('',#6839);
#6839 = CARTESIAN_POINT('',(1.689474444215,-0.959075763634,
    4.967219222245));
#6840 = CIRCLE('',#6841,0.1);
#6841 = AXIS2_PLACEMENT_3D('',#6842,#6843,#6844);
#6842 = CARTESIAN_POINT('',(1.595,-0.959075763634,5.));
#6843 = DIRECTION('',(-0.,1.,0.));
#6844 = DIRECTION('',(4.336808689942E-15,0.,-1.));
#6845 = ORIENTED_EDGE('',*,*,#6846,.F.);
#6846 = EDGE_CURVE('',#6847,#6838,#6849,.T.);
#6847 = VERTEX_POINT('',#6848);
#6848 = CARTESIAN_POINT('',(1.675979643254,-0.959075763634,
    4.928327105952));
#6849 = LINE('',#6850,#6851);
#6850 = CARTESIAN_POINT('',(1.689474444215,-0.959075763634,
    4.967219222245));
#6851 = VECTOR('',#6852,1.);
#6852 = DIRECTION('',(0.327807777549,0.,0.944744442153));
#6853 = ORIENTED_EDGE('',*,*,#6854,.T.);
#6854 = EDGE_CURVE('',#6847,#6855,#6857,.T.);
#6855 = VERTEX_POINT('',#6856);
#6856 = CARTESIAN_POINT('',(1.912165753792,-0.959075763634,
    4.846375161565));
#6857 = LINE('',#6858,#6859);
#6858 = CARTESIAN_POINT('',(1.67597960122,-0.959075763634,4.928327120537
    ));
#6859 = VECTOR('',#6860,1.);
#6860 = DIRECTION('',(0.944744442153,-6.071531085385E-15,-0.327807777549
    ));
#6861 = ORIENTED_EDGE('',*,*,#6862,.T.);
#6862 = EDGE_CURVE('',#6855,#6863,#6865,.T.);
#6863 = VERTEX_POINT('',#6864);
#6864 = CARTESIAN_POINT('',(1.925660554754,-0.959075763634,
    4.885267277858));
#6865 = LINE('',#6866,#6867);
#6866 = CARTESIAN_POINT('',(1.925660554754,-0.959075763634,
    4.885267277858));
#6867 = VECTOR('',#6868,1.);
#6868 = DIRECTION('',(0.327807777549,0.,0.944744442153));
#6869 = ORIENTED_EDGE('',*,*,#6870,.F.);
#6870 = EDGE_CURVE('',#6871,#6863,#6873,.T.);
#6871 = VERTEX_POINT('',#6872);
#6872 = CARTESIAN_POINT('',(1.702272686312,-0.959075763634,
    5.333155475374));
#6873 = CIRCLE('',#6874,0.35);
#6874 = AXIS2_PLACEMENT_3D('',#6875,#6876,#6877);
#6875 = CARTESIAN_POINT('',(1.595,-0.959075763634,5.));
#6876 = DIRECTION('',(-0.,1.,0.));
#6877 = DIRECTION('',(0.,0.,-1.));
#6878 = ORIENTED_EDGE('',*,*,#6879,.T.);
#6879 = EDGE_CURVE('',#6871,#4965,#6880,.T.);
#6880 = LINE('',#6881,#6882);
#6881 = CARTESIAN_POINT('',(1.073051983161,-0.959075763634,
    5.535758164207));
#6882 = VECTOR('',#6883,1.);
#6883 = DIRECTION('',(-0.951872786782,0.,0.306493389463));
#6884 = ORIENTED_EDGE('',*,*,#4972,.T.);
#6885 = ORIENTED_EDGE('',*,*,#5154,.T.);
#6886 = ORIENTED_EDGE('',*,*,#6887,.T.);
#6887 = EDGE_CURVE('',#5155,#6794,#6888,.T.);
#6888 = LINE('',#6889,#6890);
#6889 = CARTESIAN_POINT('',(1.526851164204,-0.959075763634,
    6.455040653094));
#6890 = VECTOR('',#6891,1.);
#6891 = DIRECTION('',(0.809016994375,0.,0.587785252293));
#6892 = PLANE('',#6893);
#6893 = AXIS2_PLACEMENT_3D('',#6894,#6895,#6896);
#6894 = CARTESIAN_POINT('',(2.312696912715,-0.959075763634,
    8.822301120942));
#6895 = DIRECTION('',(0.,-1.,0.));
#6896 = DIRECTION('',(-1.,0.,0.));
#6897 = ADVANCED_FACE('',(#6898),#6909,.F.);
#6898 = FACE_BOUND('',#6899,.F.);
#6899 = EDGE_LOOP('',(#6900,#6906,#6907,#6908));
#6900 = ORIENTED_EDGE('',*,*,#6901,.T.);
#6901 = EDGE_CURVE('',#6813,#6759,#6902,.T.);
#6902 = LINE('',#6903,#6904);
#6903 = CARTESIAN_POINT('',(1.379904851139,0.809075763634,6.657294901693
    ));
#6904 = VECTOR('',#6905,1.);
#6905 = DIRECTION('',(0.,1.,0.));
#6906 = ORIENTED_EDGE('',*,*,#6766,.T.);
#6907 = ORIENTED_EDGE('',*,*,#6626,.T.);
#6908 = ORIENTED_EDGE('',*,*,#6812,.T.);
#6909 = CYLINDRICAL_SURFACE('',#6910,0.3);
#6910 = AXIS2_PLACEMENT_3D('',#6911,#6912,#6913);
#6911 = CARTESIAN_POINT('',(1.203569275444,0.809075763634,6.9));
#6912 = DIRECTION('',(0.,-1.,0.));
#6913 = DIRECTION('',(-1.,0.,0.));
#6914 = ADVANCED_FACE('',(#6915),#6926,.F.);
#6915 = FACE_BOUND('',#6916,.T.);
#6916 = EDGE_LOOP('',(#6917,#6918,#6924,#6925));
#6917 = ORIENTED_EDGE('',*,*,#6802,.F.);
#6918 = ORIENTED_EDGE('',*,*,#6919,.F.);
#6919 = EDGE_CURVE('',#6684,#6792,#6920,.T.);
#6920 = LINE('',#6921,#6922);
#6921 = CARTESIAN_POINT('',(1.723178718626,0.809075763634,6.719705722345
    ));
#6922 = VECTOR('',#6923,1.);
#6923 = DIRECTION('',(0.,-1.,0.));
#6924 = ORIENTED_EDGE('',*,*,#6777,.F.);
#6925 = ORIENTED_EDGE('',*,*,#6648,.F.);
#6926 = PLANE('',#6927);
#6927 = AXIS2_PLACEMENT_3D('',#6928,#6929,#6930);
#6928 = CARTESIAN_POINT('',(2.409083887399,0.809075763634,8.696489497544
    ));
#6929 = DIRECTION('',(-0.944744442153,0.,0.327807777549));
#6930 = DIRECTION('',(-0.327807777549,0.,-0.944744442153));
#6931 = ADVANCED_FACE('',(#6932),#6938,.T.);
#6932 = FACE_BOUND('',#6933,.T.);
#6933 = EDGE_LOOP('',(#6934,#6935,#6936,#6937));
#6934 = ORIENTED_EDGE('',*,*,#6901,.T.);
#6935 = ORIENTED_EDGE('',*,*,#6758,.T.);
#6936 = ORIENTED_EDGE('',*,*,#5032,.T.);
#6937 = ORIENTED_EDGE('',*,*,#6821,.T.);
#6938 = PLANE('',#6939);
#6939 = AXIS2_PLACEMENT_3D('',#6940,#6941,#6942);
#6940 = CARTESIAN_POINT('',(1.379904851131,0.809075763634,6.657294901688
    ));
#6941 = DIRECTION('',(-0.587785252293,0.,0.809016994375));
#6942 = DIRECTION('',(-0.809016994375,0.,-0.587785252293));
#6943 = ADVANCED_FACE('',(#6944),#6955,.T.);
#6944 = FACE_BOUND('',#6945,.T.);
#6945 = EDGE_LOOP('',(#6946,#6952,#6953,#6954));
#6946 = ORIENTED_EDGE('',*,*,#6947,.T.);
#6947 = EDGE_CURVE('',#6794,#6682,#6948,.T.);
#6948 = LINE('',#6949,#6950);
#6949 = CARTESIAN_POINT('',(1.526851164208,0.809075763634,6.455040653096
    ));
#6950 = VECTOR('',#6951,1.);
#6951 = DIRECTION('',(0.,1.,0.));
#6952 = ORIENTED_EDGE('',*,*,#6681,.T.);
#6953 = ORIENTED_EDGE('',*,*,#6919,.T.);
#6954 = ORIENTED_EDGE('',*,*,#6791,.T.);
#6955 = CYLINDRICAL_SURFACE('',#6956,0.55);
#6956 = AXIS2_PLACEMENT_3D('',#6957,#6958,#6959);
#6957 = CARTESIAN_POINT('',(1.203569275444,0.809075763634,6.9));
#6958 = DIRECTION('',(0.,-1.,0.));
#6959 = DIRECTION('',(-1.,0.,0.));
#6960 = ADVANCED_FACE('',(#6961),#6967,.F.);
#6961 = FACE_BOUND('',#6962,.T.);
#6962 = EDGE_LOOP('',(#6963,#6964,#6965,#6966));
#6963 = ORIENTED_EDGE('',*,*,#6887,.F.);
#6964 = ORIENTED_EDGE('',*,*,#5163,.F.);
#6965 = ORIENTED_EDGE('',*,*,#6692,.F.);
#6966 = ORIENTED_EDGE('',*,*,#6947,.F.);
#6967 = PLANE('',#6968);
#6968 = AXIS2_PLACEMENT_3D('',#6969,#6970,#6971);
#6969 = CARTESIAN_POINT('',(1.526851164204,0.809075763634,6.455040653094
    ));
#6970 = DIRECTION('',(-0.587785252293,0.,0.809016994375));
#6971 = DIRECTION('',(-0.809016994375,0.,-0.587785252293));
#6972 = ADVANCED_FACE('',(#6973),#6984,.T.);
#6973 = FACE_BOUND('',#6974,.T.);
#6974 = EDGE_LOOP('',(#6975,#6976,#6977,#6983));
#6975 = ORIENTED_EDGE('',*,*,#5131,.F.);
#6976 = ORIENTED_EDGE('',*,*,#6750,.T.);
#6977 = ORIENTED_EDGE('',*,*,#6978,.T.);
#6978 = EDGE_CURVE('',#6742,#6830,#6979,.T.);
#6979 = LINE('',#6980,#6981);
#6980 = CARTESIAN_POINT('',(1.625649338948,0.809075763634,5.095187278678
    ));
#6981 = VECTOR('',#6982,1.);
#6982 = DIRECTION('',(0.,-1.,0.));
#6983 = ORIENTED_EDGE('',*,*,#6829,.T.);
#6984 = PLANE('',#6985);
#6985 = AXIS2_PLACEMENT_3D('',#6986,#6987,#6988);
#6986 = CARTESIAN_POINT('',(0.996428635795,0.809075763634,5.297789967511
    ));
#6987 = DIRECTION('',(-0.306493389463,0.,-0.951872786782));
#6988 = DIRECTION('',(0.951872786782,0.,-0.306493389463));
#6989 = ADVANCED_FACE('',(#6990),#7001,.F.);
#6990 = FACE_BOUND('',#6991,.F.);
#6991 = EDGE_LOOP('',(#6992,#6998,#6999,#7000));
#6992 = ORIENTED_EDGE('',*,*,#6993,.T.);
#6993 = EDGE_CURVE('',#6838,#6734,#6994,.T.);
#6994 = LINE('',#6995,#6996);
#6995 = CARTESIAN_POINT('',(1.689474444215,0.809075763634,4.967219222245
    ));
#6996 = VECTOR('',#6997,1.);
#6997 = DIRECTION('',(0.,1.,0.));
#6998 = ORIENTED_EDGE('',*,*,#6741,.T.);
#6999 = ORIENTED_EDGE('',*,*,#6978,.T.);
#7000 = ORIENTED_EDGE('',*,*,#6837,.T.);
#7001 = CYLINDRICAL_SURFACE('',#7002,0.1);
#7002 = AXIS2_PLACEMENT_3D('',#7003,#7004,#7005);
#7003 = CARTESIAN_POINT('',(1.595,0.809075763634,5.));
#7004 = DIRECTION('',(0.,-1.,0.));
#7005 = DIRECTION('',(-1.,0.,0.));
#7006 = ADVANCED_FACE('',(#7007),#7018,.F.);
#7007 = FACE_BOUND('',#7008,.T.);
#7008 = EDGE_LOOP('',(#7009,#7010,#7016,#7017));
#7009 = ORIENTED_EDGE('',*,*,#6879,.F.);
#7010 = ORIENTED_EDGE('',*,*,#7011,.F.);
#7011 = EDGE_CURVE('',#6701,#6871,#7012,.T.);
#7012 = LINE('',#7013,#7014);
#7013 = CARTESIAN_POINT('',(1.702272686312,0.809075763634,5.333155475374
    ));
#7014 = VECTOR('',#7015,1.);
#7015 = DIRECTION('',(0.,-1.,0.));
#7016 = ORIENTED_EDGE('',*,*,#6700,.F.);
#7017 = ORIENTED_EDGE('',*,*,#4962,.T.);
#7018 = PLANE('',#7019);
#7019 = AXIS2_PLACEMENT_3D('',#7020,#7021,#7022);
#7020 = CARTESIAN_POINT('',(1.073051983161,0.809075763634,5.535758164207
    ));
#7021 = DIRECTION('',(-0.306493389463,0.,-0.951872786782));
#7022 = DIRECTION('',(0.951872786782,0.,-0.306493389463));
#7023 = ADVANCED_FACE('',(#7024),#7042,.T.);
#7024 = FACE_BOUND('',#7025,.T.);
#7025 = EDGE_LOOP('',(#7026,#7027,#7033,#7034,#7035,#7036));
#7026 = ORIENTED_EDGE('',*,*,#4948,.T.);
#7027 = ORIENTED_EDGE('',*,*,#7028,.T.);
#7028 = EDGE_CURVE('',#4940,#6847,#7029,.T.);
#7029 = LINE('',#7030,#7031);
#7030 = CARTESIAN_POINT('',(0.728153334686,-0.847867670759,
    2.196684666465));
#7031 = VECTOR('',#7032,1.);
#7032 = DIRECTION('',(0.327565584584,-3.843314289116E-02,0.944046440237)
  );
#7033 = ORIENTED_EDGE('',*,*,#6846,.T.);
#7034 = ORIENTED_EDGE('',*,*,#6993,.T.);
#7035 = ORIENTED_EDGE('',*,*,#6733,.T.);
#7036 = ORIENTED_EDGE('',*,*,#7037,.T.);
#7037 = EDGE_CURVE('',#6726,#4921,#7038,.T.);
#7038 = LINE('',#7039,#7040);
#7039 = CARTESIAN_POINT('',(1.675979617601,0.809075759069,4.928327032021
    ));
#7040 = VECTOR('',#7041,1.);
#7041 = DIRECTION('',(-0.327565584744,-3.843313020435E-02,
    -0.944046440698));
#7042 = PLANE('',#7043);
#7043 = AXIS2_PLACEMENT_3D('',#7044,#7045,#7046);
#7044 = CARTESIAN_POINT('',(1.689474444215,0.809075763634,4.967219222245
    ));
#7045 = DIRECTION('',(-0.944744442153,0.,0.327807777549));
#7046 = DIRECTION('',(-0.327807777549,0.,-0.944744442153));
#7047 = ADVANCED_FACE('',(#7048),#7059,.T.);
#7048 = FACE_BOUND('',#7049,.T.);
#7049 = EDGE_LOOP('',(#7050,#7056,#7057,#7058));
#7050 = ORIENTED_EDGE('',*,*,#7051,.T.);
#7051 = EDGE_CURVE('',#6863,#6709,#7052,.T.);
#7052 = LINE('',#7053,#7054);
#7053 = CARTESIAN_POINT('',(1.925660554753,0.809075763634,4.885267277858
    ));
#7054 = VECTOR('',#7055,1.);
#7055 = DIRECTION('',(0.,1.,0.));
#7056 = ORIENTED_EDGE('',*,*,#6708,.T.);
#7057 = ORIENTED_EDGE('',*,*,#7011,.T.);
#7058 = ORIENTED_EDGE('',*,*,#6870,.T.);
#7059 = CYLINDRICAL_SURFACE('',#7060,0.35);
#7060 = AXIS2_PLACEMENT_3D('',#7061,#7062,#7063);
#7061 = CARTESIAN_POINT('',(1.595,0.809075763634,5.));
#7062 = DIRECTION('',(0.,-1.,0.));
#7063 = DIRECTION('',(-1.,0.,0.));
#7064 = ADVANCED_FACE('',(#7065),#7081,.F.);
#7065 = FACE_BOUND('',#7066,.T.);
#7066 = EDGE_LOOP('',(#7067,#7073,#7074,#7075));
#7067 = ORIENTED_EDGE('',*,*,#7068,.F.);
#7068 = EDGE_CURVE('',#6855,#5221,#7069,.T.);
#7069 = LINE('',#7070,#7071);
#7070 = CARTESIAN_POINT('',(1.912165753792,-0.959075763634,
    4.846375161565));
#7071 = VECTOR('',#7072,1.);
#7072 = DIRECTION('',(-0.327565584601,3.843314431232E-02,-0.944046440173
    ));
#7073 = ORIENTED_EDGE('',*,*,#6854,.F.);
#7074 = ORIENTED_EDGE('',*,*,#7028,.F.);
#7075 = ORIENTED_EDGE('',*,*,#7076,.F.);
#7076 = EDGE_CURVE('',#5221,#4940,#7077,.T.);
#7077 = LINE('',#7078,#7079);
#7078 = CARTESIAN_POINT('',(0.964339479962,-0.847867670728,
    2.114732822513));
#7079 = VECTOR('',#7080,1.);
#7080 = DIRECTION('',(-0.944744581294,1.632537505451E-08,0.327807376543)
  );
#7081 = PLANE('',#7082);
#7082 = AXIS2_PLACEMENT_3D('',#7083,#7084,#7085);
#7083 = CARTESIAN_POINT('',(1.32015954425,-0.903471715139,3.521529914047
    ));
#7084 = DIRECTION('',(1.259868362123E-02,0.999261173777,
    3.630949948352E-02));
#7085 = DIRECTION('',(0.,-3.631238147247E-02,0.999340487998));
#7086 = ADVANCED_FACE('',(#7087),#7103,.F.);
#7087 = FACE_BOUND('',#7088,.T.);
#7088 = EDGE_LOOP('',(#7089,#7095,#7101,#7102));
#7089 = ORIENTED_EDGE('',*,*,#7090,.F.);
#7090 = EDGE_CURVE('',#5233,#6718,#7091,.T.);
#7091 = LINE('',#7092,#7093);
#7092 = CARTESIAN_POINT('',(0.964339482346,0.697867680636,2.114732709744
    ));
#7093 = VECTOR('',#7094,1.);
#7094 = DIRECTION('',(0.327565566395,3.843314431232E-02,0.94404644649));
#7095 = ORIENTED_EDGE('',*,*,#7096,.F.);
#7096 = EDGE_CURVE('',#4921,#5233,#7097,.T.);
#7097 = LINE('',#7098,#7099);
#7098 = CARTESIAN_POINT('',(0.728153270988,0.697867662056,2.196684690579
    ));
#7099 = VECTOR('',#7100,1.);
#7100 = DIRECTION('',(0.944744440338,7.432017914224E-08,-0.327807782779)
  );
#7101 = ORIENTED_EDGE('',*,*,#7037,.F.);
#7102 = ORIENTED_EDGE('',*,*,#6725,.F.);
#7103 = PLANE('',#7104);
#7104 = AXIS2_PLACEMENT_3D('',#7105,#7106,#7107);
#7105 = CARTESIAN_POINT('',(1.32015954425,0.753471719797,3.521529914047)
  );
#7106 = DIRECTION('',(1.259875398396E-02,-0.999261173777,
    3.630947506903E-02));
#7107 = DIRECTION('',(5.421010862428E-20,-3.631235708824E-02,
    -0.999340488884));
#7108 = ADVANCED_FACE('',(#7109),#7117,.F.);
#7109 = FACE_BOUND('',#7110,.T.);
#7110 = EDGE_LOOP('',(#7111,#7112,#7113,#7114,#7115,#7116));
#7111 = ORIENTED_EDGE('',*,*,#7090,.T.);
#7112 = ORIENTED_EDGE('',*,*,#6717,.F.);
#7113 = ORIENTED_EDGE('',*,*,#7051,.F.);
#7114 = ORIENTED_EDGE('',*,*,#6862,.F.);
#7115 = ORIENTED_EDGE('',*,*,#7068,.T.);
#7116 = ORIENTED_EDGE('',*,*,#5232,.F.);
#7117 = PLANE('',#7118);
#7118 = AXIS2_PLACEMENT_3D('',#7119,#7120,#7121);
#7119 = CARTESIAN_POINT('',(1.925660554754,0.809075763634,4.885267277858
    ));
#7120 = DIRECTION('',(-0.944744442153,0.,0.327807777549));
#7121 = DIRECTION('',(-0.327807777549,0.,-0.944744442153));
#7122 = ADVANCED_FACE('',(#7123),#7136,.T.);
#7123 = FACE_BOUND('',#7124,.T.);
#7124 = EDGE_LOOP('',(#7125,#7126,#7127,#7128,#7134,#7135));
#7125 = ORIENTED_EDGE('',*,*,#7076,.T.);
#7126 = ORIENTED_EDGE('',*,*,#4939,.F.);
#7127 = ORIENTED_EDGE('',*,*,#5205,.F.);
#7128 = ORIENTED_EDGE('',*,*,#7129,.T.);
#7129 = EDGE_CURVE('',#5198,#4881,#7130,.T.);
#7130 = LINE('',#7131,#7132);
#7131 = CARTESIAN_POINT('',(0.828420017433,-0.84113705111,1.910453588037
    ));
#7132 = VECTOR('',#7133,1.);
#7133 = DIRECTION('',(0.982075572185,-2.637998799261E-07,0.188487587171)
  );
#7134 = ORIENTED_EDGE('',*,*,#4888,.T.);
#7135 = ORIENTED_EDGE('',*,*,#5220,.T.);
#7136 = B_SPLINE_SURFACE_WITH_KNOTS('',3,3,(
    (#7137,#7138,#7139,#7140)
    ,(#7141,#7142,#7143,#7144)
    ,(#7145,#7146,#7147,#7148)
    ,(#7149,#7150,#7151,#7152
    )),.UNSPECIFIED.,.F.,.F.,.F.,(4,4),(4,4),(3.549311738215E-02,
    0.964513554237),(-7.298761311349E-04,0.999967372197),
  .PIECEWISE_BEZIER_KNOTS.);
#7137 = CARTESIAN_POINT('',(0.718137233314,-0.84815903011,2.214257699053
    ));
#7138 = CARTESIAN_POINT('',(0.805795494844,-0.848159035573,
    2.181699901725));
#7139 = CARTESIAN_POINT('',(0.893453756374,-0.848159041037,
    2.149142104397));
#7140 = CARTESIAN_POINT('',(0.981112017905,-0.848159046501,2.11658430707
    ));
#7141 = CARTESIAN_POINT('',(0.677715776605,-0.845616216492,
    2.105244641705));
#7142 = CARTESIAN_POINT('',(0.771516194403,-0.845616268831,
    2.089253341101));
#7143 = CARTESIAN_POINT('',(0.865316612202,-0.84561632117,2.073262040497
    ));
#7144 = CARTESIAN_POINT('',(0.95911703,-0.845616373509,2.057270739893));
#7145 = CARTESIAN_POINT('',(0.668996865599,-0.843061529854,1.98465741838
    ));
#7146 = CARTESIAN_POINT('',(0.764122205967,-0.843061625939,
    1.986991237493));
#7147 = CARTESIAN_POINT('',(0.859247546336,-0.843061722024,
    1.989325056606));
#7148 = CARTESIAN_POINT('',(0.954372886704,-0.843061818108,
    1.991658875719));
#7149 = CARTESIAN_POINT('',(0.693315236645,-0.84088604482,1.870955655102
    ));
#7150 = CARTESIAN_POINT('',(0.78474522824,-0.840886060847,1.890565061007
    ));
#7151 = CARTESIAN_POINT('',(0.876175219835,-0.840886076874,
    1.910174466912));
#7152 = CARTESIAN_POINT('',(0.96760521143,-0.840886092901,1.929783872817
    ));
#7153 = ADVANCED_FACE('',(#7154),#7197,.T.);
#7154 = FACE_BOUND('',#7155,.T.);
#7155 = EDGE_LOOP('',(#7156,#7164,#7173,#7181,#7190,#7196));
#7156 = ORIENTED_EDGE('',*,*,#7157,.T.);
#7157 = EDGE_CURVE('',#5189,#7158,#7160,.T.);
#7158 = VERTEX_POINT('',#7159);
#7159 = CARTESIAN_POINT('',(0.73342028143,0.686248492173,1.742755041347)
  );
#7160 = LINE('',#7161,#7162);
#7161 = CARTESIAN_POINT('',(0.705754054706,0.69113693722,1.88691058425)
  );
#7162 = VECTOR('',#7163,1.);
#7163 = DIRECTION('',(0.188377908182,-3.328692262911E-02,-0.981532345107
    ));
#7164 = ORIENTED_EDGE('',*,*,#7165,.T.);
#7165 = EDGE_CURVE('',#7158,#7166,#7168,.T.);
#7166 = VERTEX_POINT('',#7167);
#7167 = CARTESIAN_POINT('',(0.769861676415,0.486360642288,1.552878416617
    ));
#7168 = CIRCLE('',#7169,0.200001190719);
#7169 = AXIS2_PLACEMENT_3D('',#7170,#7171,#7172);
#7170 = CARTESIAN_POINT('',(0.732163346178,0.486358516727,1.749294292718
    ));
#7171 = DIRECTION('',(-0.982074810417,9.058901150006E-06,-0.188491555946
    ));
#7172 = DIRECTION('',(0.188491555953,8.131467589247E-16,-0.982074810457)
  );
#7173 = ORIENTED_EDGE('',*,*,#7174,.T.);
#7174 = EDGE_CURVE('',#7166,#7175,#7177,.T.);
#7175 = VERTEX_POINT('',#7176);
#7176 = CARTESIAN_POINT('',(0.769862571892,-0.636359381641,
    1.552877934888));
#7177 = LINE('',#7178,#7179);
#7178 = CARTESIAN_POINT('',(0.769862182533,-7.499984927141E-02,
    1.552878334317));
#7179 = VECTOR('',#7180,1.);
#7180 = DIRECTION('',(1.267542837934E-06,-0.999999999999,
    -6.013916107796E-07));
#7181 = ORIENTED_EDGE('',*,*,#7182,.T.);
#7182 = EDGE_CURVE('',#7175,#7183,#7185,.T.);
#7183 = VERTEX_POINT('',#7184);
#7184 = CARTESIAN_POINT('',(0.733420631553,-0.836248033155,
    1.742755154699));
#7185 = CIRCLE('',#7186,0.20000119072);
#7186 = AXIS2_PLACEMENT_3D('',#7187,#7188,#7189);
#7187 = CARTESIAN_POINT('',(0.732163647655,-0.636358516723,
    1.749294350582));
#7188 = DIRECTION('',(-0.982074810417,-9.058901739935E-06,
    -0.188491555944));
#7189 = DIRECTION('',(0.188491555952,-1.905824131322E-21,-0.982074810457
    ));
#7190 = ORIENTED_EDGE('',*,*,#7191,.T.);
#7191 = EDGE_CURVE('',#7183,#5198,#7192,.T.);
#7192 = LINE('',#7193,#7194);
#7193 = CARTESIAN_POINT('',(0.733420984167,-0.836248112751,
    1.742753626471));
#7194 = VECTOR('',#7195,1.);
#7195 = DIRECTION('',(-0.188377909763,-3.328667089525E-02,0.98153235334)
  );
#7196 = ORIENTED_EDGE('',*,*,#5197,.F.);
#7197 = PLANE('',#7198);
#7198 = AXIS2_PLACEMENT_3D('',#7199,#7200,#7201);
#7199 = CARTESIAN_POINT('',(0.705754054542,0.809075763634,1.886910585103
    ));
#7200 = DIRECTION('',(-0.982076575763,0.,-0.188482358161));
#7201 = DIRECTION('',(0.188482358161,0.,-0.982076575763));
#7202 = ADVANCED_FACE('',(#7203),#7216,.T.);
#7203 = FACE_BOUND('',#7204,.T.);
#7204 = EDGE_LOOP('',(#7205,#7211,#7212,#7213,#7214,#7215));
#7205 = ORIENTED_EDGE('',*,*,#7206,.T.);
#7206 = EDGE_CURVE('',#4879,#5189,#7207,.T.);
#7207 = LINE('',#7208,#7209);
#7208 = CARTESIAN_POINT('',(0.828420402831,0.691137049405,1.910452113572
    ));
#7209 = VECTOR('',#7210,1.);
#7210 = DIRECTION('',(-0.982074983879,-1.74467943399E-07,-0.18849065239)
  );
#7211 = ORIENTED_EDGE('',*,*,#5188,.F.);
#7212 = ORIENTED_EDGE('',*,*,#4920,.F.);
#7213 = ORIENTED_EDGE('',*,*,#7096,.T.);
#7214 = ORIENTED_EDGE('',*,*,#5240,.T.);
#7215 = ORIENTED_EDGE('',*,*,#4905,.T.);
#7216 = B_SPLINE_SURFACE_WITH_KNOTS('',3,3,(
    (#7217,#7218,#7219,#7220)
    ,(#7221,#7222,#7223,#7224)
    ,(#7225,#7226,#7227,#7228)
    ,(#7229,#7230,#7231,#7232
    )),.UNSPECIFIED.,.F.,.F.,.F.,(4,4),(4,4),(3.549685500605E-02,
    0.964513604847),(-7.310993682048E-04,0.999969720959),
  .PIECEWISE_BEZIER_KNOTS.);
#7217 = CARTESIAN_POINT('',(0.693314339164,0.690886165354,1.870959494937
    ));
#7218 = CARTESIAN_POINT('',(0.784744504587,0.690886172453,1.890568322172
    ));
#7219 = CARTESIAN_POINT('',(0.87617467001,0.690886179551,1.910177149406)
  );
#7220 = CARTESIAN_POINT('',(0.967604835432,0.69088618665,1.92978597664)
  );
#7221 = CARTESIAN_POINT('',(0.668997472189,0.693061659881,1.984661040409
    ));
#7222 = CARTESIAN_POINT('',(0.76412304276,0.693061752432,1.98699434213)
  );
#7223 = CARTESIAN_POINT('',(0.859248613331,0.693061844982,1.989327643852
    ));
#7224 = CARTESIAN_POINT('',(0.954374183903,0.693061937533,1.991660945574
    ));
#7225 = CARTESIAN_POINT('',(0.677716927351,0.69561633417,2.105247454175)
  );
#7226 = CARTESIAN_POINT('',(0.771517484526,0.69561637931,2.089255646747)
  );
#7227 = CARTESIAN_POINT('',(0.865318041701,0.69561642445,2.073263839318)
  );
#7228 = CARTESIAN_POINT('',(0.959118598875,0.69561646959,2.05727203189)
  );
#7229 = CARTESIAN_POINT('',(0.718138038319,0.698159134146,2.214260084201
    ));
#7230 = CARTESIAN_POINT('',(0.805796213872,0.698159132134,2.181701914292
    ));
#7231 = CARTESIAN_POINT('',(0.893454389424,0.698159130122,2.149143744383
    ));
#7232 = CARTESIAN_POINT('',(0.981112564977,0.69815912811,2.116585574474)
  );
#7233 = ADVANCED_FACE('',(#7234),#7252,.F.);
#7234 = FACE_BOUND('',#7235,.T.);
#7235 = EDGE_LOOP('',(#7236,#7244,#7245,#7246));
#7236 = ORIENTED_EDGE('',*,*,#7237,.F.);
#7237 = EDGE_CURVE('',#4881,#7238,#7240,.T.);
#7238 = VERTEX_POINT('',#7239);
#7239 = CARTESIAN_POINT('',(0.978939060526,-0.836247725067,
    1.789878832325));
#7240 = LINE('',#7241,#7242);
#7241 = CARTESIAN_POINT('',(0.951273080343,-0.841136879828,
    1.934031151557));
#7242 = VECTOR('',#7243,1.);
#7243 = DIRECTION('',(0.188377256198,3.329022654099E-02,-0.981532358185)
  );
#7244 = ORIENTED_EDGE('',*,*,#7129,.F.);
#7245 = ORIENTED_EDGE('',*,*,#7191,.F.);
#7246 = ORIENTED_EDGE('',*,*,#7247,.F.);
#7247 = EDGE_CURVE('',#7238,#7183,#7248,.T.);
#7248 = LINE('',#7249,#7250);
#7249 = CARTESIAN_POINT('',(0.978939017505,-0.836247726359,
    1.789878863259));
#7250 = VECTOR('',#7251,1.);
#7251 = DIRECTION('',(-0.982072990091,5.606937795021E-07,-0.188501040138
    ));
#7252 = PLANE('',#7253);
#7253 = AXIS2_PLACEMENT_3D('',#7254,#7255,#7256);
#7254 = CARTESIAN_POINT('',(0.842346862093,-0.838692273231,
    1.838393594959));
#7255 = DIRECTION('',(-6.27469199153E-03,0.999445726799,
    3.269353794821E-02));
#7256 = DIRECTION('',(2.710505431214E-20,-3.269418156827E-02,
    0.999465402348));
#7257 = ADVANCED_FACE('',(#7258),#7285,.T.);
#7258 = FACE_BOUND('',#7259,.T.);
#7259 = EDGE_LOOP('',(#7260,#7269,#7270,#7278));
#7260 = ORIENTED_EDGE('',*,*,#7261,.T.);
#7261 = EDGE_CURVE('',#7262,#7166,#7264,.T.);
#7262 = VERTEX_POINT('',#7263);
#7263 = CARTESIAN_POINT('',(1.015380944059,0.486356960419,1.600000672015
    ));
#7264 = B_SPLINE_CURVE_WITH_KNOTS('',3,(#7265,#7266,#7267,#7268),
  .UNSPECIFIED.,.F.,.F.,(4,4),(0.,1.),.PIECEWISE_BEZIER_KNOTS.);
#7265 = CARTESIAN_POINT('',(1.015380944059,0.486356960419,1.600000672015
    ));
#7266 = CARTESIAN_POINT('',(0.933541124285,0.486356914908,1.58429344119)
  );
#7267 = CARTESIAN_POINT('',(0.851701433363,0.486357669818,1.568585787846
    ));
#7268 = CARTESIAN_POINT('',(0.769861676415,0.486360642288,1.552878416617
    ));
#7269 = ORIENTED_EDGE('',*,*,#7165,.F.);
#7270 = ORIENTED_EDGE('',*,*,#7271,.T.);
#7271 = EDGE_CURVE('',#7158,#7272,#7274,.T.);
#7272 = VERTEX_POINT('',#7273);
#7273 = CARTESIAN_POINT('',(0.978939329071,0.686247122038,1.789877629419
    ));
#7274 = LINE('',#7275,#7276);
#7275 = CARTESIAN_POINT('',(0.856182181026,0.686247638987,1.76631539301)
  );
#7276 = VECTOR('',#7277,1.);
#7277 = DIRECTION('',(0.982074810417,-9.058901150006E-06,0.188491555946)
  );
#7278 = ORIENTED_EDGE('',*,*,#7279,.T.);
#7279 = EDGE_CURVE('',#7272,#7262,#7280,.T.);
#7280 = CIRCLE('',#7281,0.200001190719);
#7281 = AXIS2_PLACEMENT_3D('',#7282,#7283,#7284);
#7282 = CARTESIAN_POINT('',(0.97768232585,0.486356251999,1.796417234882)
  );
#7283 = DIRECTION('',(-0.982074810417,9.058901150006E-06,-0.188491555946
    ));
#7284 = DIRECTION('',(0.188491555953,8.131418884852E-16,-0.982074810457)
  );
#7285 = CYLINDRICAL_SURFACE('',#7286,0.200001190719);
#7286 = AXIS2_PLACEMENT_3D('',#7287,#7288,#7289);
#7287 = CARTESIAN_POINT('',(0.854924952936,0.486357384343,1.772856170105
    ));
#7288 = DIRECTION('',(0.982074810417,-9.058901150006E-06,0.188491555946)
  );
#7289 = DIRECTION('',(-0.188491555953,0.,0.982074810457));
#7290 = ADVANCED_FACE('',(#7291),#7302,.F.);
#7291 = FACE_BOUND('',#7292,.F.);
#7292 = EDGE_LOOP('',(#7293,#7294,#7295,#7296));
#7293 = ORIENTED_EDGE('',*,*,#7206,.T.);
#7294 = ORIENTED_EDGE('',*,*,#7157,.T.);
#7295 = ORIENTED_EDGE('',*,*,#7271,.T.);
#7296 = ORIENTED_EDGE('',*,*,#7297,.T.);
#7297 = EDGE_CURVE('',#7272,#4879,#7298,.T.);
#7298 = LINE('',#7299,#7300);
#7299 = CARTESIAN_POINT('',(0.978939040558,0.686247740524,1.789878882654
    ));
#7300 = VECTOR('',#7301,1.);
#7301 = DIRECTION('',(-0.188376625671,3.329022654104E-02,0.981532479196)
  );
#7302 = PLANE('',#7303);
#7303 = AXIS2_PLACEMENT_3D('',#7304,#7305,#7306);
#7304 = CARTESIAN_POINT('',(0.842346862093,0.68869227779,1.838393594959)
  );
#7305 = DIRECTION('',(-6.274620402181E-03,-0.999445726799,
    3.269355168782E-02));
#7306 = DIRECTION('',(2.710505431214E-20,-3.269419529347E-02,
    -0.999465401899));
#7307 = ADVANCED_FACE('',(#7308),#7328,.T.);
#7308 = FACE_BOUND('',#7309,.T.);
#7309 = EDGE_LOOP('',(#7310,#7311,#7312,#7321));
#7310 = ORIENTED_EDGE('',*,*,#7247,.T.);
#7311 = ORIENTED_EDGE('',*,*,#7182,.F.);
#7312 = ORIENTED_EDGE('',*,*,#7313,.T.);
#7313 = EDGE_CURVE('',#7175,#7314,#7316,.T.);
#7314 = VERTEX_POINT('',#7315);
#7315 = CARTESIAN_POINT('',(1.015380903454,-0.63635667219,1.600000881669
    ));
#7316 = B_SPLINE_CURVE_WITH_KNOTS('',3,(#7317,#7318,#7319,#7320),
  .UNSPECIFIED.,.F.,.F.,(4,4),(0.,1.),.PIECEWISE_BEZIER_KNOTS.);
#7317 = CARTESIAN_POINT('',(0.769862571892,-0.636359381641,
    1.552877934888));
#7318 = CARTESIAN_POINT('',(0.851701651038,-0.636363906675,
    1.568585829721));
#7319 = CARTESIAN_POINT('',(0.933541233141,-0.636363151767,
    1.584293462179));
#7320 = CARTESIAN_POINT('',(1.015380903454,-0.63635667219,1.600000881669
    ));
#7321 = ORIENTED_EDGE('',*,*,#7322,.T.);
#7322 = EDGE_CURVE('',#7314,#7238,#7323,.T.);
#7323 = CIRCLE('',#7324,0.20000119072);
#7324 = AXIS2_PLACEMENT_3D('',#7325,#7326,#7327);
#7325 = CARTESIAN_POINT('',(0.97768232528,-0.636356251998,1.796417234773
    ));
#7326 = DIRECTION('',(-0.982074810417,-9.058901739935E-06,
    -0.188491555944));
#7327 = DIRECTION('',(0.188491555952,2.96461531539E-21,-0.982074810457)
  );
#7328 = CYLINDRICAL_SURFACE('',#7329,0.20000119072);
#7329 = AXIS2_PLACEMENT_3D('',#7330,#7331,#7332);
#7330 = CARTESIAN_POINT('',(0.854924952937,-0.636357384343,
    1.772856170106));
#7331 = DIRECTION('',(0.982074810417,9.058901739935E-06,0.188491555944)
  );
#7332 = DIRECTION('',(-0.188491555952,1.905824131322E-21,0.982074810457)
  );
#7333 = ADVANCED_FACE('',(#7334),#7345,.T.);
#7334 = FACE_BOUND('',#7335,.T.);
#7335 = EDGE_LOOP('',(#7336,#7337,#7338,#7339));
#7336 = ORIENTED_EDGE('',*,*,#7313,.F.);
#7337 = ORIENTED_EDGE('',*,*,#7174,.F.);
#7338 = ORIENTED_EDGE('',*,*,#7261,.F.);
#7339 = ORIENTED_EDGE('',*,*,#7340,.T.);
#7340 = EDGE_CURVE('',#7262,#7314,#7341,.T.);
#7341 = LINE('',#7342,#7343);
#7342 = CARTESIAN_POINT('',(1.015381017217,-7.499667028927E-02,
    1.600000103908));
#7343 = VECTOR('',#7344,1.);
#7344 = DIRECTION('',(8.805050109872E-08,-0.999999999999,
    -1.122051251795E-06));
#7345 = PLANE('',#7346);
#7346 = AXIS2_PLACEMENT_3D('',#7347,#7348,#7349);
#7347 = CARTESIAN_POINT('',(0.892621645225,-7.499999999923E-02,
    1.57643970523));
#7348 = DIRECTION('',(0.188482358162,0.,-0.982076575763));
#7349 = DIRECTION('',(0.982076575763,0.,0.188482358162));
#7350 = ADVANCED_FACE('',(#7351),#7359,.F.);
#7351 = FACE_BOUND('',#7352,.F.);
#7352 = EDGE_LOOP('',(#7353,#7354,#7355,#7356,#7357,#7358));
#7353 = ORIENTED_EDGE('',*,*,#7297,.F.);
#7354 = ORIENTED_EDGE('',*,*,#7279,.T.);
#7355 = ORIENTED_EDGE('',*,*,#7340,.T.);
#7356 = ORIENTED_EDGE('',*,*,#7322,.T.);
#7357 = ORIENTED_EDGE('',*,*,#7237,.F.);
#7358 = ORIENTED_EDGE('',*,*,#4878,.F.);
#7359 = PLANE('',#7360);
#7360 = AXIS2_PLACEMENT_3D('',#7361,#7362,#7363);
#7361 = CARTESIAN_POINT('',(0.951273198483,0.809075763634,1.934031174643
    ));
#7362 = DIRECTION('',(-0.982076575763,0.,-0.188482358161));
#7363 = DIRECTION('',(0.188482358161,0.,-0.982076575763));
#7364 = MANIFOLD_SOLID_BREP('',#7365);
#7365 = CLOSED_SHELL('',(#7366,#7408,#7542,#7584,#7625,#7667,#7709,#7760
    ,#7811,#7852,#7893,#7911,#7929,#7962,#7980,#8088,#8106,#8344,#8375,
    #8438,#8463,#8488,#8583,#8662,#8710,#8774,#8798,#8942,#8966,#9408,
    #9439,#9526,#9550,#9599,#9655,#9679,#9759,#9776,#9793,#9855,#9879,
    #9927,#9951,#9982,#10030,#10054,#10109,#10126,#10143,#10183,#10207,
    #10240,#10257,#10281,#10305,#10362,#10379,#10396,#10427,#10467,
    #10493,#10524,#10548,#10572,#10612,#10644,#10668,#10699,#10724,
    #10738,#10752,#10786,#10808,#10825,#10837,#10859,#10876,#10893,
    #11048,#11072,#11128,#11145,#11208,#11232,#11288,#11305,#11322,
    #11370,#11401,#11425,#11449,#11474,#11498,#11524,#11548,#11572,
    #11589,#11613,#11637,#11661,#11685,#11702,#11726,#11751,#11783,
    #11823,#11847,#11879,#11903,#11927,#11939,#11970,#11994,#12011,
    #12035,#12088,#12112,#12131,#12148,#12181,#12198,#12210,#12234,
    #12258,#12282,#12299,#12333,#12345,#12362,#12374,#12417,#12434,
    #12446,#12458,#12489,#12506,#12524,#12551,#12568,#12593,#12638,
    #12678,#12711,#12735,#12752,#12769,#12786,#12863,#12875,#12892,
    #12904,#12926,#12943,#12957,#12971,#13050,#13074,#13099,#13123,
    #13148,#13172,#13189,#13214,#13238,#13271,#13296,#13311,#13326,
    #13340,#13357,#13374,#13393,#13440,#13452,#13474,#13491,#13519,
    #13536,#13554,#13572,#13604,#13621,#13653,#13670,#13687,#13709,
    #13727,#13769,#13809,#13834,#13850,#13867,#13879,#13891,#13909,
    #13926,#13953,#13971,#13989,#14013,#14045,#14062,#14079,#14091,
    #14110,#14122,#14141,#14158,#14171));
#7366 = ADVANCED_FACE('',(#7367),#7403,.F.);
#7367 = FACE_BOUND('',#7368,.F.);
#7368 = EDGE_LOOP('',(#7369,#7379,#7388,#7396));
#7369 = ORIENTED_EDGE('',*,*,#7370,.T.);
#7370 = EDGE_CURVE('',#7371,#7373,#7375,.T.);
#7371 = VERTEX_POINT('',#7372);
#7372 = CARTESIAN_POINT('',(1.8,0.,16.8));
#7373 = VERTEX_POINT('',#7374);
#7374 = CARTESIAN_POINT('',(1.999999999953,0.,16.999999999996));
#7375 = LINE('',#7376,#7377);
#7376 = CARTESIAN_POINT('',(1.999999999896,0.,16.999999999939));
#7377 = VECTOR('',#7378,1.);
#7378 = DIRECTION('',(0.707106781187,0.,0.707106781187));
#7379 = ORIENTED_EDGE('',*,*,#7380,.T.);
#7380 = EDGE_CURVE('',#7373,#7381,#7383,.T.);
#7381 = VERTEX_POINT('',#7382);
#7382 = CARTESIAN_POINT('',(-1.999999999953,2.449293598237E-16,
    16.999999999996));
#7383 = CIRCLE('',#7384,1.999999999953);
#7384 = AXIS2_PLACEMENT_3D('',#7385,#7386,#7387);
#7385 = CARTESIAN_POINT('',(0.,0.,16.999999999996));
#7386 = DIRECTION('',(0.,0.,-1.));
#7387 = DIRECTION('',(1.,0.,0.));
#7388 = ORIENTED_EDGE('',*,*,#7389,.F.);
#7389 = EDGE_CURVE('',#7390,#7381,#7392,.T.);
#7390 = VERTEX_POINT('',#7391);
#7391 = CARTESIAN_POINT('',(-1.8,2.204364238465E-16,16.8));
#7392 = LINE('',#7393,#7394);
#7393 = CARTESIAN_POINT('',(-1.999999999896,2.449293598167E-16,
    16.999999999939));
#7394 = VECTOR('',#7395,1.);
#7395 = DIRECTION('',(-0.707106781187,8.659560562355E-17,0.707106781187)
  );
#7396 = ORIENTED_EDGE('',*,*,#7397,.F.);
#7397 = EDGE_CURVE('',#7371,#7390,#7398,.T.);
#7398 = CIRCLE('',#7399,1.8);
#7399 = AXIS2_PLACEMENT_3D('',#7400,#7401,#7402);
#7400 = CARTESIAN_POINT('',(0.,0.,16.8));
#7401 = DIRECTION('',(0.,0.,-1.));
#7402 = DIRECTION('',(1.,0.,0.));
#7403 = CONICAL_SURFACE('',#7404,1.999999999896,0.785398163397);
#7404 = AXIS2_PLACEMENT_3D('',#7405,#7406,#7407);
#7405 = CARTESIAN_POINT('',(0.,0.,16.999999999939));
#7406 = DIRECTION('',(0.,0.,1.));
#7407 = DIRECTION('',(1.,0.,-0.));
#7408 = ADVANCED_FACE('',(#7409),#7537,.F.);
#7409 = FACE_BOUND('',#7410,.F.);
#7410 = EDGE_LOOP('',(#7411,#7421,#7430,#7438,#7447,#7455,#7464,#7472,
    #7481,#7487,#7488,#7496,#7505,#7513,#7522,#7530));
#7411 = ORIENTED_EDGE('',*,*,#7412,.F.);
#7412 = EDGE_CURVE('',#7413,#7415,#7417,.T.);
#7413 = VERTEX_POINT('',#7414);
#7414 = CARTESIAN_POINT('',(1.244989961274,-1.3,9.2));
#7415 = VERTEX_POINT('',#7416);
#7416 = CARTESIAN_POINT('',(1.244989961274,-1.3,7.099999878921));
#7417 = LINE('',#7418,#7419);
#7418 = CARTESIAN_POINT('',(1.24498996275,-1.3,0.));
#7419 = VECTOR('',#7420,1.);
#7420 = DIRECTION('',(0.,0.,-1.));
#7421 = ORIENTED_EDGE('',*,*,#7422,.T.);
#7422 = EDGE_CURVE('',#7413,#7423,#7425,.T.);
#7423 = VERTEX_POINT('',#7424);
#7424 = CARTESIAN_POINT('',(1.729161646579,-0.5,9.2));
#7425 = CIRCLE('',#7426,1.8);
#7426 = AXIS2_PLACEMENT_3D('',#7427,#7428,#7429);
#7427 = CARTESIAN_POINT('',(0.,0.,9.2));
#7428 = DIRECTION('',(0.,0.,1.));
#7429 = DIRECTION('',(1.,0.,-0.));
#7430 = ORIENTED_EDGE('',*,*,#7431,.F.);
#7431 = EDGE_CURVE('',#7432,#7423,#7434,.T.);
#7432 = VERTEX_POINT('',#7433);
#7433 = CARTESIAN_POINT('',(1.729161646579,-0.5,10.7));
#7434 = LINE('',#7435,#7436);
#7435 = CARTESIAN_POINT('',(1.729161646579,-0.5,9.2));
#7436 = VECTOR('',#7437,1.);
#7437 = DIRECTION('',(0.,0.,-1.));
#7438 = ORIENTED_EDGE('',*,*,#7439,.T.);
#7439 = EDGE_CURVE('',#7432,#7440,#7442,.T.);
#7440 = VERTEX_POINT('',#7441);
#7441 = CARTESIAN_POINT('',(1.8,0.,10.7));
#7442 = CIRCLE('',#7443,1.8);
#7443 = AXIS2_PLACEMENT_3D('',#7444,#7445,#7446);
#7444 = CARTESIAN_POINT('',(0.,0.,10.7));
#7445 = DIRECTION('',(0.,0.,1.));
#7446 = DIRECTION('',(1.,0.,-0.));
#7447 = ORIENTED_EDGE('',*,*,#7448,.T.);
#7448 = EDGE_CURVE('',#7440,#7449,#7451,.T.);
#7449 = VERTEX_POINT('',#7450);
#7450 = CARTESIAN_POINT('',(1.8,0.,11.775));
#7451 = LINE('',#7452,#7453);
#7452 = CARTESIAN_POINT('',(1.8,0.,17.));
#7453 = VECTOR('',#7454,1.);
#7454 = DIRECTION('',(0.,0.,1.));
#7455 = ORIENTED_EDGE('',*,*,#7456,.F.);
#7456 = EDGE_CURVE('',#7457,#7449,#7459,.T.);
#7457 = VERTEX_POINT('',#7458);
#7458 = CARTESIAN_POINT('',(1.49666295471,-1.,11.775));
#7459 = CIRCLE('',#7460,1.8);
#7460 = AXIS2_PLACEMENT_3D('',#7461,#7462,#7463);
#7461 = CARTESIAN_POINT('',(0.,0.,11.775));
#7462 = DIRECTION('',(0.,0.,1.));
#7463 = DIRECTION('',(1.,0.,-0.));
#7464 = ORIENTED_EDGE('',*,*,#7465,.T.);
#7465 = EDGE_CURVE('',#7457,#7466,#7468,.T.);
#7466 = VERTEX_POINT('',#7467);
#7467 = CARTESIAN_POINT('',(1.49666295471,-1.,13.325));
#7468 = LINE('',#7469,#7470);
#7469 = CARTESIAN_POINT('',(1.49666295471,-1.,17.));
#7470 = VECTOR('',#7471,1.);
#7471 = DIRECTION('',(0.,0.,1.));
#7472 = ORIENTED_EDGE('',*,*,#7473,.F.);
#7473 = EDGE_CURVE('',#7474,#7466,#7476,.T.);
#7474 = VERTEX_POINT('',#7475);
#7475 = CARTESIAN_POINT('',(1.8,0.,13.325));
#7476 = CIRCLE('',#7477,1.8);
#7477 = AXIS2_PLACEMENT_3D('',#7478,#7479,#7480);
#7478 = CARTESIAN_POINT('',(0.,0.,13.325));
#7479 = DIRECTION('',(0.,0.,-1.));
#7480 = DIRECTION('',(1.,0.,0.));
#7481 = ORIENTED_EDGE('',*,*,#7482,.T.);
#7482 = EDGE_CURVE('',#7474,#7371,#7483,.T.);
#7483 = LINE('',#7484,#7485);
#7484 = CARTESIAN_POINT('',(1.8,0.,17.));
#7485 = VECTOR('',#7486,1.);
#7486 = DIRECTION('',(0.,0.,1.));
#7487 = ORIENTED_EDGE('',*,*,#7397,.T.);
#7488 = ORIENTED_EDGE('',*,*,#7489,.F.);
#7489 = EDGE_CURVE('',#7490,#7390,#7492,.T.);
#7490 = VERTEX_POINT('',#7491);
#7491 = CARTESIAN_POINT('',(-1.8,2.204364238465E-16,10.525));
#7492 = LINE('',#7493,#7494);
#7493 = CARTESIAN_POINT('',(-1.8,2.204364238465E-16,17.));
#7494 = VECTOR('',#7495,1.);
#7495 = DIRECTION('',(0.,0.,1.));
#7496 = ORIENTED_EDGE('',*,*,#7497,.T.);
#7497 = EDGE_CURVE('',#7490,#7498,#7500,.T.);
#7498 = VERTEX_POINT('',#7499);
#7499 = CARTESIAN_POINT('',(-1.49666295471,-1.,10.525));
#7500 = CIRCLE('',#7501,1.8);
#7501 = AXIS2_PLACEMENT_3D('',#7502,#7503,#7504);
#7502 = CARTESIAN_POINT('',(0.,0.,10.525));
#7503 = DIRECTION('',(0.,0.,1.));
#7504 = DIRECTION('',(1.,0.,-0.));
#7505 = ORIENTED_EDGE('',*,*,#7506,.T.);
#7506 = EDGE_CURVE('',#7498,#7507,#7509,.T.);
#7507 = VERTEX_POINT('',#7508);
#7508 = CARTESIAN_POINT('',(-1.49666295471,-1.,8.975));
#7509 = LINE('',#7510,#7511);
#7510 = CARTESIAN_POINT('',(-1.49666295471,-1.,0.));
#7511 = VECTOR('',#7512,1.);
#7512 = DIRECTION('',(0.,0.,-1.));
#7513 = ORIENTED_EDGE('',*,*,#7514,.T.);
#7514 = EDGE_CURVE('',#7507,#7515,#7517,.T.);
#7515 = VERTEX_POINT('',#7516);
#7516 = CARTESIAN_POINT('',(-1.8,2.204364238465E-16,8.975));
#7517 = CIRCLE('',#7518,1.8);
#7518 = AXIS2_PLACEMENT_3D('',#7519,#7520,#7521);
#7519 = CARTESIAN_POINT('',(0.,0.,8.975));
#7520 = DIRECTION('',(0.,-0.,-1.));
#7521 = DIRECTION('',(1.,1.7763568394E-15,-0.));
#7522 = ORIENTED_EDGE('',*,*,#7523,.F.);
#7523 = EDGE_CURVE('',#7524,#7515,#7526,.T.);
#7524 = VERTEX_POINT('',#7525);
#7525 = CARTESIAN_POINT('',(-1.8,2.204364238465E-16,7.099999925157));
#7526 = LINE('',#7527,#7528);
#7527 = CARTESIAN_POINT('',(-1.8,2.204364238465E-16,17.));
#7528 = VECTOR('',#7529,1.);
#7529 = DIRECTION('',(0.,0.,1.));
#7530 = ORIENTED_EDGE('',*,*,#7531,.T.);
#7531 = EDGE_CURVE('',#7524,#7415,#7532,.T.);
#7532 = CIRCLE('',#7533,1.8);
#7533 = AXIS2_PLACEMENT_3D('',#7534,#7535,#7536);
#7534 = CARTESIAN_POINT('',(0.,0.,7.099999925157));
#7535 = DIRECTION('',(0.,0.,1.));
#7536 = DIRECTION('',(1.,0.,-0.));
#7537 = CYLINDRICAL_SURFACE('',#7538,1.8);
#7538 = AXIS2_PLACEMENT_3D('',#7539,#7540,#7541);
#7539 = CARTESIAN_POINT('',(0.,0.,17.));
#7540 = DIRECTION('',(0.,0.,1.));
#7541 = DIRECTION('',(1.,0.,-0.));
#7542 = ADVANCED_FACE('',(#7543),#7579,.T.);
#7543 = FACE_BOUND('',#7544,.T.);
#7544 = EDGE_LOOP('',(#7545,#7556,#7564,#7573));
#7545 = ORIENTED_EDGE('',*,*,#7546,.T.);
#7546 = EDGE_CURVE('',#7547,#7549,#7551,.T.);
#7547 = VERTEX_POINT('',#7548);
#7548 = CARTESIAN_POINT('',(-2.300000000048,0.,16.999999999996));
#7549 = VERTEX_POINT('',#7550);
#7550 = CARTESIAN_POINT('',(2.300000000048,2.939152317983E-16,
    16.999999999996));
#7551 = CIRCLE('',#7552,2.300000000048);
#7552 = AXIS2_PLACEMENT_3D('',#7553,#7554,#7555);
#7553 = CARTESIAN_POINT('',(0.,0.,16.999999999996));
#7554 = DIRECTION('',(0.,0.,-1.));
#7555 = DIRECTION('',(-1.,0.,0.));
#7556 = ORIENTED_EDGE('',*,*,#7557,.T.);
#7557 = EDGE_CURVE('',#7549,#7558,#7560,.T.);
#7558 = VERTEX_POINT('',#7559);
#7559 = CARTESIAN_POINT('',(2.5,0.,16.8));
#7560 = LINE('',#7561,#7562);
#7561 = CARTESIAN_POINT('',(2.499999999884,3.061616997726E-16,
    16.80000000016));
#7562 = VECTOR('',#7563,1.);
#7563 = DIRECTION('',(0.707106781187,8.659560562355E-17,-0.707106781187)
  );
#7564 = ORIENTED_EDGE('',*,*,#7565,.F.);
#7565 = EDGE_CURVE('',#7566,#7558,#7568,.T.);
#7566 = VERTEX_POINT('',#7567);
#7567 = CARTESIAN_POINT('',(-2.5,3.061616997868E-16,16.8));
#7568 = CIRCLE('',#7569,2.5);
#7569 = AXIS2_PLACEMENT_3D('',#7570,#7571,#7572);
#7570 = CARTESIAN_POINT('',(0.,0.,16.8));
#7571 = DIRECTION('',(0.,0.,-1.));
#7572 = DIRECTION('',(1.,0.,0.));
#7573 = ORIENTED_EDGE('',*,*,#7574,.F.);
#7574 = EDGE_CURVE('',#7547,#7566,#7575,.T.);
#7575 = LINE('',#7576,#7577);
#7576 = CARTESIAN_POINT('',(-2.499999999884,0.,16.80000000016));
#7577 = VECTOR('',#7578,1.);
#7578 = DIRECTION('',(-0.707106781187,0.,-0.707106781187));
#7579 = CONICAL_SURFACE('',#7580,2.499999999884,0.785398163397);
#7580 = AXIS2_PLACEMENT_3D('',#7581,#7582,#7583);
#7581 = CARTESIAN_POINT('',(0.,0.,16.80000000016));
#7582 = DIRECTION('',(0.,0.,-1.));
#7583 = DIRECTION('',(-1.,0.,0.));
#7584 = ADVANCED_FACE('',(#7585),#7620,.T.);
#7585 = FACE_BOUND('',#7586,.T.);
#7586 = EDGE_LOOP('',(#7587,#7598,#7604,#7605,#7613));
#7587 = ORIENTED_EDGE('',*,*,#7588,.F.);
#7588 = EDGE_CURVE('',#7589,#7591,#7593,.T.);
#7589 = VERTEX_POINT('',#7590);
#7590 = CARTESIAN_POINT('',(-2.5,3.061616997868E-16,14.5));
#7591 = VERTEX_POINT('',#7592);
#7592 = CARTESIAN_POINT('',(7.654042494671E-17,2.5,14.5));
#7593 = CIRCLE('',#7594,2.5);
#7594 = AXIS2_PLACEMENT_3D('',#7595,#7596,#7597);
#7595 = CARTESIAN_POINT('',(0.,0.,14.5));
#7596 = DIRECTION('',(0.,0.,-1.));
#7597 = DIRECTION('',(1.,0.,0.));
#7598 = ORIENTED_EDGE('',*,*,#7599,.T.);
#7599 = EDGE_CURVE('',#7589,#7566,#7600,.T.);
#7600 = LINE('',#7601,#7602);
#7601 = CARTESIAN_POINT('',(-2.5,3.061616997868E-16,14.5));
#7602 = VECTOR('',#7603,1.);
#7603 = DIRECTION('',(0.,0.,1.));
#7604 = ORIENTED_EDGE('',*,*,#7565,.T.);
#7605 = ORIENTED_EDGE('',*,*,#7606,.F.);
#7606 = EDGE_CURVE('',#7607,#7558,#7609,.T.);
#7607 = VERTEX_POINT('',#7608);
#7608 = CARTESIAN_POINT('',(2.5,0.,14.5));
#7609 = LINE('',#7610,#7611);
#7610 = CARTESIAN_POINT('',(2.5,0.,14.5));
#7611 = VECTOR('',#7612,1.);
#7612 = DIRECTION('',(0.,0.,1.));
#7613 = ORIENTED_EDGE('',*,*,#7614,.F.);
#7614 = EDGE_CURVE('',#7591,#7607,#7615,.T.);
#7615 = CIRCLE('',#7616,2.5);
#7616 = AXIS2_PLACEMENT_3D('',#7617,#7618,#7619);
#7617 = CARTESIAN_POINT('',(0.,0.,14.5));
#7618 = DIRECTION('',(0.,0.,-1.));
#7619 = DIRECTION('',(1.,0.,0.));
#7620 = CYLINDRICAL_SURFACE('',#7621,2.5);
#7621 = AXIS2_PLACEMENT_3D('',#7622,#7623,#7624);
#7622 = CARTESIAN_POINT('',(0.,0.,14.5));
#7623 = DIRECTION('',(0.,0.,1.));
#7624 = DIRECTION('',(1.,0.,-0.));
#7625 = ADVANCED_FACE('',(#7626),#7662,.T.);
#7626 = FACE_BOUND('',#7627,.T.);
#7627 = EDGE_LOOP('',(#7628,#7639,#7647,#7656));
#7628 = ORIENTED_EDGE('',*,*,#7629,.F.);
#7629 = EDGE_CURVE('',#7630,#7632,#7634,.T.);
#7630 = VERTEX_POINT('',#7631);
#7631 = CARTESIAN_POINT('',(9.184850993605E-17,-2.5,4.75));
#7632 = VERTEX_POINT('',#7633);
#7633 = CARTESIAN_POINT('',(0.,-2.5,3.25));
#7634 = CIRCLE('',#7635,0.75);
#7635 = AXIS2_PLACEMENT_3D('',#7636,#7637,#7638);
#7636 = CARTESIAN_POINT('',(0.,-2.5,4.));
#7637 = DIRECTION('',(0.,1.,0.));
#7638 = DIRECTION('',(0.,0.,-1.));
#7639 = ORIENTED_EDGE('',*,*,#7640,.T.);
#7640 = EDGE_CURVE('',#7630,#7641,#7643,.T.);
#7641 = VERTEX_POINT('',#7642);
#7642 = CARTESIAN_POINT('',(9.184850993605E-17,-3.3,4.75));
#7643 = LINE('',#7644,#7645);
#7644 = CARTESIAN_POINT('',(9.184850993605E-17,-2.5,4.75));
#7645 = VECTOR('',#7646,1.);
#7646 = DIRECTION('',(0.,-1.,0.));
#7647 = ORIENTED_EDGE('',*,*,#7648,.T.);
#7648 = EDGE_CURVE('',#7641,#7649,#7651,.T.);
#7649 = VERTEX_POINT('',#7650);
#7650 = CARTESIAN_POINT('',(0.,-3.3,3.25));
#7651 = CIRCLE('',#7652,0.75);
#7652 = AXIS2_PLACEMENT_3D('',#7653,#7654,#7655);
#7653 = CARTESIAN_POINT('',(0.,-3.3,4.));
#7654 = DIRECTION('',(0.,1.,0.));
#7655 = DIRECTION('',(0.,0.,-1.));
#7656 = ORIENTED_EDGE('',*,*,#7657,.F.);
#7657 = EDGE_CURVE('',#7632,#7649,#7658,.T.);
#7658 = LINE('',#7659,#7660);
#7659 = CARTESIAN_POINT('',(0.,-2.5,3.25));
#7660 = VECTOR('',#7661,1.);
#7661 = DIRECTION('',(0.,-1.,0.));
#7662 = CYLINDRICAL_SURFACE('',#7663,0.75);
#7663 = AXIS2_PLACEMENT_3D('',#7664,#7665,#7666);
#7664 = CARTESIAN_POINT('',(0.,-2.5,4.));
#7665 = DIRECTION('',(0.,-1.,0.));
#7666 = DIRECTION('',(0.,0.,-1.));
#7667 = ADVANCED_FACE('',(#7668),#7704,.T.);
#7668 = FACE_BOUND('',#7669,.T.);
#7669 = EDGE_LOOP('',(#7670,#7681,#7689,#7698));
#7670 = ORIENTED_EDGE('',*,*,#7671,.F.);
#7671 = EDGE_CURVE('',#7672,#7674,#7676,.T.);
#7672 = VERTEX_POINT('',#7673);
#7673 = CARTESIAN_POINT('',(9.184850993605E-17,-2.5,11.75));
#7674 = VERTEX_POINT('',#7675);
#7675 = CARTESIAN_POINT('',(0.,-2.5,10.25));
#7676 = CIRCLE('',#7677,0.75);
#7677 = AXIS2_PLACEMENT_3D('',#7678,#7679,#7680);
#7678 = CARTESIAN_POINT('',(0.,-2.5,11.));
#7679 = DIRECTION('',(0.,1.,0.));
#7680 = DIRECTION('',(0.,0.,-1.));
#7681 = ORIENTED_EDGE('',*,*,#7682,.T.);
#7682 = EDGE_CURVE('',#7672,#7683,#7685,.T.);
#7683 = VERTEX_POINT('',#7684);
#7684 = CARTESIAN_POINT('',(9.184850993605E-17,-3.3,11.75));
#7685 = LINE('',#7686,#7687);
#7686 = CARTESIAN_POINT('',(9.184850993605E-17,-2.5,11.75));
#7687 = VECTOR('',#7688,1.);
#7688 = DIRECTION('',(0.,-1.,0.));
#7689 = ORIENTED_EDGE('',*,*,#7690,.T.);
#7690 = EDGE_CURVE('',#7683,#7691,#7693,.T.);
#7691 = VERTEX_POINT('',#7692);
#7692 = CARTESIAN_POINT('',(-9.245206077949E-33,-3.3,10.25));
#7693 = CIRCLE('',#7694,0.75);
#7694 = AXIS2_PLACEMENT_3D('',#7695,#7696,#7697);
#7695 = CARTESIAN_POINT('',(0.,-3.3,11.));
#7696 = DIRECTION('',(0.,1.,0.));
#7697 = DIRECTION('',(0.,0.,-1.));
#7698 = ORIENTED_EDGE('',*,*,#7699,.F.);
#7699 = EDGE_CURVE('',#7674,#7691,#7700,.T.);
#7700 = LINE('',#7701,#7702);
#7701 = CARTESIAN_POINT('',(0.,-2.5,10.25));
#7702 = VECTOR('',#7703,1.);
#7703 = DIRECTION('',(0.,-1.,0.));
#7704 = CYLINDRICAL_SURFACE('',#7705,0.75);
#7705 = AXIS2_PLACEMENT_3D('',#7706,#7707,#7708);
#7706 = CARTESIAN_POINT('',(0.,-2.5,11.));
#7707 = DIRECTION('',(0.,-1.,0.));
#7708 = DIRECTION('',(0.,0.,-1.));
#7709 = ADVANCED_FACE('',(#7710),#7755,.T.);
#7710 = FACE_BOUND('',#7711,.T.);
#7711 = EDGE_LOOP('',(#7712,#7723,#7730,#7731,#7740,#7749));
#7712 = ORIENTED_EDGE('',*,*,#7713,.T.);
#7713 = EDGE_CURVE('',#7714,#7716,#7718,.T.);
#7714 = VERTEX_POINT('',#7715);
#7715 = CARTESIAN_POINT('',(0.549582785262,-3.5,3.97858126653));
#7716 = VERTEX_POINT('',#7717);
#7717 = CARTESIAN_POINT('',(0.,-3.5,3.450000000006));
#7718 = CIRCLE('',#7719,0.55);
#7719 = AXIS2_PLACEMENT_3D('',#7720,#7721,#7722);
#7720 = CARTESIAN_POINT('',(-3.173522642591E-10,-3.5,4.000000000013));
#7721 = DIRECTION('',(-1.052019358762E-14,1.,1.185263510095E-28));
#7722 = DIRECTION('',(0.999241427749,1.051221326069E-14,
    -3.894315176433E-02));
#7723 = ORIENTED_EDGE('',*,*,#7724,.F.);
#7724 = EDGE_CURVE('',#7649,#7716,#7725,.T.);
#7725 = CIRCLE('',#7726,0.2);
#7726 = AXIS2_PLACEMENT_3D('',#7727,#7728,#7729);
#7727 = CARTESIAN_POINT('',(0.,-3.3,3.45));
#7728 = DIRECTION('',(-1.,0.,0.));
#7729 = DIRECTION('',(0.,0.,1.));
#7730 = ORIENTED_EDGE('',*,*,#7648,.F.);
#7731 = ORIENTED_EDGE('',*,*,#7732,.T.);
#7732 = EDGE_CURVE('',#7641,#7733,#7735,.T.);
#7733 = VERTEX_POINT('',#7734);
#7734 = CARTESIAN_POINT('',(6.586503897222E-17,-3.5,4.55));
#7735 = CIRCLE('',#7736,0.2);
#7736 = AXIS2_PLACEMENT_3D('',#7737,#7738,#7739);
#7737 = CARTESIAN_POINT('',(6.73555739531E-17,-3.3,4.55));
#7738 = DIRECTION('',(1.,0.,-1.224646799147E-16));
#7739 = DIRECTION('',(-1.224646799147E-16,0.,-1.));
#7740 = ORIENTED_EDGE('',*,*,#7741,.T.);
#7741 = EDGE_CURVE('',#7733,#7742,#7744,.T.);
#7742 = VERTEX_POINT('',#7743);
#7743 = CARTESIAN_POINT('',(0.55,-3.5,4.));
#7744 = CIRCLE('',#7745,0.55);
#7745 = AXIS2_PLACEMENT_3D('',#7746,#7747,#7748);
#7746 = CARTESIAN_POINT('',(-4.456070928915E-14,-3.5,4.));
#7747 = DIRECTION('',(1.050423293395E-14,1.,-8.193789909449E-16));
#7748 = DIRECTION('',(-0.999241427749,1.052817391473E-14,
    3.894315176363E-02));
#7749 = ORIENTED_EDGE('',*,*,#7750,.T.);
#7750 = EDGE_CURVE('',#7742,#7714,#7751,.T.);
#7751 = LINE('',#7752,#7753);
#7752 = CARTESIAN_POINT('',(0.549582785262,-3.5,3.97858126653));
#7753 = VECTOR('',#7754,1.);
#7754 = DIRECTION('',(-1.947526958186E-02,-0.,-0.999810338952));
#7755 = TOROIDAL_SURFACE('',#7756,0.55,0.2);
#7756 = AXIS2_PLACEMENT_3D('',#7757,#7758,#7759);
#7757 = CARTESIAN_POINT('',(0.,-3.3,4.));
#7758 = DIRECTION('',(0.,-1.,-0.));
#7759 = DIRECTION('',(0.,0.,-1.));
#7760 = ADVANCED_FACE('',(#7761),#7806,.T.);
#7761 = FACE_BOUND('',#7762,.T.);
#7762 = EDGE_LOOP('',(#7763,#7774,#7781,#7782,#7791,#7800));
#7763 = ORIENTED_EDGE('',*,*,#7764,.T.);
#7764 = EDGE_CURVE('',#7765,#7767,#7769,.T.);
#7765 = VERTEX_POINT('',#7766);
#7766 = CARTESIAN_POINT('',(0.549582785262,-3.5,10.97858126653));
#7767 = VERTEX_POINT('',#7768);
#7768 = CARTESIAN_POINT('',(-3.235093730345E-18,-3.5,10.450000000004));
#7769 = CIRCLE('',#7770,0.55);
#7770 = AXIS2_PLACEMENT_3D('',#7771,#7772,#7773);
#7771 = CARTESIAN_POINT('',(-2.15769893272E-10,-3.5,11.000000000009));
#7772 = DIRECTION('',(-1.052019358762E-14,1.,1.18575654816E-28));
#7773 = DIRECTION('',(0.999241427749,1.051221326069E-14,
    -3.894315176433E-02));
#7774 = ORIENTED_EDGE('',*,*,#7775,.F.);
#7775 = EDGE_CURVE('',#7691,#7767,#7776,.T.);
#7776 = CIRCLE('',#7777,0.2);
#7777 = AXIS2_PLACEMENT_3D('',#7778,#7779,#7780);
#7778 = CARTESIAN_POINT('',(0.,-3.3,10.45));
#7779 = DIRECTION('',(-1.,1.541027835836E-17,6.09340859978E-33));
#7780 = DIRECTION('',(-1.541027835836E-17,-1.,3.798227098304E-65));
#7781 = ORIENTED_EDGE('',*,*,#7690,.F.);
#7782 = ORIENTED_EDGE('',*,*,#7783,.T.);
#7783 = EDGE_CURVE('',#7683,#7784,#7786,.T.);
#7784 = VERTEX_POINT('',#7785);
#7785 = CARTESIAN_POINT('',(6.432401113638E-17,-3.5,11.55));
#7786 = CIRCLE('',#7787,0.2);
#7787 = AXIS2_PLACEMENT_3D('',#7788,#7789,#7790);
#7788 = CARTESIAN_POINT('',(6.73555739531E-17,-3.3,11.55));
#7789 = DIRECTION('',(1.,-1.541027835836E-17,-1.224646799147E-16));
#7790 = DIRECTION('',(-1.224646799147E-16,4.789594360485E-48,-1.));
#7791 = ORIENTED_EDGE('',*,*,#7792,.T.);
#7792 = EDGE_CURVE('',#7784,#7793,#7795,.T.);
#7793 = VERTEX_POINT('',#7794);
#7794 = CARTESIAN_POINT('',(0.55,-3.5,11.));
#7795 = CIRCLE('',#7796,0.55);
#7796 = AXIS2_PLACEMENT_3D('',#7797,#7798,#7799);
#7797 = CARTESIAN_POINT('',(1.502704211065E-13,-3.5,11.));
#7798 = DIRECTION('',(1.050423293395E-14,1.,-8.193789909449E-16));
#7799 = DIRECTION('',(-0.999241427749,1.052817391473E-14,
    3.894315176362E-02));
#7800 = ORIENTED_EDGE('',*,*,#7801,.T.);
#7801 = EDGE_CURVE('',#7793,#7765,#7802,.T.);
#7802 = LINE('',#7803,#7804);
#7803 = CARTESIAN_POINT('',(0.549582785262,-3.5,10.97858126653));
#7804 = VECTOR('',#7805,1.);
#7805 = DIRECTION('',(-1.947526958186E-02,-0.,-0.999810338952));
#7806 = TOROIDAL_SURFACE('',#7807,0.55,0.2);
#7807 = AXIS2_PLACEMENT_3D('',#7808,#7809,#7810);
#7808 = CARTESIAN_POINT('',(0.,-3.3,11.));
#7809 = DIRECTION('',(-1.541027835836E-17,-1.,-3.954119749221E-16));
#7810 = DIRECTION('',(-2.817448613416E-33,3.954119749221E-16,-1.));
#7811 = ADVANCED_FACE('',(#7812),#7847,.T.);
#7812 = FACE_BOUND('',#7813,.T.);
#7813 = EDGE_LOOP('',(#7814,#7824,#7831,#7832,#7839,#7840));
#7814 = ORIENTED_EDGE('',*,*,#7815,.T.);
#7815 = EDGE_CURVE('',#7816,#7818,#7820,.T.);
#7816 = VERTEX_POINT('',#7817);
#7817 = CARTESIAN_POINT('',(-0.55,-3.5,11.000000000009));
#7818 = VERTEX_POINT('',#7819);
#7819 = CARTESIAN_POINT('',(-0.549582785262,-3.5,11.02141873347));
#7820 = LINE('',#7821,#7822);
#7821 = CARTESIAN_POINT('',(-0.549582785262,-3.5,11.02141873347));
#7822 = VECTOR('',#7823,1.);
#7823 = DIRECTION('',(1.947526959519E-02,0.,0.999810338951));
#7824 = ORIENTED_EDGE('',*,*,#7825,.T.);
#7825 = EDGE_CURVE('',#7818,#7784,#7826,.T.);
#7826 = CIRCLE('',#7827,0.55);
#7827 = AXIS2_PLACEMENT_3D('',#7828,#7829,#7830);
#7828 = CARTESIAN_POINT('',(1.502704211065E-13,-3.5,11.));
#7829 = DIRECTION('',(1.050423293395E-14,1.,-8.193789909449E-16));
#7830 = DIRECTION('',(-0.999241427749,1.052817391473E-14,
    3.894315176362E-02));
#7831 = ORIENTED_EDGE('',*,*,#7783,.F.);
#7832 = ORIENTED_EDGE('',*,*,#7833,.F.);
#7833 = EDGE_CURVE('',#7691,#7683,#7834,.T.);
#7834 = CIRCLE('',#7835,0.75);
#7835 = AXIS2_PLACEMENT_3D('',#7836,#7837,#7838);
#7836 = CARTESIAN_POINT('',(0.,-3.3,11.));
#7837 = DIRECTION('',(0.,1.,0.));
#7838 = DIRECTION('',(0.,0.,-1.));
#7839 = ORIENTED_EDGE('',*,*,#7775,.T.);
#7840 = ORIENTED_EDGE('',*,*,#7841,.T.);
#7841 = EDGE_CURVE('',#7767,#7816,#7842,.T.);
#7842 = CIRCLE('',#7843,0.55);
#7843 = AXIS2_PLACEMENT_3D('',#7844,#7845,#7846);
#7844 = CARTESIAN_POINT('',(-2.15769893272E-10,-3.5,11.000000000009));
#7845 = DIRECTION('',(-1.052019358762E-14,1.,1.18575654816E-28));
#7846 = DIRECTION('',(0.999241427749,1.051221326069E-14,
    -3.894315176433E-02));
#7847 = TOROIDAL_SURFACE('',#7848,0.55,0.2);
#7848 = AXIS2_PLACEMENT_3D('',#7849,#7850,#7851);
#7849 = CARTESIAN_POINT('',(0.,-3.3,11.));
#7850 = DIRECTION('',(-1.541027835836E-17,-1.,-3.954119749221E-16));
#7851 = DIRECTION('',(-2.817448613416E-33,3.954119749221E-16,-1.));
#7852 = ADVANCED_FACE('',(#7853),#7888,.T.);
#7853 = FACE_BOUND('',#7854,.T.);
#7854 = EDGE_LOOP('',(#7855,#7865,#7872,#7873,#7880,#7881));
#7855 = ORIENTED_EDGE('',*,*,#7856,.T.);
#7856 = EDGE_CURVE('',#7857,#7859,#7861,.T.);
#7857 = VERTEX_POINT('',#7858);
#7858 = CARTESIAN_POINT('',(-0.55,-3.5,4.000000000013));
#7859 = VERTEX_POINT('',#7860);
#7860 = CARTESIAN_POINT('',(-0.549582785262,-3.5,4.02141873347));
#7861 = LINE('',#7862,#7863);
#7862 = CARTESIAN_POINT('',(-0.549582785262,-3.5,4.02141873347));
#7863 = VECTOR('',#7864,1.);
#7864 = DIRECTION('',(1.94752696012E-02,0.,0.999810338951));
#7865 = ORIENTED_EDGE('',*,*,#7866,.T.);
#7866 = EDGE_CURVE('',#7859,#7733,#7867,.T.);
#7867 = CIRCLE('',#7868,0.55);
#7868 = AXIS2_PLACEMENT_3D('',#7869,#7870,#7871);
#7869 = CARTESIAN_POINT('',(-4.456070928915E-14,-3.5,4.));
#7870 = DIRECTION('',(1.050423293395E-14,1.,-8.193789909449E-16));
#7871 = DIRECTION('',(-0.999241427749,1.052817391473E-14,
    3.894315176363E-02));
#7872 = ORIENTED_EDGE('',*,*,#7732,.F.);
#7873 = ORIENTED_EDGE('',*,*,#7874,.F.);
#7874 = EDGE_CURVE('',#7649,#7641,#7875,.T.);
#7875 = CIRCLE('',#7876,0.75);
#7876 = AXIS2_PLACEMENT_3D('',#7877,#7878,#7879);
#7877 = CARTESIAN_POINT('',(0.,-3.3,4.));
#7878 = DIRECTION('',(0.,1.,0.));
#7879 = DIRECTION('',(0.,0.,-1.));
#7880 = ORIENTED_EDGE('',*,*,#7724,.T.);
#7881 = ORIENTED_EDGE('',*,*,#7882,.T.);
#7882 = EDGE_CURVE('',#7716,#7857,#7883,.T.);
#7883 = CIRCLE('',#7884,0.55);
#7884 = AXIS2_PLACEMENT_3D('',#7885,#7886,#7887);
#7885 = CARTESIAN_POINT('',(-3.173522642591E-10,-3.5,4.000000000013));
#7886 = DIRECTION('',(-1.052019358762E-14,1.,1.185263510095E-28));
#7887 = DIRECTION('',(0.999241427749,1.051221326069E-14,
    -3.894315176433E-02));
#7888 = TOROIDAL_SURFACE('',#7889,0.55,0.2);
#7889 = AXIS2_PLACEMENT_3D('',#7890,#7891,#7892);
#7890 = CARTESIAN_POINT('',(0.,-3.3,4.));
#7891 = DIRECTION('',(0.,-1.,-0.));
#7892 = DIRECTION('',(0.,0.,-1.));
#7893 = ADVANCED_FACE('',(#7894),#7906,.T.);
#7894 = FACE_BOUND('',#7895,.T.);
#7895 = EDGE_LOOP('',(#7896,#7897,#7904,#7905));
#7896 = ORIENTED_EDGE('',*,*,#7682,.F.);
#7897 = ORIENTED_EDGE('',*,*,#7898,.F.);
#7898 = EDGE_CURVE('',#7674,#7672,#7899,.T.);
#7899 = CIRCLE('',#7900,0.75);
#7900 = AXIS2_PLACEMENT_3D('',#7901,#7902,#7903);
#7901 = CARTESIAN_POINT('',(0.,-2.5,11.));
#7902 = DIRECTION('',(0.,1.,0.));
#7903 = DIRECTION('',(0.,0.,-1.));
#7904 = ORIENTED_EDGE('',*,*,#7699,.T.);
#7905 = ORIENTED_EDGE('',*,*,#7833,.T.);
#7906 = CYLINDRICAL_SURFACE('',#7907,0.75);
#7907 = AXIS2_PLACEMENT_3D('',#7908,#7909,#7910);
#7908 = CARTESIAN_POINT('',(0.,-2.5,11.));
#7909 = DIRECTION('',(0.,-1.,0.));
#7910 = DIRECTION('',(0.,0.,-1.));
#7911 = ADVANCED_FACE('',(#7912),#7924,.T.);
#7912 = FACE_BOUND('',#7913,.T.);
#7913 = EDGE_LOOP('',(#7914,#7915,#7922,#7923));
#7914 = ORIENTED_EDGE('',*,*,#7640,.F.);
#7915 = ORIENTED_EDGE('',*,*,#7916,.F.);
#7916 = EDGE_CURVE('',#7632,#7630,#7917,.T.);
#7917 = CIRCLE('',#7918,0.75);
#7918 = AXIS2_PLACEMENT_3D('',#7919,#7920,#7921);
#7919 = CARTESIAN_POINT('',(0.,-2.5,4.));
#7920 = DIRECTION('',(0.,1.,0.));
#7921 = DIRECTION('',(0.,0.,-1.));
#7922 = ORIENTED_EDGE('',*,*,#7657,.T.);
#7923 = ORIENTED_EDGE('',*,*,#7874,.T.);
#7924 = CYLINDRICAL_SURFACE('',#7925,0.75);
#7925 = AXIS2_PLACEMENT_3D('',#7926,#7927,#7928);
#7926 = CARTESIAN_POINT('',(0.,-2.5,4.));
#7927 = DIRECTION('',(0.,-1.,0.));
#7928 = DIRECTION('',(0.,0.,-1.));
#7929 = ADVANCED_FACE('',(#7930),#7957,.T.);
#7930 = FACE_BOUND('',#7931,.T.);
#7931 = EDGE_LOOP('',(#7932,#7933,#7942,#7949,#7950));
#7932 = ORIENTED_EDGE('',*,*,#7599,.F.);
#7933 = ORIENTED_EDGE('',*,*,#7934,.F.);
#7934 = EDGE_CURVE('',#7935,#7589,#7937,.T.);
#7935 = VERTEX_POINT('',#7936);
#7936 = CARTESIAN_POINT('',(-2.296212748401E-16,-2.5,14.5));
#7937 = CIRCLE('',#7938,2.5);
#7938 = AXIS2_PLACEMENT_3D('',#7939,#7940,#7941);
#7939 = CARTESIAN_POINT('',(0.,0.,14.5));
#7940 = DIRECTION('',(0.,0.,-1.));
#7941 = DIRECTION('',(1.,0.,0.));
#7942 = ORIENTED_EDGE('',*,*,#7943,.F.);
#7943 = EDGE_CURVE('',#7607,#7935,#7944,.T.);
#7944 = CIRCLE('',#7945,2.5);
#7945 = AXIS2_PLACEMENT_3D('',#7946,#7947,#7948);
#7946 = CARTESIAN_POINT('',(0.,0.,14.5));
#7947 = DIRECTION('',(0.,0.,-1.));
#7948 = DIRECTION('',(1.,0.,0.));
#7949 = ORIENTED_EDGE('',*,*,#7606,.T.);
#7950 = ORIENTED_EDGE('',*,*,#7951,.T.);
#7951 = EDGE_CURVE('',#7558,#7566,#7952,.T.);
#7952 = CIRCLE('',#7953,2.5);
#7953 = AXIS2_PLACEMENT_3D('',#7954,#7955,#7956);
#7954 = CARTESIAN_POINT('',(0.,0.,16.8));
#7955 = DIRECTION('',(0.,0.,-1.));
#7956 = DIRECTION('',(1.,0.,0.));
#7957 = CYLINDRICAL_SURFACE('',#7958,2.5);
#7958 = AXIS2_PLACEMENT_3D('',#7959,#7960,#7961);
#7959 = CARTESIAN_POINT('',(0.,0.,14.5));
#7960 = DIRECTION('',(0.,0.,1.));
#7961 = DIRECTION('',(1.,0.,-0.));
#7962 = ADVANCED_FACE('',(#7963),#7975,.T.);
#7963 = FACE_BOUND('',#7964,.T.);
#7964 = EDGE_LOOP('',(#7965,#7966,#7973,#7974));
#7965 = ORIENTED_EDGE('',*,*,#7557,.F.);
#7966 = ORIENTED_EDGE('',*,*,#7967,.T.);
#7967 = EDGE_CURVE('',#7549,#7547,#7968,.T.);
#7968 = CIRCLE('',#7969,2.300000000048);
#7969 = AXIS2_PLACEMENT_3D('',#7970,#7971,#7972);
#7970 = CARTESIAN_POINT('',(0.,0.,16.999999999996));
#7971 = DIRECTION('',(0.,0.,-1.));
#7972 = DIRECTION('',(-1.,0.,0.));
#7973 = ORIENTED_EDGE('',*,*,#7574,.T.);
#7974 = ORIENTED_EDGE('',*,*,#7951,.F.);
#7975 = CONICAL_SURFACE('',#7976,2.499999999884,0.785398163397);
#7976 = AXIS2_PLACEMENT_3D('',#7977,#7978,#7979);
#7977 = CARTESIAN_POINT('',(0.,0.,16.80000000016));
#7978 = DIRECTION('',(0.,0.,-1.));
#7979 = DIRECTION('',(-1.,0.,0.));
#7980 = ADVANCED_FACE('',(#7981),#8083,.F.);
#7981 = FACE_BOUND('',#7982,.F.);
#7982 = EDGE_LOOP('',(#7983,#7992,#8000,#8007,#8008,#8015,#8016,#8025,
    #8033,#8040,#8041,#8050,#8058,#8067,#8075,#8082));
#7983 = ORIENTED_EDGE('',*,*,#7984,.T.);
#7984 = EDGE_CURVE('',#7515,#7985,#7987,.T.);
#7985 = VERTEX_POINT('',#7986);
#7986 = CARTESIAN_POINT('',(-1.15,1.384738242413,8.975));
#7987 = CIRCLE('',#7988,1.8);
#7988 = AXIS2_PLACEMENT_3D('',#7989,#7990,#7991);
#7989 = CARTESIAN_POINT('',(0.,0.,8.975));
#7990 = DIRECTION('',(0.,-0.,-1.));
#7991 = DIRECTION('',(1.,1.7763568394E-15,-0.));
#7992 = ORIENTED_EDGE('',*,*,#7993,.T.);
#7993 = EDGE_CURVE('',#7985,#7994,#7996,.T.);
#7994 = VERTEX_POINT('',#7995);
#7995 = CARTESIAN_POINT('',(-1.15,1.384738242413,10.525));
#7996 = LINE('',#7997,#7998);
#7997 = CARTESIAN_POINT('',(-1.15,1.384738242413,17.));
#7998 = VECTOR('',#7999,1.);
#7999 = DIRECTION('',(0.,0.,1.));
#8000 = ORIENTED_EDGE('',*,*,#8001,.T.);
#8001 = EDGE_CURVE('',#7994,#7490,#8002,.T.);
#8002 = CIRCLE('',#8003,1.8);
#8003 = AXIS2_PLACEMENT_3D('',#8004,#8005,#8006);
#8004 = CARTESIAN_POINT('',(0.,0.,10.525));
#8005 = DIRECTION('',(0.,0.,1.));
#8006 = DIRECTION('',(1.,0.,-0.));
#8007 = ORIENTED_EDGE('',*,*,#7489,.T.);
#8008 = ORIENTED_EDGE('',*,*,#8009,.T.);
#8009 = EDGE_CURVE('',#7390,#7371,#8010,.T.);
#8010 = CIRCLE('',#8011,1.8);
#8011 = AXIS2_PLACEMENT_3D('',#8012,#8013,#8014);
#8012 = CARTESIAN_POINT('',(0.,0.,16.8));
#8013 = DIRECTION('',(0.,0.,-1.));
#8014 = DIRECTION('',(1.,0.,0.));
#8015 = ORIENTED_EDGE('',*,*,#7482,.F.);
#8016 = ORIENTED_EDGE('',*,*,#8017,.F.);
#8017 = EDGE_CURVE('',#8018,#7474,#8020,.T.);
#8018 = VERTEX_POINT('',#8019);
#8019 = CARTESIAN_POINT('',(1.15,1.384738242413,13.325));
#8020 = CIRCLE('',#8021,1.8);
#8021 = AXIS2_PLACEMENT_3D('',#8022,#8023,#8024);
#8022 = CARTESIAN_POINT('',(0.,0.,13.325));
#8023 = DIRECTION('',(0.,0.,-1.));
#8024 = DIRECTION('',(1.,0.,0.));
#8025 = ORIENTED_EDGE('',*,*,#8026,.T.);
#8026 = EDGE_CURVE('',#8018,#8027,#8029,.T.);
#8027 = VERTEX_POINT('',#8028);
#8028 = CARTESIAN_POINT('',(1.15,1.384738242413,11.775));
#8029 = LINE('',#8030,#8031);
#8030 = CARTESIAN_POINT('',(1.15,1.384738242413,17.));
#8031 = VECTOR('',#8032,1.);
#8032 = DIRECTION('',(-0.,-0.,-1.));
#8033 = ORIENTED_EDGE('',*,*,#8034,.F.);
#8034 = EDGE_CURVE('',#7449,#8027,#8035,.T.);
#8035 = CIRCLE('',#8036,1.8);
#8036 = AXIS2_PLACEMENT_3D('',#8037,#8038,#8039);
#8037 = CARTESIAN_POINT('',(0.,0.,11.775));
#8038 = DIRECTION('',(0.,0.,1.));
#8039 = DIRECTION('',(1.,0.,-0.));
#8040 = ORIENTED_EDGE('',*,*,#7448,.F.);
#8041 = ORIENTED_EDGE('',*,*,#8042,.T.);
#8042 = EDGE_CURVE('',#7440,#8043,#8045,.T.);
#8043 = VERTEX_POINT('',#8044);
#8044 = CARTESIAN_POINT('',(1.729161646579,0.5,10.7));
#8045 = CIRCLE('',#8046,1.8);
#8046 = AXIS2_PLACEMENT_3D('',#8047,#8048,#8049);
#8047 = CARTESIAN_POINT('',(0.,0.,10.7));
#8048 = DIRECTION('',(0.,0.,1.));
#8049 = DIRECTION('',(1.,0.,-0.));
#8050 = ORIENTED_EDGE('',*,*,#8051,.T.);
#8051 = EDGE_CURVE('',#8043,#8052,#8054,.T.);
#8052 = VERTEX_POINT('',#8053);
#8053 = CARTESIAN_POINT('',(1.729161646579,0.5,9.2));
#8054 = LINE('',#8055,#8056);
#8055 = CARTESIAN_POINT('',(1.729161646579,0.5,17.));
#8056 = VECTOR('',#8057,1.);
#8057 = DIRECTION('',(-0.,-0.,-1.));
#8058 = ORIENTED_EDGE('',*,*,#8059,.T.);
#8059 = EDGE_CURVE('',#8052,#8060,#8062,.T.);
#8060 = VERTEX_POINT('',#8061);
#8061 = CARTESIAN_POINT('',(1.244989960864,1.29999999898,9.2));
#8062 = CIRCLE('',#8063,1.8);
#8063 = AXIS2_PLACEMENT_3D('',#8064,#8065,#8066);
#8064 = CARTESIAN_POINT('',(0.,0.,9.2));
#8065 = DIRECTION('',(0.,0.,1.));
#8066 = DIRECTION('',(1.,0.,-0.));
#8067 = ORIENTED_EDGE('',*,*,#8068,.T.);
#8068 = EDGE_CURVE('',#8060,#8069,#8071,.T.);
#8069 = VERTEX_POINT('',#8070);
#8070 = CARTESIAN_POINT('',(1.244989960864,1.29999999898,7.099999992741)
  );
#8071 = LINE('',#8072,#8073);
#8072 = CARTESIAN_POINT('',(1.244989961929,1.29999999796,17.));
#8073 = VECTOR('',#8074,1.);
#8074 = DIRECTION('',(-0.,-0.,-1.));
#8075 = ORIENTED_EDGE('',*,*,#8076,.T.);
#8076 = EDGE_CURVE('',#8069,#7524,#8077,.T.);
#8077 = CIRCLE('',#8078,1.8);
#8078 = AXIS2_PLACEMENT_3D('',#8079,#8080,#8081);
#8079 = CARTESIAN_POINT('',(0.,0.,7.099999925157));
#8080 = DIRECTION('',(0.,0.,1.));
#8081 = DIRECTION('',(1.,0.,-0.));
#8082 = ORIENTED_EDGE('',*,*,#7523,.T.);
#8083 = CYLINDRICAL_SURFACE('',#8084,1.8);
#8084 = AXIS2_PLACEMENT_3D('',#8085,#8086,#8087);
#8085 = CARTESIAN_POINT('',(0.,0.,17.));
#8086 = DIRECTION('',(0.,0.,1.));
#8087 = DIRECTION('',(1.,0.,-0.));
#8088 = ADVANCED_FACE('',(#8089),#8101,.F.);
#8089 = FACE_BOUND('',#8090,.F.);
#8090 = EDGE_LOOP('',(#8091,#8098,#8099,#8100));
#8091 = ORIENTED_EDGE('',*,*,#8092,.T.);
#8092 = EDGE_CURVE('',#7381,#7373,#8093,.T.);
#8093 = CIRCLE('',#8094,1.999999999953);
#8094 = AXIS2_PLACEMENT_3D('',#8095,#8096,#8097);
#8095 = CARTESIAN_POINT('',(0.,0.,16.999999999996));
#8096 = DIRECTION('',(0.,0.,-1.));
#8097 = DIRECTION('',(1.,0.,0.));
#8098 = ORIENTED_EDGE('',*,*,#7370,.F.);
#8099 = ORIENTED_EDGE('',*,*,#8009,.F.);
#8100 = ORIENTED_EDGE('',*,*,#7389,.T.);
#8101 = CONICAL_SURFACE('',#8102,1.999999999896,0.785398163397);
#8102 = AXIS2_PLACEMENT_3D('',#8103,#8104,#8105);
#8103 = CARTESIAN_POINT('',(0.,0.,16.999999999939));
#8104 = DIRECTION('',(0.,0.,1.));
#8105 = DIRECTION('',(1.,0.,-0.));
#8106 = ADVANCED_FACE('',(#8107,#8111,#8115),#8339,.T.);
#8107 = FACE_BOUND('',#8108,.T.);
#8108 = EDGE_LOOP('',(#8109,#8110));
#8109 = ORIENTED_EDGE('',*,*,#7898,.T.);
#8110 = ORIENTED_EDGE('',*,*,#7671,.T.);
#8111 = FACE_BOUND('',#8112,.T.);
#8112 = EDGE_LOOP('',(#8113,#8114));
#8113 = ORIENTED_EDGE('',*,*,#7916,.T.);
#8114 = ORIENTED_EDGE('',*,*,#7629,.T.);
#8115 = FACE_BOUND('',#8116,.T.);
#8116 = EDGE_LOOP('',(#8117,#8127,#8135,#8143,#8151,#8159,#8167,#8175,
    #8183,#8191,#8199,#8207,#8215,#8223,#8231,#8239,#8245,#8253,#8261,
    #8269,#8277,#8285,#8293,#8301,#8309,#8317,#8325,#8333));
#8117 = ORIENTED_EDGE('',*,*,#8118,.F.);
#8118 = EDGE_CURVE('',#8119,#8121,#8123,.T.);
#8119 = VERTEX_POINT('',#8120);
#8120 = CARTESIAN_POINT('',(-3.,-2.5,8.05));
#8121 = VERTEX_POINT('',#8122);
#8122 = CARTESIAN_POINT('',(-3.1,-2.5,8.15));
#8123 = LINE('',#8124,#8125);
#8124 = CARTESIAN_POINT('',(-3.05,-2.5,8.1));
#8125 = VECTOR('',#8126,1.);
#8126 = DIRECTION('',(-0.707106781187,0.,0.707106781187));
#8127 = ORIENTED_EDGE('',*,*,#8128,.T.);
#8128 = EDGE_CURVE('',#8119,#8129,#8131,.T.);
#8129 = VERTEX_POINT('',#8130);
#8130 = CARTESIAN_POINT('',(-3.,-2.5,0.));
#8131 = LINE('',#8132,#8133);
#8132 = CARTESIAN_POINT('',(-3.,-2.5,0.));
#8133 = VECTOR('',#8134,1.);
#8134 = DIRECTION('',(0.,0.,-1.));
#8135 = ORIENTED_EDGE('',*,*,#8136,.T.);
#8136 = EDGE_CURVE('',#8129,#8137,#8139,.T.);
#8137 = VERTEX_POINT('',#8138);
#8138 = CARTESIAN_POINT('',(1.98,-2.5,-1.626303258728E-16));
#8139 = LINE('',#8140,#8141);
#8140 = CARTESIAN_POINT('',(-3.,-2.5,0.));
#8141 = VECTOR('',#8142,1.);
#8142 = DIRECTION('',(1.,0.,0.));
#8143 = ORIENTED_EDGE('',*,*,#8144,.T.);
#8144 = EDGE_CURVE('',#8137,#8145,#8147,.T.);
#8145 = VERTEX_POINT('',#8146);
#8146 = CARTESIAN_POINT('',(2.18,-2.5,0.2));
#8147 = LINE('',#8148,#8149);
#8148 = CARTESIAN_POINT('',(1.98,-2.5,0.));
#8149 = VECTOR('',#8150,1.);
#8150 = DIRECTION('',(0.707106781187,0.,0.707106781187));
#8151 = ORIENTED_EDGE('',*,*,#8152,.T.);
#8152 = EDGE_CURVE('',#8145,#8153,#8155,.T.);
#8153 = VERTEX_POINT('',#8154);
#8154 = CARTESIAN_POINT('',(2.18,-2.5,3.75));
#8155 = LINE('',#8156,#8157);
#8156 = CARTESIAN_POINT('',(2.18,-2.5,0.));
#8157 = VECTOR('',#8158,1.);
#8158 = DIRECTION('',(0.,0.,1.));
#8159 = ORIENTED_EDGE('',*,*,#8160,.T.);
#8160 = EDGE_CURVE('',#8153,#8161,#8163,.T.);
#8161 = VERTEX_POINT('',#8162);
#8162 = CARTESIAN_POINT('',(3.,-2.5,3.75));
#8163 = LINE('',#8164,#8165);
#8164 = CARTESIAN_POINT('',(-3.,-2.5,3.75));
#8165 = VECTOR('',#8166,1.);
#8166 = DIRECTION('',(1.,0.,0.));
#8167 = ORIENTED_EDGE('',*,*,#8168,.T.);
#8168 = EDGE_CURVE('',#8161,#8169,#8171,.T.);
#8169 = VERTEX_POINT('',#8170);
#8170 = CARTESIAN_POINT('',(3.,-2.5,10.85));
#8171 = LINE('',#8172,#8173);
#8172 = CARTESIAN_POINT('',(3.,-2.5,0.));
#8173 = VECTOR('',#8174,1.);
#8174 = DIRECTION('',(0.,0.,1.));
#8175 = ORIENTED_EDGE('',*,*,#8176,.F.);
#8176 = EDGE_CURVE('',#8177,#8169,#8179,.T.);
#8177 = VERTEX_POINT('',#8178);
#8178 = CARTESIAN_POINT('',(3.1,-2.5,10.95));
#8179 = LINE('',#8180,#8181);
#8180 = CARTESIAN_POINT('',(3.05,-2.5,10.9));
#8181 = VECTOR('',#8182,1.);
#8182 = DIRECTION('',(-0.707106781187,0.,-0.707106781187));
#8183 = ORIENTED_EDGE('',*,*,#8184,.F.);
#8184 = EDGE_CURVE('',#8185,#8177,#8187,.T.);
#8185 = VERTEX_POINT('',#8186);
#8186 = CARTESIAN_POINT('',(3.1,-2.5,11.55));
#8187 = LINE('',#8188,#8189);
#8188 = CARTESIAN_POINT('',(3.1,-2.5,13.55));
#8189 = VECTOR('',#8190,1.);
#8190 = DIRECTION('',(0.,0.,-1.));
#8191 = ORIENTED_EDGE('',*,*,#8192,.T.);
#8192 = EDGE_CURVE('',#8185,#8193,#8195,.T.);
#8193 = VERTEX_POINT('',#8194);
#8194 = CARTESIAN_POINT('',(2.43,-2.5,11.55));
#8195 = LINE('',#8196,#8197);
#8196 = CARTESIAN_POINT('',(2.43,-2.5,11.55));
#8197 = VECTOR('',#8198,1.);
#8198 = DIRECTION('',(-1.,0.,0.));
#8199 = ORIENTED_EDGE('',*,*,#8200,.T.);
#8200 = EDGE_CURVE('',#8193,#8201,#8203,.T.);
#8201 = VERTEX_POINT('',#8202);
#8202 = CARTESIAN_POINT('',(2.43,-2.5,13.55));
#8203 = LINE('',#8204,#8205);
#8204 = CARTESIAN_POINT('',(2.43,-2.5,0.));
#8205 = VECTOR('',#8206,1.);
#8206 = DIRECTION('',(0.,0.,1.));
#8207 = ORIENTED_EDGE('',*,*,#8208,.T.);
#8208 = EDGE_CURVE('',#8201,#8209,#8211,.T.);
#8209 = VERTEX_POINT('',#8210);
#8210 = CARTESIAN_POINT('',(3.1,-2.5,13.55));
#8211 = LINE('',#8212,#8213);
#8212 = CARTESIAN_POINT('',(3.,-2.5,13.55));
#8213 = VECTOR('',#8214,1.);
#8214 = DIRECTION('',(1.,0.,0.));
#8215 = ORIENTED_EDGE('',*,*,#8216,.F.);
#8216 = EDGE_CURVE('',#8217,#8209,#8219,.T.);
#8217 = VERTEX_POINT('',#8218);
#8218 = CARTESIAN_POINT('',(3.1,-2.5,14.15));
#8219 = LINE('',#8220,#8221);
#8220 = CARTESIAN_POINT('',(3.1,-2.5,13.55));
#8221 = VECTOR('',#8222,1.);
#8222 = DIRECTION('',(0.,0.,-1.));
#8223 = ORIENTED_EDGE('',*,*,#8224,.F.);
#8224 = EDGE_CURVE('',#8225,#8217,#8227,.T.);
#8225 = VERTEX_POINT('',#8226);
#8226 = CARTESIAN_POINT('',(3.,-2.5,14.25));
#8227 = LINE('',#8228,#8229);
#8228 = CARTESIAN_POINT('',(3.05,-2.5,14.2));
#8229 = VECTOR('',#8230,1.);
#8230 = DIRECTION('',(0.707106781187,0.,-0.707106781187));
#8231 = ORIENTED_EDGE('',*,*,#8232,.F.);
#8232 = EDGE_CURVE('',#8233,#8225,#8235,.T.);
#8233 = VERTEX_POINT('',#8234);
#8234 = CARTESIAN_POINT('',(3.,-2.5,14.5));
#8235 = LINE('',#8236,#8237);
#8236 = CARTESIAN_POINT('',(3.,-2.5,0.));
#8237 = VECTOR('',#8238,1.);
#8238 = DIRECTION('',(0.,0.,-1.));
#8239 = ORIENTED_EDGE('',*,*,#8240,.T.);
#8240 = EDGE_CURVE('',#8233,#7935,#8241,.T.);
#8241 = LINE('',#8242,#8243);
#8242 = CARTESIAN_POINT('',(-3.,-2.5,14.5));
#8243 = VECTOR('',#8244,1.);
#8244 = DIRECTION('',(-1.,-0.,-0.));
#8245 = ORIENTED_EDGE('',*,*,#8246,.T.);
#8246 = EDGE_CURVE('',#7935,#8247,#8249,.T.);
#8247 = VERTEX_POINT('',#8248);
#8248 = CARTESIAN_POINT('',(-3.,-2.5,14.5));
#8249 = LINE('',#8250,#8251);
#8250 = CARTESIAN_POINT('',(-3.,-2.5,14.5));
#8251 = VECTOR('',#8252,1.);
#8252 = DIRECTION('',(-1.,-0.,-0.));
#8253 = ORIENTED_EDGE('',*,*,#8254,.F.);
#8254 = EDGE_CURVE('',#8255,#8247,#8257,.T.);
#8255 = VERTEX_POINT('',#8256);
#8256 = CARTESIAN_POINT('',(-3.,-2.5,13.5));
#8257 = LINE('',#8258,#8259);
#8258 = CARTESIAN_POINT('',(-3.,-2.5,0.));
#8259 = VECTOR('',#8260,1.);
#8260 = DIRECTION('',(0.,0.,1.));
#8261 = ORIENTED_EDGE('',*,*,#8262,.T.);
#8262 = EDGE_CURVE('',#8255,#8263,#8265,.T.);
#8263 = VERTEX_POINT('',#8264);
#8264 = CARTESIAN_POINT('',(-2.43,-2.5,13.5));
#8265 = LINE('',#8266,#8267);
#8266 = CARTESIAN_POINT('',(-3.,-2.5,13.5));
#8267 = VECTOR('',#8268,1.);
#8268 = DIRECTION('',(1.,0.,0.));
#8269 = ORIENTED_EDGE('',*,*,#8270,.T.);
#8270 = EDGE_CURVE('',#8263,#8271,#8273,.T.);
#8271 = VERTEX_POINT('',#8272);
#8272 = CARTESIAN_POINT('',(-2.43,-2.5,12.5));
#8273 = LINE('',#8274,#8275);
#8274 = CARTESIAN_POINT('',(-2.43,-2.5,13.85));
#8275 = VECTOR('',#8276,1.);
#8276 = DIRECTION('',(0.,0.,-1.));
#8277 = ORIENTED_EDGE('',*,*,#8278,.T.);
#8278 = EDGE_CURVE('',#8271,#8279,#8281,.T.);
#8279 = VERTEX_POINT('',#8280);
#8280 = CARTESIAN_POINT('',(-3.,-2.5,12.5));
#8281 = LINE('',#8282,#8283);
#8282 = CARTESIAN_POINT('',(-3.,-2.5,12.5));
#8283 = VECTOR('',#8284,1.);
#8284 = DIRECTION('',(-1.,0.,0.));
#8285 = ORIENTED_EDGE('',*,*,#8286,.F.);
#8286 = EDGE_CURVE('',#8287,#8279,#8289,.T.);
#8287 = VERTEX_POINT('',#8288);
#8288 = CARTESIAN_POINT('',(-3.,-2.5,11.45));
#8289 = LINE('',#8290,#8291);
#8290 = CARTESIAN_POINT('',(-3.,-2.5,0.));
#8291 = VECTOR('',#8292,1.);
#8292 = DIRECTION('',(0.,0.,1.));
#8293 = ORIENTED_EDGE('',*,*,#8294,.F.);
#8294 = EDGE_CURVE('',#8295,#8287,#8297,.T.);
#8295 = VERTEX_POINT('',#8296);
#8296 = CARTESIAN_POINT('',(-3.1,-2.5,11.35));
#8297 = LINE('',#8298,#8299);
#8298 = CARTESIAN_POINT('',(-3.05,-2.5,11.4));
#8299 = VECTOR('',#8300,1.);
#8300 = DIRECTION('',(0.707106781187,0.,0.707106781187));
#8301 = ORIENTED_EDGE('',*,*,#8302,.F.);
#8302 = EDGE_CURVE('',#8303,#8295,#8305,.T.);
#8303 = VERTEX_POINT('',#8304);
#8304 = CARTESIAN_POINT('',(-3.1,-2.5,10.75));
#8305 = LINE('',#8306,#8307);
#8306 = CARTESIAN_POINT('',(-3.1,-2.5,0.));
#8307 = VECTOR('',#8308,1.);
#8308 = DIRECTION('',(0.,0.,1.));
#8309 = ORIENTED_EDGE('',*,*,#8310,.T.);
#8310 = EDGE_CURVE('',#8303,#8311,#8313,.T.);
#8311 = VERTEX_POINT('',#8312);
#8312 = CARTESIAN_POINT('',(-2.34,-2.5,10.75));
#8313 = LINE('',#8314,#8315);
#8314 = CARTESIAN_POINT('',(-3.,-2.5,10.75));
#8315 = VECTOR('',#8316,1.);
#8316 = DIRECTION('',(1.,0.,0.));
#8317 = ORIENTED_EDGE('',*,*,#8318,.T.);
#8318 = EDGE_CURVE('',#8311,#8319,#8321,.T.);
#8319 = VERTEX_POINT('',#8320);
#8320 = CARTESIAN_POINT('',(-2.34,-2.5,8.75));
#8321 = LINE('',#8322,#8323);
#8322 = CARTESIAN_POINT('',(-2.34,-2.5,0.));
#8323 = VECTOR('',#8324,1.);
#8324 = DIRECTION('',(0.,0.,-1.));
#8325 = ORIENTED_EDGE('',*,*,#8326,.T.);
#8326 = EDGE_CURVE('',#8319,#8327,#8329,.T.);
#8327 = VERTEX_POINT('',#8328);
#8328 = CARTESIAN_POINT('',(-3.1,-2.5,8.75));
#8329 = LINE('',#8330,#8331);
#8330 = CARTESIAN_POINT('',(-3.,-2.5,8.75));
#8331 = VECTOR('',#8332,1.);
#8332 = DIRECTION('',(-1.,0.,0.));
#8333 = ORIENTED_EDGE('',*,*,#8334,.F.);
#8334 = EDGE_CURVE('',#8121,#8327,#8335,.T.);
#8335 = LINE('',#8336,#8337);
#8336 = CARTESIAN_POINT('',(-3.1,-2.5,0.));
#8337 = VECTOR('',#8338,1.);
#8338 = DIRECTION('',(0.,0.,1.));
#8339 = PLANE('',#8340);
#8340 = AXIS2_PLACEMENT_3D('',#8341,#8342,#8343);
#8341 = CARTESIAN_POINT('',(-3.,-2.5,0.));
#8342 = DIRECTION('',(0.,-1.,0.));
#8343 = DIRECTION('',(0.,0.,-1.));
#8344 = ADVANCED_FACE('',(#8345),#8370,.T.);
#8345 = FACE_BOUND('',#8346,.T.);
#8346 = EDGE_LOOP('',(#8347,#8348,#8356,#8364));
#8347 = ORIENTED_EDGE('',*,*,#8128,.F.);
#8348 = ORIENTED_EDGE('',*,*,#8349,.T.);
#8349 = EDGE_CURVE('',#8119,#8350,#8352,.T.);
#8350 = VERTEX_POINT('',#8351);
#8351 = CARTESIAN_POINT('',(-3.,2.5,8.05));
#8352 = LINE('',#8353,#8354);
#8353 = CARTESIAN_POINT('',(-3.,2.5,8.05));
#8354 = VECTOR('',#8355,1.);
#8355 = DIRECTION('',(0.,1.,0.));
#8356 = ORIENTED_EDGE('',*,*,#8357,.T.);
#8357 = EDGE_CURVE('',#8350,#8358,#8360,.T.);
#8358 = VERTEX_POINT('',#8359);
#8359 = CARTESIAN_POINT('',(-3.,2.5,0.));
#8360 = LINE('',#8361,#8362);
#8361 = CARTESIAN_POINT('',(-3.,2.5,0.));
#8362 = VECTOR('',#8363,1.);
#8363 = DIRECTION('',(-0.,-0.,-1.));
#8364 = ORIENTED_EDGE('',*,*,#8365,.T.);
#8365 = EDGE_CURVE('',#8358,#8129,#8366,.T.);
#8366 = LINE('',#8367,#8368);
#8367 = CARTESIAN_POINT('',(-3.,2.5,0.));
#8368 = VECTOR('',#8369,1.);
#8369 = DIRECTION('',(0.,-1.,0.));
#8370 = PLANE('',#8371);
#8371 = AXIS2_PLACEMENT_3D('',#8372,#8373,#8374);
#8372 = CARTESIAN_POINT('',(-3.,2.5,0.));
#8373 = DIRECTION('',(-1.,0.,0.));
#8374 = DIRECTION('',(0.,0.,1.));
#8375 = ADVANCED_FACE('',(#8376),#8433,.T.);
#8376 = FACE_BOUND('',#8377,.T.);
#8377 = EDGE_LOOP('',(#8378,#8388,#8396,#8404,#8412,#8418,#8419,#8427));
#8378 = ORIENTED_EDGE('',*,*,#8379,.T.);
#8379 = EDGE_CURVE('',#8380,#8382,#8384,.T.);
#8380 = VERTEX_POINT('',#8381);
#8381 = CARTESIAN_POINT('',(-2.34,1.8,10.525));
#8382 = VERTEX_POINT('',#8383);
#8383 = CARTESIAN_POINT('',(-2.34,-1.8,10.525));
#8384 = LINE('',#8385,#8386);
#8385 = CARTESIAN_POINT('',(-2.34,0.,10.525));
#8386 = VECTOR('',#8387,1.);
#8387 = DIRECTION('',(0.,-1.,0.));
#8388 = ORIENTED_EDGE('',*,*,#8389,.T.);
#8389 = EDGE_CURVE('',#8382,#8390,#8392,.T.);
#8390 = VERTEX_POINT('',#8391);
#8391 = CARTESIAN_POINT('',(-2.34,-1.8,8.975));
#8392 = LINE('',#8393,#8394);
#8393 = CARTESIAN_POINT('',(-2.34,-1.8,0.));
#8394 = VECTOR('',#8395,1.);
#8395 = DIRECTION('',(-0.,-0.,-1.));
#8396 = ORIENTED_EDGE('',*,*,#8397,.T.);
#8397 = EDGE_CURVE('',#8390,#8398,#8400,.T.);
#8398 = VERTEX_POINT('',#8399);
#8399 = CARTESIAN_POINT('',(-2.34,1.8,8.975));
#8400 = LINE('',#8401,#8402);
#8401 = CARTESIAN_POINT('',(-2.34,0.,8.975));
#8402 = VECTOR('',#8403,1.);
#8403 = DIRECTION('',(0.,1.,0.));
#8404 = ORIENTED_EDGE('',*,*,#8405,.T.);
#8405 = EDGE_CURVE('',#8398,#8406,#8408,.T.);
#8406 = VERTEX_POINT('',#8407);
#8407 = CARTESIAN_POINT('',(-2.34,1.8,8.75));
#8408 = LINE('',#8409,#8410);
#8409 = CARTESIAN_POINT('',(-2.34,1.8,0.));
#8410 = VECTOR('',#8411,1.);
#8411 = DIRECTION('',(-0.,-0.,-1.));
#8412 = ORIENTED_EDGE('',*,*,#8413,.T.);
#8413 = EDGE_CURVE('',#8406,#8319,#8414,.T.);
#8414 = LINE('',#8415,#8416);
#8415 = CARTESIAN_POINT('',(-2.34,0.,8.75));
#8416 = VECTOR('',#8417,1.);
#8417 = DIRECTION('',(0.,-1.,0.));
#8418 = ORIENTED_EDGE('',*,*,#8318,.F.);
#8419 = ORIENTED_EDGE('',*,*,#8420,.T.);
#8420 = EDGE_CURVE('',#8311,#8421,#8423,.T.);
#8421 = VERTEX_POINT('',#8422);
#8422 = CARTESIAN_POINT('',(-2.34,1.8,10.75));
#8423 = LINE('',#8424,#8425);
#8424 = CARTESIAN_POINT('',(-2.34,0.,10.75));
#8425 = VECTOR('',#8426,1.);
#8426 = DIRECTION('',(0.,1.,0.));
#8427 = ORIENTED_EDGE('',*,*,#8428,.T.);
#8428 = EDGE_CURVE('',#8421,#8380,#8429,.T.);
#8429 = LINE('',#8430,#8431);
#8430 = CARTESIAN_POINT('',(-2.34,1.8,0.));
#8431 = VECTOR('',#8432,1.);
#8432 = DIRECTION('',(-0.,-0.,-1.));
#8433 = PLANE('',#8434);
#8434 = AXIS2_PLACEMENT_3D('',#8435,#8436,#8437);
#8435 = CARTESIAN_POINT('',(-2.34,0.,0.));
#8436 = DIRECTION('',(-1.,0.,0.));
#8437 = DIRECTION('',(0.,0.,1.));
#8438 = ADVANCED_FACE('',(#8439),#8458,.T.);
#8439 = FACE_BOUND('',#8440,.T.);
#8440 = EDGE_LOOP('',(#8441,#8442,#8443,#8444,#8452));
#8441 = ORIENTED_EDGE('',*,*,#8246,.F.);
#8442 = ORIENTED_EDGE('',*,*,#7934,.T.);
#8443 = ORIENTED_EDGE('',*,*,#7588,.T.);
#8444 = ORIENTED_EDGE('',*,*,#8445,.T.);
#8445 = EDGE_CURVE('',#7591,#8446,#8448,.T.);
#8446 = VERTEX_POINT('',#8447);
#8447 = CARTESIAN_POINT('',(-3.,2.5,14.5));
#8448 = LINE('',#8449,#8450);
#8449 = CARTESIAN_POINT('',(0.,2.5,14.5));
#8450 = VECTOR('',#8451,1.);
#8451 = DIRECTION('',(-1.,0.,0.));
#8452 = ORIENTED_EDGE('',*,*,#8453,.T.);
#8453 = EDGE_CURVE('',#8446,#8247,#8454,.T.);
#8454 = LINE('',#8455,#8456);
#8455 = CARTESIAN_POINT('',(-3.,0.,14.5));
#8456 = VECTOR('',#8457,1.);
#8457 = DIRECTION('',(0.,-1.,0.));
#8458 = PLANE('',#8459);
#8459 = AXIS2_PLACEMENT_3D('',#8460,#8461,#8462);
#8460 = CARTESIAN_POINT('',(0.,0.,14.5));
#8461 = DIRECTION('',(0.,0.,1.));
#8462 = DIRECTION('',(1.,0.,-0.));
#8463 = ADVANCED_FACE('',(#8464),#8483,.T.);
#8464 = FACE_BOUND('',#8465,.T.);
#8465 = EDGE_LOOP('',(#8466,#8474,#8475,#8476,#8477));
#8466 = ORIENTED_EDGE('',*,*,#8467,.T.);
#8467 = EDGE_CURVE('',#8468,#7591,#8470,.T.);
#8468 = VERTEX_POINT('',#8469);
#8469 = CARTESIAN_POINT('',(3.,2.5,14.5));
#8470 = LINE('',#8471,#8472);
#8471 = CARTESIAN_POINT('',(0.,2.5,14.5));
#8472 = VECTOR('',#8473,1.);
#8473 = DIRECTION('',(-1.,0.,0.));
#8474 = ORIENTED_EDGE('',*,*,#7614,.T.);
#8475 = ORIENTED_EDGE('',*,*,#7943,.T.);
#8476 = ORIENTED_EDGE('',*,*,#8240,.F.);
#8477 = ORIENTED_EDGE('',*,*,#8478,.T.);
#8478 = EDGE_CURVE('',#8233,#8468,#8479,.T.);
#8479 = LINE('',#8480,#8481);
#8480 = CARTESIAN_POINT('',(3.,0.,14.5));
#8481 = VECTOR('',#8482,1.);
#8482 = DIRECTION('',(0.,1.,0.));
#8483 = PLANE('',#8484);
#8484 = AXIS2_PLACEMENT_3D('',#8485,#8486,#8487);
#8485 = CARTESIAN_POINT('',(0.,0.,14.5));
#8486 = DIRECTION('',(0.,0.,1.));
#8487 = DIRECTION('',(1.,0.,-0.));
#8488 = ADVANCED_FACE('',(#8489),#8578,.F.);
#8489 = FACE_BOUND('',#8490,.T.);
#8490 = EDGE_LOOP('',(#8491,#8501,#8509,#8517,#8523,#8524,#8532,#8540,
    #8548,#8556,#8564,#8572));
#8491 = ORIENTED_EDGE('',*,*,#8492,.F.);
#8492 = EDGE_CURVE('',#8493,#8495,#8497,.T.);
#8493 = VERTEX_POINT('',#8494);
#8494 = CARTESIAN_POINT('',(2.43,2.05,13.95));
#8495 = VERTEX_POINT('',#8496);
#8496 = CARTESIAN_POINT('',(2.43,2.05,13.325));
#8497 = LINE('',#8498,#8499);
#8498 = CARTESIAN_POINT('',(2.43,2.05,13.55));
#8499 = VECTOR('',#8500,1.);
#8500 = DIRECTION('',(-0.,-0.,-1.));
#8501 = ORIENTED_EDGE('',*,*,#8502,.F.);
#8502 = EDGE_CURVE('',#8503,#8493,#8505,.T.);
#8503 = VERTEX_POINT('',#8504);
#8504 = CARTESIAN_POINT('',(2.43,-2.1,13.95));
#8505 = LINE('',#8506,#8507);
#8506 = CARTESIAN_POINT('',(2.43,-2.5,13.95));
#8507 = VECTOR('',#8508,1.);
#8508 = DIRECTION('',(0.,1.,0.));
#8509 = ORIENTED_EDGE('',*,*,#8510,.F.);
#8510 = EDGE_CURVE('',#8511,#8503,#8513,.T.);
#8511 = VERTEX_POINT('',#8512);
#8512 = CARTESIAN_POINT('',(2.43,-2.1,13.55));
#8513 = LINE('',#8514,#8515);
#8514 = CARTESIAN_POINT('',(2.43,-2.1,13.55));
#8515 = VECTOR('',#8516,1.);
#8516 = DIRECTION('',(0.,0.,1.));
#8517 = ORIENTED_EDGE('',*,*,#8518,.T.);
#8518 = EDGE_CURVE('',#8511,#8201,#8519,.T.);
#8519 = LINE('',#8520,#8521);
#8520 = CARTESIAN_POINT('',(2.43,-2.5,13.55));
#8521 = VECTOR('',#8522,1.);
#8522 = DIRECTION('',(0.,-1.,0.));
#8523 = ORIENTED_EDGE('',*,*,#8200,.F.);
#8524 = ORIENTED_EDGE('',*,*,#8525,.T.);
#8525 = EDGE_CURVE('',#8193,#8526,#8528,.T.);
#8526 = VERTEX_POINT('',#8527);
#8527 = CARTESIAN_POINT('',(2.43,-2.1,11.55));
#8528 = LINE('',#8529,#8530);
#8529 = CARTESIAN_POINT('',(2.43,-2.5,11.55));
#8530 = VECTOR('',#8531,1.);
#8531 = DIRECTION('',(0.,1.,0.));
#8532 = ORIENTED_EDGE('',*,*,#8533,.F.);
#8533 = EDGE_CURVE('',#8534,#8526,#8536,.T.);
#8534 = VERTEX_POINT('',#8535);
#8535 = CARTESIAN_POINT('',(2.43,-2.1,11.15));
#8536 = LINE('',#8537,#8538);
#8537 = CARTESIAN_POINT('',(2.43,-2.1,13.55));
#8538 = VECTOR('',#8539,1.);
#8539 = DIRECTION('',(0.,0.,1.));
#8540 = ORIENTED_EDGE('',*,*,#8541,.F.);
#8541 = EDGE_CURVE('',#8542,#8534,#8544,.T.);
#8542 = VERTEX_POINT('',#8543);
#8543 = CARTESIAN_POINT('',(2.43,2.05,11.15));
#8544 = LINE('',#8545,#8546);
#8545 = CARTESIAN_POINT('',(2.43,-2.5,11.15));
#8546 = VECTOR('',#8547,1.);
#8547 = DIRECTION('',(0.,-1.,0.));
#8548 = ORIENTED_EDGE('',*,*,#8549,.F.);
#8549 = EDGE_CURVE('',#8550,#8542,#8552,.T.);
#8550 = VERTEX_POINT('',#8551);
#8551 = CARTESIAN_POINT('',(2.43,2.05,11.775));
#8552 = LINE('',#8553,#8554);
#8553 = CARTESIAN_POINT('',(2.43,2.05,13.55));
#8554 = VECTOR('',#8555,1.);
#8555 = DIRECTION('',(-0.,-0.,-1.));
#8556 = ORIENTED_EDGE('',*,*,#8557,.F.);
#8557 = EDGE_CURVE('',#8558,#8550,#8560,.T.);
#8558 = VERTEX_POINT('',#8559);
#8559 = CARTESIAN_POINT('',(2.43,-1.8,11.775));
#8560 = LINE('',#8561,#8562);
#8561 = CARTESIAN_POINT('',(2.43,-2.5,11.775));
#8562 = VECTOR('',#8563,1.);
#8563 = DIRECTION('',(0.,1.,0.));
#8564 = ORIENTED_EDGE('',*,*,#8565,.F.);
#8565 = EDGE_CURVE('',#8566,#8558,#8568,.T.);
#8566 = VERTEX_POINT('',#8567);
#8567 = CARTESIAN_POINT('',(2.43,-1.8,13.325));
#8568 = LINE('',#8569,#8570);
#8569 = CARTESIAN_POINT('',(2.43,-1.8,13.55));
#8570 = VECTOR('',#8571,1.);
#8571 = DIRECTION('',(-0.,-0.,-1.));
#8572 = ORIENTED_EDGE('',*,*,#8573,.F.);
#8573 = EDGE_CURVE('',#8495,#8566,#8574,.T.);
#8574 = LINE('',#8575,#8576);
#8575 = CARTESIAN_POINT('',(2.43,-2.5,13.325));
#8576 = VECTOR('',#8577,1.);
#8577 = DIRECTION('',(0.,-1.,0.));
#8578 = PLANE('',#8579);
#8579 = AXIS2_PLACEMENT_3D('',#8580,#8581,#8582);
#8580 = CARTESIAN_POINT('',(2.43,-2.5,13.55));
#8581 = DIRECTION('',(-1.,0.,0.));
#8582 = DIRECTION('',(0.,0.,1.));
#8583 = ADVANCED_FACE('',(#8584),#8657,.T.);
#8584 = FACE_BOUND('',#8585,.T.);
#8585 = EDGE_LOOP('',(#8586,#8596,#8602,#8603,#8611,#8619,#8627,#8635,
    #8643,#8651));
#8586 = ORIENTED_EDGE('',*,*,#8587,.T.);
#8587 = EDGE_CURVE('',#8588,#8590,#8592,.T.);
#8588 = VERTEX_POINT('',#8589);
#8589 = CARTESIAN_POINT('',(3.,2.5,4.2));
#8590 = VERTEX_POINT('',#8591);
#8591 = CARTESIAN_POINT('',(3.,2.5,10.85));
#8592 = LINE('',#8593,#8594);
#8593 = CARTESIAN_POINT('',(3.,2.5,0.));
#8594 = VECTOR('',#8595,1.);
#8595 = DIRECTION('',(0.,0.,1.));
#8596 = ORIENTED_EDGE('',*,*,#8597,.T.);
#8597 = EDGE_CURVE('',#8590,#8169,#8598,.T.);
#8598 = LINE('',#8599,#8600);
#8599 = CARTESIAN_POINT('',(3.,-2.5,10.85));
#8600 = VECTOR('',#8601,1.);
#8601 = DIRECTION('',(0.,-1.,0.));
#8602 = ORIENTED_EDGE('',*,*,#8168,.F.);
#8603 = ORIENTED_EDGE('',*,*,#8604,.T.);
#8604 = EDGE_CURVE('',#8161,#8605,#8607,.T.);
#8605 = VERTEX_POINT('',#8606);
#8606 = CARTESIAN_POINT('',(3.,-2.2,3.75));
#8607 = LINE('',#8608,#8609);
#8608 = CARTESIAN_POINT('',(3.,-2.5,3.75));
#8609 = VECTOR('',#8610,1.);
#8610 = DIRECTION('',(0.,1.,0.));
#8611 = ORIENTED_EDGE('',*,*,#8612,.T.);
#8612 = EDGE_CURVE('',#8605,#8613,#8615,.T.);
#8613 = VERTEX_POINT('',#8614);
#8614 = CARTESIAN_POINT('',(3.,-2.2,0.));
#8615 = LINE('',#8616,#8617);
#8616 = CARTESIAN_POINT('',(3.,-2.2,0.));
#8617 = VECTOR('',#8618,1.);
#8618 = DIRECTION('',(0.,0.,-1.));
#8619 = ORIENTED_EDGE('',*,*,#8620,.T.);
#8620 = EDGE_CURVE('',#8613,#8621,#8623,.T.);
#8621 = VERTEX_POINT('',#8622);
#8622 = CARTESIAN_POINT('',(3.,2.5,0.));
#8623 = LINE('',#8624,#8625);
#8624 = CARTESIAN_POINT('',(3.,-2.5,0.));
#8625 = VECTOR('',#8626,1.);
#8626 = DIRECTION('',(0.,1.,0.));
#8627 = ORIENTED_EDGE('',*,*,#8628,.T.);
#8628 = EDGE_CURVE('',#8621,#8629,#8631,.T.);
#8629 = VERTEX_POINT('',#8630);
#8630 = CARTESIAN_POINT('',(3.,2.5,3.));
#8631 = LINE('',#8632,#8633);
#8632 = CARTESIAN_POINT('',(3.,2.5,0.));
#8633 = VECTOR('',#8634,1.);
#8634 = DIRECTION('',(0.,0.,1.));
#8635 = ORIENTED_EDGE('',*,*,#8636,.T.);
#8636 = EDGE_CURVE('',#8629,#8637,#8639,.T.);
#8637 = VERTEX_POINT('',#8638);
#8638 = CARTESIAN_POINT('',(3.,1.95,3.));
#8639 = LINE('',#8640,#8641);
#8640 = CARTESIAN_POINT('',(3.,-2.5,3.));
#8641 = VECTOR('',#8642,1.);
#8642 = DIRECTION('',(0.,-1.,0.));
#8643 = ORIENTED_EDGE('',*,*,#8644,.T.);
#8644 = EDGE_CURVE('',#8637,#8645,#8647,.T.);
#8645 = VERTEX_POINT('',#8646);
#8646 = CARTESIAN_POINT('',(3.,1.95,4.2));
#8647 = LINE('',#8648,#8649);
#8648 = CARTESIAN_POINT('',(3.,1.95,0.));
#8649 = VECTOR('',#8650,1.);
#8650 = DIRECTION('',(0.,0.,1.));
#8651 = ORIENTED_EDGE('',*,*,#8652,.T.);
#8652 = EDGE_CURVE('',#8645,#8588,#8653,.T.);
#8653 = LINE('',#8654,#8655);
#8654 = CARTESIAN_POINT('',(3.,-2.5,4.2));
#8655 = VECTOR('',#8656,1.);
#8656 = DIRECTION('',(0.,1.,0.));
#8657 = PLANE('',#8658);
#8658 = AXIS2_PLACEMENT_3D('',#8659,#8660,#8661);
#8659 = CARTESIAN_POINT('',(3.,-2.5,0.));
#8660 = DIRECTION('',(1.,0.,0.));
#8661 = DIRECTION('',(0.,0.,-1.));
#8662 = ADVANCED_FACE('',(#8663),#8705,.T.);
#8663 = FACE_BOUND('',#8664,.T.);
#8664 = EDGE_LOOP('',(#8665,#8673,#8681,#8689,#8697,#8703,#8704));
#8665 = ORIENTED_EDGE('',*,*,#8666,.T.);
#8666 = EDGE_CURVE('',#8153,#8667,#8669,.T.);
#8667 = VERTEX_POINT('',#8668);
#8668 = CARTESIAN_POINT('',(2.18,-2.25,3.75));
#8669 = LINE('',#8670,#8671);
#8670 = CARTESIAN_POINT('',(2.18,0.,3.75));
#8671 = VECTOR('',#8672,1.);
#8672 = DIRECTION('',(0.,1.,0.));
#8673 = ORIENTED_EDGE('',*,*,#8674,.T.);
#8674 = EDGE_CURVE('',#8667,#8675,#8677,.T.);
#8675 = VERTEX_POINT('',#8676);
#8676 = CARTESIAN_POINT('',(2.45,-2.25,3.75));
#8677 = LINE('',#8678,#8679);
#8678 = CARTESIAN_POINT('',(0.,-2.25,3.75));
#8679 = VECTOR('',#8680,1.);
#8680 = DIRECTION('',(1.,0.,0.));
#8681 = ORIENTED_EDGE('',*,*,#8682,.T.);
#8682 = EDGE_CURVE('',#8675,#8683,#8685,.T.);
#8683 = VERTEX_POINT('',#8684);
#8684 = CARTESIAN_POINT('',(2.45,-1.9,3.75));
#8685 = LINE('',#8686,#8687);
#8686 = CARTESIAN_POINT('',(2.45,1.95,3.75));
#8687 = VECTOR('',#8688,1.);
#8688 = DIRECTION('',(0.,1.,0.));
#8689 = ORIENTED_EDGE('',*,*,#8690,.F.);
#8690 = EDGE_CURVE('',#8691,#8683,#8693,.T.);
#8691 = VERTEX_POINT('',#8692);
#8692 = CARTESIAN_POINT('',(2.75,-2.2,3.75));
#8693 = LINE('',#8694,#8695);
#8694 = CARTESIAN_POINT('',(2.6,-2.05,3.75));
#8695 = VECTOR('',#8696,1.);
#8696 = DIRECTION('',(-0.707106781187,0.707106781187,0.));
#8697 = ORIENTED_EDGE('',*,*,#8698,.T.);
#8698 = EDGE_CURVE('',#8691,#8605,#8699,.T.);
#8699 = LINE('',#8700,#8701);
#8700 = CARTESIAN_POINT('',(0.,-2.2,3.75));
#8701 = VECTOR('',#8702,1.);
#8702 = DIRECTION('',(1.,0.,0.));
#8703 = ORIENTED_EDGE('',*,*,#8604,.F.);
#8704 = ORIENTED_EDGE('',*,*,#8160,.F.);
#8705 = PLANE('',#8706);
#8706 = AXIS2_PLACEMENT_3D('',#8707,#8708,#8709);
#8707 = CARTESIAN_POINT('',(0.,0.,3.75));
#8708 = DIRECTION('',(0.,0.,-1.));
#8709 = DIRECTION('',(-1.,0.,0.));
#8710 = ADVANCED_FACE('',(#8711),#8769,.F.);
#8711 = FACE_BOUND('',#8712,.T.);
#8712 = EDGE_LOOP('',(#8713,#8723,#8729,#8730,#8731,#8739,#8747,#8755,
    #8763));
#8713 = ORIENTED_EDGE('',*,*,#8714,.F.);
#8714 = EDGE_CURVE('',#8715,#8717,#8719,.T.);
#8715 = VERTEX_POINT('',#8716);
#8716 = CARTESIAN_POINT('',(2.18,-2.05,3.95));
#8717 = VERTEX_POINT('',#8718);
#8718 = CARTESIAN_POINT('',(2.18,-2.05,10.7));
#8719 = LINE('',#8720,#8721);
#8720 = CARTESIAN_POINT('',(2.18,-2.05,0.));
#8721 = VECTOR('',#8722,1.);
#8722 = DIRECTION('',(0.,0.,1.));
#8723 = ORIENTED_EDGE('',*,*,#8724,.F.);
#8724 = EDGE_CURVE('',#8667,#8715,#8725,.T.);
#8725 = LINE('',#8726,#8727);
#8726 = CARTESIAN_POINT('',(2.18,-2.25,3.75));
#8727 = VECTOR('',#8728,1.);
#8728 = DIRECTION('',(0.,0.707106781187,0.707106781187));
#8729 = ORIENTED_EDGE('',*,*,#8666,.F.);
#8730 = ORIENTED_EDGE('',*,*,#8152,.F.);
#8731 = ORIENTED_EDGE('',*,*,#8732,.F.);
#8732 = EDGE_CURVE('',#8733,#8145,#8735,.T.);
#8733 = VERTEX_POINT('',#8734);
#8734 = CARTESIAN_POINT('',(2.18,-1.300000000007,0.2));
#8735 = LINE('',#8736,#8737);
#8736 = CARTESIAN_POINT('',(2.18,-2.05,0.2));
#8737 = VECTOR('',#8738,1.);
#8738 = DIRECTION('',(0.,-1.,0.));
#8739 = ORIENTED_EDGE('',*,*,#8740,.F.);
#8740 = EDGE_CURVE('',#8741,#8733,#8743,.T.);
#8741 = VERTEX_POINT('',#8742);
#8742 = CARTESIAN_POINT('',(2.18,-1.3,9.2));
#8743 = LINE('',#8744,#8745);
#8744 = CARTESIAN_POINT('',(2.18,-1.300000000028,0.));
#8745 = VECTOR('',#8746,1.);
#8746 = DIRECTION('',(-0.,-0.,-1.));
#8747 = ORIENTED_EDGE('',*,*,#8748,.F.);
#8748 = EDGE_CURVE('',#8749,#8741,#8751,.T.);
#8749 = VERTEX_POINT('',#8750);
#8750 = CARTESIAN_POINT('',(2.18,-0.5,9.2));
#8751 = LINE('',#8752,#8753);
#8752 = CARTESIAN_POINT('',(2.18,-2.05,9.2));
#8753 = VECTOR('',#8754,1.);
#8754 = DIRECTION('',(0.,-1.,0.));
#8755 = ORIENTED_EDGE('',*,*,#8756,.F.);
#8756 = EDGE_CURVE('',#8757,#8749,#8759,.T.);
#8757 = VERTEX_POINT('',#8758);
#8758 = CARTESIAN_POINT('',(2.18,-0.5,10.7));
#8759 = LINE('',#8760,#8761);
#8760 = CARTESIAN_POINT('',(2.18,-0.5,0.));
#8761 = VECTOR('',#8762,1.);
#8762 = DIRECTION('',(-0.,-0.,-1.));
#8763 = ORIENTED_EDGE('',*,*,#8764,.F.);
#8764 = EDGE_CURVE('',#8717,#8757,#8765,.T.);
#8765 = LINE('',#8766,#8767);
#8766 = CARTESIAN_POINT('',(2.18,0.,10.7));
#8767 = VECTOR('',#8768,1.);
#8768 = DIRECTION('',(0.,1.,0.));
#8769 = PLANE('',#8770);
#8770 = AXIS2_PLACEMENT_3D('',#8771,#8772,#8773);
#8771 = CARTESIAN_POINT('',(2.18,-2.05,0.));
#8772 = DIRECTION('',(-1.,0.,0.));
#8773 = DIRECTION('',(0.,0.,1.));
#8774 = ADVANCED_FACE('',(#8775),#8793,.T.);
#8775 = FACE_BOUND('',#8776,.T.);
#8776 = EDGE_LOOP('',(#8777,#8785,#8791,#8792));
#8777 = ORIENTED_EDGE('',*,*,#8778,.T.);
#8778 = EDGE_CURVE('',#8137,#8779,#8781,.T.);
#8779 = VERTEX_POINT('',#8780);
#8780 = CARTESIAN_POINT('',(1.98,-1.3,-5.92923063078E-17));
#8781 = LINE('',#8782,#8783);
#8782 = CARTESIAN_POINT('',(1.98,-1.9,-2.168404344971E-16));
#8783 = VECTOR('',#8784,1.);
#8784 = DIRECTION('',(0.,1.,0.));
#8785 = ORIENTED_EDGE('',*,*,#8786,.T.);
#8786 = EDGE_CURVE('',#8779,#8733,#8787,.T.);
#8787 = LINE('',#8788,#8789);
#8788 = CARTESIAN_POINT('',(2.08,-1.3,1.E-01));
#8789 = VECTOR('',#8790,1.);
#8790 = DIRECTION('',(0.707106781187,0.,0.707106781187));
#8791 = ORIENTED_EDGE('',*,*,#8732,.T.);
#8792 = ORIENTED_EDGE('',*,*,#8144,.F.);
#8793 = PLANE('',#8794);
#8794 = AXIS2_PLACEMENT_3D('',#8795,#8796,#8797);
#8795 = CARTESIAN_POINT('',(2.08,-1.9,1.E-01));
#8796 = DIRECTION('',(0.707106781187,0.,-0.707106781187));
#8797 = DIRECTION('',(-0.707106781187,0.,-0.707106781187));
#8798 = ADVANCED_FACE('',(#8799),#8937,.F.);
#8799 = FACE_BOUND('',#8800,.T.);
#8800 = EDGE_LOOP('',(#8801,#8811,#8819,#8825,#8826,#8827,#8828,#8834,
    #8835,#8843,#8851,#8859,#8867,#8875,#8883,#8891,#8899,#8907,#8915,
    #8923,#8931));
#8801 = ORIENTED_EDGE('',*,*,#8802,.F.);
#8802 = EDGE_CURVE('',#8803,#8805,#8807,.T.);
#8803 = VERTEX_POINT('',#8804);
#8804 = CARTESIAN_POINT('',(1.25,-2.2,-3.049318610115E-17));
#8805 = VERTEX_POINT('',#8806);
#8806 = CARTESIAN_POINT('',(-2.75,-2.2,-1.129377263006E-18));
#8807 = LINE('',#8808,#8809);
#8808 = CARTESIAN_POINT('',(0.,-2.2,0.));
#8809 = VECTOR('',#8810,1.);
#8810 = DIRECTION('',(-1.,0.,0.));
#8811 = ORIENTED_EDGE('',*,*,#8812,.F.);
#8812 = EDGE_CURVE('',#8813,#8803,#8815,.T.);
#8813 = VERTEX_POINT('',#8814);
#8814 = CARTESIAN_POINT('',(1.25,-1.3,-1.694065894509E-18));
#8815 = LINE('',#8816,#8817);
#8816 = CARTESIAN_POINT('',(1.25,0.,0.));
#8817 = VECTOR('',#8818,1.);
#8818 = DIRECTION('',(0.,-1.,0.));
#8819 = ORIENTED_EDGE('',*,*,#8820,.F.);
#8820 = EDGE_CURVE('',#8779,#8813,#8821,.T.);
#8821 = LINE('',#8822,#8823);
#8822 = CARTESIAN_POINT('',(0.,-1.3,0.));
#8823 = VECTOR('',#8824,1.);
#8824 = DIRECTION('',(-1.,0.,0.));
#8825 = ORIENTED_EDGE('',*,*,#8778,.F.);
#8826 = ORIENTED_EDGE('',*,*,#8136,.F.);
#8827 = ORIENTED_EDGE('',*,*,#8365,.F.);
#8828 = ORIENTED_EDGE('',*,*,#8829,.F.);
#8829 = EDGE_CURVE('',#8621,#8358,#8830,.T.);
#8830 = LINE('',#8831,#8832);
#8831 = CARTESIAN_POINT('',(0.,2.5,0.));
#8832 = VECTOR('',#8833,1.);
#8833 = DIRECTION('',(-1.,0.,0.));
#8834 = ORIENTED_EDGE('',*,*,#8620,.F.);
#8835 = ORIENTED_EDGE('',*,*,#8836,.F.);
#8836 = EDGE_CURVE('',#8837,#8613,#8839,.T.);
#8837 = VERTEX_POINT('',#8838);
#8838 = CARTESIAN_POINT('',(2.75,-2.2,-6.505213034913E-16));
#8839 = LINE('',#8840,#8841);
#8840 = CARTESIAN_POINT('',(0.,-2.2,0.));
#8841 = VECTOR('',#8842,1.);
#8842 = DIRECTION('',(1.,0.,0.));
#8843 = ORIENTED_EDGE('',*,*,#8844,.F.);
#8844 = EDGE_CURVE('',#8845,#8837,#8847,.T.);
#8845 = VERTEX_POINT('',#8846);
#8846 = CARTESIAN_POINT('',(2.65,-2.1,-4.743384504624E-16));
#8847 = LINE('',#8848,#8849);
#8848 = CARTESIAN_POINT('',(2.6,-2.05,-8.673617379884E-16));
#8849 = VECTOR('',#8850,1.);
#8850 = DIRECTION('',(0.707106781187,-0.707106781187,0.));
#8851 = ORIENTED_EDGE('',*,*,#8852,.F.);
#8852 = EDGE_CURVE('',#8853,#8845,#8855,.T.);
#8853 = VERTEX_POINT('',#8854);
#8854 = CARTESIAN_POINT('',(2.65,2.15,-2.134523027081E-16));
#8855 = LINE('',#8856,#8857);
#8856 = CARTESIAN_POINT('',(2.65,0.,0.));
#8857 = VECTOR('',#8858,1.);
#8858 = DIRECTION('',(0.,-1.,0.));
#8859 = ORIENTED_EDGE('',*,*,#8860,.F.);
#8860 = EDGE_CURVE('',#8861,#8853,#8863,.T.);
#8861 = VERTEX_POINT('',#8862);
#8862 = CARTESIAN_POINT('',(1.98,2.15,-1.558540622948E-16));
#8863 = LINE('',#8864,#8865);
#8864 = CARTESIAN_POINT('',(0.,2.15,0.));
#8865 = VECTOR('',#8866,1.);
#8866 = DIRECTION('',(1.,0.,0.));
#8867 = ORIENTED_EDGE('',*,*,#8868,.F.);
#8868 = EDGE_CURVE('',#8869,#8861,#8871,.T.);
#8869 = VERTEX_POINT('',#8870);
#8870 = CARTESIAN_POINT('',(1.98,1.3,-9.035018104046E-18));
#8871 = LINE('',#8872,#8873);
#8872 = CARTESIAN_POINT('',(1.98,0.,0.));
#8873 = VECTOR('',#8874,1.);
#8874 = DIRECTION('',(0.,1.,0.));
#8875 = ORIENTED_EDGE('',*,*,#8876,.T.);
#8876 = EDGE_CURVE('',#8869,#8877,#8879,.T.);
#8877 = VERTEX_POINT('',#8878);
#8878 = CARTESIAN_POINT('',(1.25,1.3,0.));
#8879 = LINE('',#8880,#8881);
#8880 = CARTESIAN_POINT('',(0.68,1.3,0.));
#8881 = VECTOR('',#8882,1.);
#8882 = DIRECTION('',(-1.,-0.,-0.));
#8883 = ORIENTED_EDGE('',*,*,#8884,.F.);
#8884 = EDGE_CURVE('',#8885,#8877,#8887,.T.);
#8885 = VERTEX_POINT('',#8886);
#8886 = CARTESIAN_POINT('',(1.25,2.2,1.247961875621E-16));
#8887 = LINE('',#8888,#8889);
#8888 = CARTESIAN_POINT('',(1.25,0.,0.));
#8889 = VECTOR('',#8890,1.);
#8890 = DIRECTION('',(0.,-1.,0.));
#8891 = ORIENTED_EDGE('',*,*,#8892,.F.);
#8892 = EDGE_CURVE('',#8893,#8885,#8895,.T.);
#8893 = VERTEX_POINT('',#8894);
#8894 = CARTESIAN_POINT('',(-0.85,2.2,3.557538378468E-17));
#8895 = LINE('',#8896,#8897);
#8896 = CARTESIAN_POINT('',(0.,2.2,0.));
#8897 = VECTOR('',#8898,1.);
#8898 = DIRECTION('',(1.,0.,0.));
#8899 = ORIENTED_EDGE('',*,*,#8900,.F.);
#8900 = EDGE_CURVE('',#8901,#8893,#8903,.T.);
#8901 = VERTEX_POINT('',#8902);
#8902 = CARTESIAN_POINT('',(-0.85,1.6,0.));
#8903 = LINE('',#8904,#8905);
#8904 = CARTESIAN_POINT('',(-0.85,0.,0.));
#8905 = VECTOR('',#8906,1.);
#8906 = DIRECTION('',(0.,1.,0.));
#8907 = ORIENTED_EDGE('',*,*,#8908,.T.);
#8908 = EDGE_CURVE('',#8901,#8909,#8911,.T.);
#8909 = VERTEX_POINT('',#8910);
#8910 = CARTESIAN_POINT('',(-1.85,1.6,0.));
#8911 = LINE('',#8912,#8913);
#8912 = CARTESIAN_POINT('',(-2.55,1.6,0.));
#8913 = VECTOR('',#8914,1.);
#8914 = DIRECTION('',(-1.,-0.,-0.));
#8915 = ORIENTED_EDGE('',*,*,#8916,.F.);
#8916 = EDGE_CURVE('',#8917,#8909,#8919,.T.);
#8917 = VERTEX_POINT('',#8918);
#8918 = CARTESIAN_POINT('',(-1.85,2.2,6.776263578034E-17));
#8919 = LINE('',#8920,#8921);
#8920 = CARTESIAN_POINT('',(-1.85,0.,0.));
#8921 = VECTOR('',#8922,1.);
#8922 = DIRECTION('',(0.,-1.,0.));
#8923 = ORIENTED_EDGE('',*,*,#8924,.F.);
#8924 = EDGE_CURVE('',#8925,#8917,#8927,.T.);
#8925 = VERTEX_POINT('',#8926);
#8926 = CARTESIAN_POINT('',(-2.75,2.2,-2.661854047643E-17));
#8927 = LINE('',#8928,#8929);
#8928 = CARTESIAN_POINT('',(0.,2.2,0.));
#8929 = VECTOR('',#8930,1.);
#8930 = DIRECTION('',(1.,0.,0.));
#8931 = ORIENTED_EDGE('',*,*,#8932,.F.);
#8932 = EDGE_CURVE('',#8805,#8925,#8933,.T.);
#8933 = LINE('',#8934,#8935);
#8934 = CARTESIAN_POINT('',(-2.75,0.,0.));
#8935 = VECTOR('',#8936,1.);
#8936 = DIRECTION('',(0.,1.,0.));
#8937 = PLANE('',#8938);
#8938 = AXIS2_PLACEMENT_3D('',#8939,#8940,#8941);
#8939 = CARTESIAN_POINT('',(0.,0.,0.));
#8940 = DIRECTION('',(0.,0.,1.));
#8941 = DIRECTION('',(1.,0.,-0.));
#8942 = ADVANCED_FACE('',(#8943),#8961,.T.);
#8943 = FACE_BOUND('',#8944,.T.);
#8944 = EDGE_LOOP('',(#8945,#8953,#8954,#8955));
#8945 = ORIENTED_EDGE('',*,*,#8946,.T.);
#8946 = EDGE_CURVE('',#8947,#8350,#8949,.T.);
#8947 = VERTEX_POINT('',#8948);
#8948 = CARTESIAN_POINT('',(-3.1,2.5,8.15));
#8949 = LINE('',#8950,#8951);
#8950 = CARTESIAN_POINT('',(-3.05,2.5,8.1));
#8951 = VECTOR('',#8952,1.);
#8952 = DIRECTION('',(0.707106781187,0.,-0.707106781187));
#8953 = ORIENTED_EDGE('',*,*,#8349,.F.);
#8954 = ORIENTED_EDGE('',*,*,#8118,.T.);
#8955 = ORIENTED_EDGE('',*,*,#8956,.T.);
#8956 = EDGE_CURVE('',#8121,#8947,#8957,.T.);
#8957 = LINE('',#8958,#8959);
#8958 = CARTESIAN_POINT('',(-3.1,0.,8.15));
#8959 = VECTOR('',#8960,1.);
#8960 = DIRECTION('',(0.,1.,0.));
#8961 = PLANE('',#8962);
#8962 = AXIS2_PLACEMENT_3D('',#8963,#8964,#8965);
#8963 = CARTESIAN_POINT('',(-3.05,0.,8.1));
#8964 = DIRECTION('',(-0.707106781187,0.,-0.707106781187));
#8965 = DIRECTION('',(-0.707106781187,0.,0.707106781187));
#8966 = ADVANCED_FACE('',(#8967,#9033,#9067,#9101),#9403,.T.);
#8967 = FACE_BOUND('',#8968,.T.);
#8968 = EDGE_LOOP('',(#8969,#8979,#8987,#8995,#9003,#9011,#9019,#9027));
#8969 = ORIENTED_EDGE('',*,*,#8970,.T.);
#8970 = EDGE_CURVE('',#8971,#8973,#8975,.T.);
#8971 = VERTEX_POINT('',#8972);
#8972 = CARTESIAN_POINT('',(1.8,2.5,11.775));
#8973 = VERTEX_POINT('',#8974);
#8974 = CARTESIAN_POINT('',(1.8,2.5,11.));
#8975 = LINE('',#8976,#8977);
#8976 = CARTESIAN_POINT('',(1.8,2.5,0.));
#8977 = VECTOR('',#8978,1.);
#8978 = DIRECTION('',(0.,0.,-1.));
#8979 = ORIENTED_EDGE('',*,*,#8980,.T.);
#8980 = EDGE_CURVE('',#8973,#8981,#8983,.T.);
#8981 = VERTEX_POINT('',#8982);
#8982 = CARTESIAN_POINT('',(2.8,2.5,11.));
#8983 = LINE('',#8984,#8985);
#8984 = CARTESIAN_POINT('',(3.,2.5,11.));
#8985 = VECTOR('',#8986,1.);
#8986 = DIRECTION('',(1.,0.,0.));
#8987 = ORIENTED_EDGE('',*,*,#8988,.T.);
#8988 = EDGE_CURVE('',#8981,#8989,#8991,.T.);
#8989 = VERTEX_POINT('',#8990);
#8990 = CARTESIAN_POINT('',(2.8,2.5,14.1));
#8991 = LINE('',#8992,#8993);
#8992 = CARTESIAN_POINT('',(2.8,2.5,0.));
#8993 = VECTOR('',#8994,1.);
#8994 = DIRECTION('',(0.,0.,1.));
#8995 = ORIENTED_EDGE('',*,*,#8996,.T.);
#8996 = EDGE_CURVE('',#8989,#8997,#8999,.T.);
#8997 = VERTEX_POINT('',#8998);
#8998 = CARTESIAN_POINT('',(1.8,2.5,14.1));
#8999 = LINE('',#9000,#9001);
#9000 = CARTESIAN_POINT('',(3.,2.5,14.1));
#9001 = VECTOR('',#9002,1.);
#9002 = DIRECTION('',(-1.,0.,0.));
#9003 = ORIENTED_EDGE('',*,*,#9004,.T.);
#9004 = EDGE_CURVE('',#8997,#9005,#9007,.T.);
#9005 = VERTEX_POINT('',#9006);
#9006 = CARTESIAN_POINT('',(1.8,2.5,13.325));
#9007 = LINE('',#9008,#9009);
#9008 = CARTESIAN_POINT('',(1.8,2.5,0.));
#9009 = VECTOR('',#9010,1.);
#9010 = DIRECTION('',(0.,0.,-1.));
#9011 = ORIENTED_EDGE('',*,*,#9012,.T.);
#9012 = EDGE_CURVE('',#9005,#9013,#9015,.T.);
#9013 = VERTEX_POINT('',#9014);
#9014 = CARTESIAN_POINT('',(1.15,2.5,13.325));
#9015 = LINE('',#9016,#9017);
#9016 = CARTESIAN_POINT('',(3.,2.5,13.325));
#9017 = VECTOR('',#9018,1.);
#9018 = DIRECTION('',(-1.,0.,0.));
#9019 = ORIENTED_EDGE('',*,*,#9020,.T.);
#9020 = EDGE_CURVE('',#9013,#9021,#9023,.T.);
#9021 = VERTEX_POINT('',#9022);
#9022 = CARTESIAN_POINT('',(1.15,2.5,11.775));
#9023 = LINE('',#9024,#9025);
#9024 = CARTESIAN_POINT('',(1.15,2.5,0.));
#9025 = VECTOR('',#9026,1.);
#9026 = DIRECTION('',(0.,0.,-1.));
#9027 = ORIENTED_EDGE('',*,*,#9028,.T.);
#9028 = EDGE_CURVE('',#9021,#8971,#9029,.T.);
#9029 = LINE('',#9030,#9031);
#9030 = CARTESIAN_POINT('',(3.,2.5,11.775));
#9031 = VECTOR('',#9032,1.);
#9032 = DIRECTION('',(1.,0.,0.));
#9033 = FACE_BOUND('',#9034,.T.);
#9034 = EDGE_LOOP('',(#9035,#9045,#9053,#9061));
#9035 = ORIENTED_EDGE('',*,*,#9036,.T.);
#9036 = EDGE_CURVE('',#9037,#9039,#9041,.T.);
#9037 = VERTEX_POINT('',#9038);
#9038 = CARTESIAN_POINT('',(1.14,2.5,2.));
#9039 = VERTEX_POINT('',#9040);
#9040 = CARTESIAN_POINT('',(1.14,2.5,3.2));
#9041 = LINE('',#9042,#9043);
#9042 = CARTESIAN_POINT('',(1.14,2.5,0.));
#9043 = VECTOR('',#9044,1.);
#9044 = DIRECTION('',(0.,0.,1.));
#9045 = ORIENTED_EDGE('',*,*,#9046,.T.);
#9046 = EDGE_CURVE('',#9039,#9047,#9049,.T.);
#9047 = VERTEX_POINT('',#9048);
#9048 = CARTESIAN_POINT('',(0.64,2.5,3.2));
#9049 = LINE('',#9050,#9051);
#9050 = CARTESIAN_POINT('',(3.,2.5,3.2));
#9051 = VECTOR('',#9052,1.);
#9052 = DIRECTION('',(-1.,0.,0.));
#9053 = ORIENTED_EDGE('',*,*,#9054,.T.);
#9054 = EDGE_CURVE('',#9047,#9055,#9057,.T.);
#9055 = VERTEX_POINT('',#9056);
#9056 = CARTESIAN_POINT('',(0.64,2.5,2.));
#9057 = LINE('',#9058,#9059);
#9058 = CARTESIAN_POINT('',(0.64,2.5,0.));
#9059 = VECTOR('',#9060,1.);
#9060 = DIRECTION('',(0.,0.,-1.));
#9061 = ORIENTED_EDGE('',*,*,#9062,.T.);
#9062 = EDGE_CURVE('',#9055,#9037,#9063,.T.);
#9063 = LINE('',#9064,#9065);
#9064 = CARTESIAN_POINT('',(3.,2.5,2.));
#9065 = VECTOR('',#9066,1.);
#9066 = DIRECTION('',(1.,0.,0.));
#9067 = FACE_BOUND('',#9068,.T.);
#9068 = EDGE_LOOP('',(#9069,#9079,#9087,#9095));
#9069 = ORIENTED_EDGE('',*,*,#9070,.T.);
#9070 = EDGE_CURVE('',#9071,#9073,#9075,.T.);
#9071 = VERTEX_POINT('',#9072);
#9072 = CARTESIAN_POINT('',(-2.125,2.5,2.));
#9073 = VERTEX_POINT('',#9074);
#9074 = CARTESIAN_POINT('',(-2.125,2.5,3.2));
#9075 = LINE('',#9076,#9077);
#9076 = CARTESIAN_POINT('',(-2.125,2.5,0.));
#9077 = VECTOR('',#9078,1.);
#9078 = DIRECTION('',(0.,0.,1.));
#9079 = ORIENTED_EDGE('',*,*,#9080,.T.);
#9080 = EDGE_CURVE('',#9073,#9081,#9083,.T.);
#9081 = VERTEX_POINT('',#9082);
#9082 = CARTESIAN_POINT('',(-2.625,2.5,3.2));
#9083 = LINE('',#9084,#9085);
#9084 = CARTESIAN_POINT('',(3.,2.5,3.2));
#9085 = VECTOR('',#9086,1.);
#9086 = DIRECTION('',(-1.,0.,0.));
#9087 = ORIENTED_EDGE('',*,*,#9088,.T.);
#9088 = EDGE_CURVE('',#9081,#9089,#9091,.T.);
#9089 = VERTEX_POINT('',#9090);
#9090 = CARTESIAN_POINT('',(-2.625,2.5,2.));
#9091 = LINE('',#9092,#9093);
#9092 = CARTESIAN_POINT('',(-2.625,2.5,0.));
#9093 = VECTOR('',#9094,1.);
#9094 = DIRECTION('',(0.,0.,-1.));
#9095 = ORIENTED_EDGE('',*,*,#9096,.T.);
#9096 = EDGE_CURVE('',#9089,#9071,#9097,.T.);
#9097 = LINE('',#9098,#9099);
#9098 = CARTESIAN_POINT('',(3.,2.5,2.));
#9099 = VECTOR('',#9100,1.);
#9100 = DIRECTION('',(1.,0.,0.));
#9101 = FACE_BOUND('',#9102,.T.);
#9102 = EDGE_LOOP('',(#9103,#9104,#9112,#9120,#9128,#9136,#9144,#9152,
    #9160,#9168,#9176,#9184,#9193,#9201,#9209,#9217,#9225,#9233,#9241,
    #9249,#9257,#9265,#9273,#9281,#9290,#9298,#9307,#9315,#9323,#9331,
    #9339,#9345,#9346,#9347,#9355,#9363,#9371,#9377,#9378,#9386,#9394,
    #9400,#9401,#9402));
#9103 = ORIENTED_EDGE('',*,*,#8946,.F.);
#9104 = ORIENTED_EDGE('',*,*,#9105,.T.);
#9105 = EDGE_CURVE('',#8947,#9106,#9108,.T.);
#9106 = VERTEX_POINT('',#9107);
#9107 = CARTESIAN_POINT('',(-3.1,2.5,11.35));
#9108 = LINE('',#9109,#9110);
#9109 = CARTESIAN_POINT('',(-3.1,2.5,0.));
#9110 = VECTOR('',#9111,1.);
#9111 = DIRECTION('',(0.,0.,1.));
#9112 = ORIENTED_EDGE('',*,*,#9113,.F.);
#9113 = EDGE_CURVE('',#9114,#9106,#9116,.T.);
#9114 = VERTEX_POINT('',#9115);
#9115 = CARTESIAN_POINT('',(-3.,2.5,11.45));
#9116 = LINE('',#9117,#9118);
#9117 = CARTESIAN_POINT('',(-3.05,2.5,11.4));
#9118 = VECTOR('',#9119,1.);
#9119 = DIRECTION('',(-0.707106781187,-0.,-0.707106781187));
#9120 = ORIENTED_EDGE('',*,*,#9121,.F.);
#9121 = EDGE_CURVE('',#9122,#9114,#9124,.T.);
#9122 = VERTEX_POINT('',#9123);
#9123 = CARTESIAN_POINT('',(-3.,2.5,12.5));
#9124 = LINE('',#9125,#9126);
#9125 = CARTESIAN_POINT('',(-3.,2.5,0.));
#9126 = VECTOR('',#9127,1.);
#9127 = DIRECTION('',(-0.,-0.,-1.));
#9128 = ORIENTED_EDGE('',*,*,#9129,.T.);
#9129 = EDGE_CURVE('',#9122,#9130,#9132,.T.);
#9130 = VERTEX_POINT('',#9131);
#9131 = CARTESIAN_POINT('',(-2.8,2.5,12.5));
#9132 = LINE('',#9133,#9134);
#9133 = CARTESIAN_POINT('',(-3.,2.5,12.5));
#9134 = VECTOR('',#9135,1.);
#9135 = DIRECTION('',(1.,0.,0.));
#9136 = ORIENTED_EDGE('',*,*,#9137,.T.);
#9137 = EDGE_CURVE('',#9130,#9138,#9140,.T.);
#9138 = VERTEX_POINT('',#9139);
#9139 = CARTESIAN_POINT('',(-2.8,2.5,12.));
#9140 = LINE('',#9141,#9142);
#9141 = CARTESIAN_POINT('',(-2.8,2.5,0.));
#9142 = VECTOR('',#9143,1.);
#9143 = DIRECTION('',(0.,0.,-1.));
#9144 = ORIENTED_EDGE('',*,*,#9145,.T.);
#9145 = EDGE_CURVE('',#9138,#9146,#9148,.T.);
#9146 = VERTEX_POINT('',#9147);
#9147 = CARTESIAN_POINT('',(-1.800000000001,2.5,12.));
#9148 = LINE('',#9149,#9150);
#9149 = CARTESIAN_POINT('',(3.,2.5,12.));
#9150 = VECTOR('',#9151,1.);
#9151 = DIRECTION('',(1.,0.,0.));
#9152 = ORIENTED_EDGE('',*,*,#9153,.T.);
#9153 = EDGE_CURVE('',#9146,#9154,#9156,.T.);
#9154 = VERTEX_POINT('',#9155);
#9155 = CARTESIAN_POINT('',(-1.7,2.5,11.9));
#9156 = LINE('',#9157,#9158);
#9157 = CARTESIAN_POINT('',(-1.800000000001,2.5,12.));
#9158 = VECTOR('',#9159,1.);
#9159 = DIRECTION('',(0.70710678119,0.,-0.707106781183));
#9160 = ORIENTED_EDGE('',*,*,#9161,.T.);
#9161 = EDGE_CURVE('',#9154,#9162,#9164,.T.);
#9162 = VERTEX_POINT('',#9163);
#9163 = CARTESIAN_POINT('',(-1.7,2.5,11.4));
#9164 = LINE('',#9165,#9166);
#9165 = CARTESIAN_POINT('',(-1.7,2.5,0.));
#9166 = VECTOR('',#9167,1.);
#9167 = DIRECTION('',(0.,0.,-1.));
#9168 = ORIENTED_EDGE('',*,*,#9169,.T.);
#9169 = EDGE_CURVE('',#9162,#9170,#9172,.T.);
#9170 = VERTEX_POINT('',#9171);
#9171 = CARTESIAN_POINT('',(-1.043672575739,2.499999999983,
    11.400000000008));
#9172 = LINE('',#9173,#9174);
#9173 = CARTESIAN_POINT('',(3.,2.5,11.4));
#9174 = VECTOR('',#9175,1.);
#9175 = DIRECTION('',(1.,0.,0.));
#9176 = ORIENTED_EDGE('',*,*,#9177,.T.);
#9177 = EDGE_CURVE('',#9170,#9178,#9180,.T.);
#9178 = VERTEX_POINT('',#9179);
#9179 = CARTESIAN_POINT('',(-1.241934959602,2.500000000055,
    11.003475232468));
#9180 = LINE('',#9181,#9182);
#9181 = CARTESIAN_POINT('',(-1.043672575719,2.5,11.40000000001));
#9182 = VECTOR('',#9183,1.);
#9183 = DIRECTION('',(-0.447213595702,0.,-0.894427190899));
#9184 = ORIENTED_EDGE('',*,*,#9185,.T.);
#9185 = EDGE_CURVE('',#9178,#9186,#9188,.T.);
#9186 = VERTEX_POINT('',#9187);
#9187 = CARTESIAN_POINT('',(-1.299999999989,2.500000000055,
    10.75750776985));
#9188 = CIRCLE('',#9189,0.549999999999);
#9189 = AXIS2_PLACEMENT_3D('',#9190,#9191,#9192);
#9190 = CARTESIAN_POINT('',(-0.75,2.500000000055,10.75750776405));
#9191 = DIRECTION('',(0.,-1.,0.));
#9192 = DIRECTION('',(5.322447028572E-15,0.,1.));
#9193 = ORIENTED_EDGE('',*,*,#9194,.T.);
#9194 = EDGE_CURVE('',#9186,#9195,#9197,.T.);
#9195 = VERTEX_POINT('',#9196);
#9196 = CARTESIAN_POINT('',(-1.299999999922,2.500000000001,10.525));
#9197 = LINE('',#9198,#9199);
#9198 = CARTESIAN_POINT('',(-1.299999999923,2.5,0.));
#9199 = VECTOR('',#9200,1.);
#9200 = DIRECTION('',(0.,0.,-1.));
#9201 = ORIENTED_EDGE('',*,*,#9202,.T.);
#9202 = EDGE_CURVE('',#9195,#9203,#9205,.T.);
#9203 = VERTEX_POINT('',#9204);
#9204 = CARTESIAN_POINT('',(-1.800000000035,2.499999999985,10.525));
#9205 = LINE('',#9206,#9207);
#9206 = CARTESIAN_POINT('',(3.,2.5,10.525));
#9207 = VECTOR('',#9208,1.);
#9208 = DIRECTION('',(-1.,0.,0.));
#9209 = ORIENTED_EDGE('',*,*,#9210,.T.);
#9210 = EDGE_CURVE('',#9203,#9211,#9213,.T.);
#9211 = VERTEX_POINT('',#9212);
#9212 = CARTESIAN_POINT('',(-1.800000000022,2.499999999998,
    11.299999999998));
#9213 = LINE('',#9214,#9215);
#9214 = CARTESIAN_POINT('',(-1.800000000026,2.5,0.));
#9215 = VECTOR('',#9216,1.);
#9216 = DIRECTION('',(0.,0.,1.));
#9217 = ORIENTED_EDGE('',*,*,#9218,.T.);
#9218 = EDGE_CURVE('',#9211,#9219,#9221,.T.);
#9219 = VERTEX_POINT('',#9220);
#9220 = CARTESIAN_POINT('',(-2.8,2.5,11.3));
#9221 = LINE('',#9222,#9223);
#9222 = CARTESIAN_POINT('',(3.,2.5,11.3));
#9223 = VECTOR('',#9224,1.);
#9224 = DIRECTION('',(-1.,0.,0.));
#9225 = ORIENTED_EDGE('',*,*,#9226,.T.);
#9226 = EDGE_CURVE('',#9219,#9227,#9229,.T.);
#9227 = VERTEX_POINT('',#9228);
#9228 = CARTESIAN_POINT('',(-2.8,2.5,8.2));
#9229 = LINE('',#9230,#9231);
#9230 = CARTESIAN_POINT('',(-2.8,2.5,0.));
#9231 = VECTOR('',#9232,1.);
#9232 = DIRECTION('',(0.,0.,-1.));
#9233 = ORIENTED_EDGE('',*,*,#9234,.T.);
#9234 = EDGE_CURVE('',#9227,#9235,#9237,.T.);
#9235 = VERTEX_POINT('',#9236);
#9236 = CARTESIAN_POINT('',(-1.8,2.5,8.2));
#9237 = LINE('',#9238,#9239);
#9238 = CARTESIAN_POINT('',(3.,2.5,8.2));
#9239 = VECTOR('',#9240,1.);
#9240 = DIRECTION('',(1.,0.,0.));
#9241 = ORIENTED_EDGE('',*,*,#9242,.T.);
#9242 = EDGE_CURVE('',#9235,#9243,#9245,.T.);
#9243 = VERTEX_POINT('',#9244);
#9244 = CARTESIAN_POINT('',(-1.8,2.5,8.975));
#9245 = LINE('',#9246,#9247);
#9246 = CARTESIAN_POINT('',(-1.8,2.5,0.));
#9247 = VECTOR('',#9248,1.);
#9248 = DIRECTION('',(0.,0.,1.));
#9249 = ORIENTED_EDGE('',*,*,#9250,.T.);
#9250 = EDGE_CURVE('',#9243,#9251,#9253,.T.);
#9251 = VERTEX_POINT('',#9252);
#9252 = CARTESIAN_POINT('',(-1.300000000001,2.5,8.975));
#9253 = LINE('',#9254,#9255);
#9254 = CARTESIAN_POINT('',(3.,2.5,8.975));
#9255 = VECTOR('',#9256,1.);
#9256 = DIRECTION('',(1.,0.,0.));
#9257 = ORIENTED_EDGE('',*,*,#9258,.T.);
#9258 = EDGE_CURVE('',#9251,#9259,#9261,.T.);
#9259 = VERTEX_POINT('',#9260);
#9260 = CARTESIAN_POINT('',(-1.300000000001,2.500000000001,
    8.249999999996));
#9261 = LINE('',#9262,#9263);
#9262 = CARTESIAN_POINT('',(-1.300000000001,2.5,0.));
#9263 = VECTOR('',#9264,1.);
#9264 = DIRECTION('',(0.,0.,-1.));
#9265 = ORIENTED_EDGE('',*,*,#9266,.T.);
#9266 = EDGE_CURVE('',#9259,#9267,#9269,.T.);
#9267 = VERTEX_POINT('',#9268);
#9268 = CARTESIAN_POINT('',(-0.779999994561,2.500000000938,
    8.249999999621));
#9269 = LINE('',#9270,#9271);
#9270 = CARTESIAN_POINT('',(3.,2.5,8.249999999995));
#9271 = VECTOR('',#9272,1.);
#9272 = DIRECTION('',(1.,0.,0.));
#9273 = ORIENTED_EDGE('',*,*,#9274,.T.);
#9274 = EDGE_CURVE('',#9267,#9275,#9277,.T.);
#9275 = VERTEX_POINT('',#9276);
#9276 = CARTESIAN_POINT('',(-0.779999787276,2.499999953301,
    10.752947462903));
#9277 = LINE('',#9278,#9279);
#9278 = CARTESIAN_POINT('',(-0.779999993249,2.5,0.));
#9279 = VECTOR('',#9280,1.);
#9280 = DIRECTION('',(0.,0.,1.));
#9281 = ORIENTED_EDGE('',*,*,#9282,.T.);
#9282 = EDGE_CURVE('',#9275,#9283,#9285,.T.);
#9283 = VERTEX_POINT('',#9284);
#9284 = CARTESIAN_POINT('',(-0.774821942412,2.499999921924,
    10.774945849353));
#9285 = CIRCLE('',#9286,5.000015612671E-02);
#9286 = AXIS2_PLACEMENT_3D('',#9287,#9288,#9289);
#9287 = CARTESIAN_POINT('',(-0.73,2.499999843849,10.7527864045));
#9288 = DIRECTION('',(0.,1.,0.));
#9289 = DIRECTION('',(6.722032479633E-14,0.,-1.));
#9290 = ORIENTED_EDGE('',*,*,#9291,.T.);
#9291 = EDGE_CURVE('',#9283,#9292,#9294,.T.);
#9292 = VERTEX_POINT('',#9293);
#9293 = CARTESIAN_POINT('',(-0.538064990024,2.499999999998,
    11.248459823285));
#9294 = LINE('',#9295,#9296);
#9295 = CARTESIAN_POINT('',(-0.774821775151,2.5,10.77494576551));
#9296 = VECTOR('',#9297,1.);
#9297 = DIRECTION('',(0.447213227116,0.,0.894427375192));
#9298 = ORIENTED_EDGE('',*,*,#9299,.T.);
#9299 = EDGE_CURVE('',#9292,#9300,#9302,.T.);
#9300 = VERTEX_POINT('',#9301);
#9301 = CARTESIAN_POINT('',(-0.480000000043,2.499999999998,
    11.494427187905));
#9302 = CIRCLE('',#9303,0.550000000036);
#9303 = AXIS2_PLACEMENT_3D('',#9304,#9305,#9306);
#9304 = CARTESIAN_POINT('',(-1.03,2.499999999998,11.494427191));
#9305 = DIRECTION('',(0.,-1.,0.));
#9306 = DIRECTION('',(1.971276677117E-15,0.,1.));
#9307 = ORIENTED_EDGE('',*,*,#9308,.T.);
#9308 = EDGE_CURVE('',#9300,#9309,#9311,.T.);
#9309 = VERTEX_POINT('',#9310);
#9310 = CARTESIAN_POINT('',(-0.48000000009,2.499999999993,
    13.999999999953));
#9311 = LINE('',#9312,#9313);
#9312 = CARTESIAN_POINT('',(-0.480000000083,2.5,0.));
#9313 = VECTOR('',#9314,1.);
#9314 = DIRECTION('',(0.,0.,1.));
#9315 = ORIENTED_EDGE('',*,*,#9316,.T.);
#9316 = EDGE_CURVE('',#9309,#9317,#9319,.T.);
#9317 = VERTEX_POINT('',#9318);
#9318 = CARTESIAN_POINT('',(-2.79999999998,2.499999999977,
    13.999999999953));
#9319 = LINE('',#9320,#9321);
#9320 = CARTESIAN_POINT('',(3.,2.5,13.99999999994));
#9321 = VECTOR('',#9322,1.);
#9322 = DIRECTION('',(-1.,0.,0.));
#9323 = ORIENTED_EDGE('',*,*,#9324,.T.);
#9324 = EDGE_CURVE('',#9317,#9325,#9327,.T.);
#9325 = VERTEX_POINT('',#9326);
#9326 = CARTESIAN_POINT('',(-2.799999999987,2.499999999994,13.5));
#9327 = LINE('',#9328,#9329);
#9328 = CARTESIAN_POINT('',(-2.799999999976,2.5,0.));
#9329 = VECTOR('',#9330,1.);
#9330 = DIRECTION('',(0.,0.,-1.));
#9331 = ORIENTED_EDGE('',*,*,#9332,.T.);
#9332 = EDGE_CURVE('',#9325,#9333,#9335,.T.);
#9333 = VERTEX_POINT('',#9334);
#9334 = CARTESIAN_POINT('',(-3.,2.499999999998,13.5));
#9335 = LINE('',#9336,#9337);
#9336 = CARTESIAN_POINT('',(-3.,2.499999999994,13.5));
#9337 = VECTOR('',#9338,1.);
#9338 = DIRECTION('',(-1.,0.,0.));
#9339 = ORIENTED_EDGE('',*,*,#9340,.T.);
#9340 = EDGE_CURVE('',#9333,#8446,#9341,.T.);
#9341 = LINE('',#9342,#9343);
#9342 = CARTESIAN_POINT('',(-3.,2.5,0.));
#9343 = VECTOR('',#9344,1.);
#9344 = DIRECTION('',(0.,0.,1.));
#9345 = ORIENTED_EDGE('',*,*,#8445,.F.);
#9346 = ORIENTED_EDGE('',*,*,#8467,.F.);
#9347 = ORIENTED_EDGE('',*,*,#9348,.T.);
#9348 = EDGE_CURVE('',#8468,#9349,#9351,.T.);
#9349 = VERTEX_POINT('',#9350);
#9350 = CARTESIAN_POINT('',(3.,2.5,14.25));
#9351 = LINE('',#9352,#9353);
#9352 = CARTESIAN_POINT('',(3.,2.5,0.));
#9353 = VECTOR('',#9354,1.);
#9354 = DIRECTION('',(0.,0.,-1.));
#9355 = ORIENTED_EDGE('',*,*,#9356,.F.);
#9356 = EDGE_CURVE('',#9357,#9349,#9359,.T.);
#9357 = VERTEX_POINT('',#9358);
#9358 = CARTESIAN_POINT('',(3.1,2.5,14.15));
#9359 = LINE('',#9360,#9361);
#9360 = CARTESIAN_POINT('',(3.05,2.5,14.2));
#9361 = VECTOR('',#9362,1.);
#9362 = DIRECTION('',(-0.707106781187,0.,0.707106781187));
#9363 = ORIENTED_EDGE('',*,*,#9364,.T.);
#9364 = EDGE_CURVE('',#9357,#9365,#9367,.T.);
#9365 = VERTEX_POINT('',#9366);
#9366 = CARTESIAN_POINT('',(3.1,2.5,10.95));
#9367 = LINE('',#9368,#9369);
#9368 = CARTESIAN_POINT('',(3.1,2.5,0.));
#9369 = VECTOR('',#9370,1.);
#9370 = DIRECTION('',(0.,0.,-1.));
#9371 = ORIENTED_EDGE('',*,*,#9372,.T.);
#9372 = EDGE_CURVE('',#9365,#8590,#9373,.T.);
#9373 = LINE('',#9374,#9375);
#9374 = CARTESIAN_POINT('',(3.1,2.5,10.95));
#9375 = VECTOR('',#9376,1.);
#9376 = DIRECTION('',(-0.707106781187,0.,-0.707106781187));
#9377 = ORIENTED_EDGE('',*,*,#8587,.F.);
#9378 = ORIENTED_EDGE('',*,*,#9379,.T.);
#9379 = EDGE_CURVE('',#8588,#9380,#9382,.T.);
#9380 = VERTEX_POINT('',#9381);
#9381 = CARTESIAN_POINT('',(2.13,2.5,4.2));
#9382 = LINE('',#9383,#9384);
#9383 = CARTESIAN_POINT('',(3.,2.5,4.2));
#9384 = VECTOR('',#9385,1.);
#9385 = DIRECTION('',(-1.,0.,0.));
#9386 = ORIENTED_EDGE('',*,*,#9387,.T.);
#9387 = EDGE_CURVE('',#9380,#9388,#9390,.T.);
#9388 = VERTEX_POINT('',#9389);
#9389 = CARTESIAN_POINT('',(2.13,2.5,3.));
#9390 = LINE('',#9391,#9392);
#9391 = CARTESIAN_POINT('',(2.13,2.5,0.));
#9392 = VECTOR('',#9393,1.);
#9393 = DIRECTION('',(0.,0.,-1.));
#9394 = ORIENTED_EDGE('',*,*,#9395,.T.);
#9395 = EDGE_CURVE('',#9388,#8629,#9396,.T.);
#9396 = LINE('',#9397,#9398);
#9397 = CARTESIAN_POINT('',(3.,2.5,3.));
#9398 = VECTOR('',#9399,1.);
#9399 = DIRECTION('',(1.,0.,0.));
#9400 = ORIENTED_EDGE('',*,*,#8628,.F.);
#9401 = ORIENTED_EDGE('',*,*,#8829,.T.);
#9402 = ORIENTED_EDGE('',*,*,#8357,.F.);
#9403 = PLANE('',#9404);
#9404 = AXIS2_PLACEMENT_3D('',#9405,#9406,#9407);
#9405 = CARTESIAN_POINT('',(3.,2.5,0.));
#9406 = DIRECTION('',(0.,1.,0.));
#9407 = DIRECTION('',(0.,-0.,1.));
#9408 = ADVANCED_FACE('',(#9409),#9434,.T.);
#9409 = FACE_BOUND('',#9410,.T.);
#9410 = EDGE_LOOP('',(#9411,#9419,#9427,#9433));
#9411 = ORIENTED_EDGE('',*,*,#9412,.T.);
#9412 = EDGE_CURVE('',#8382,#9413,#9415,.T.);
#9413 = VERTEX_POINT('',#9414);
#9414 = CARTESIAN_POINT('',(-1.54,-1.,10.525));
#9415 = LINE('',#9416,#9417);
#9416 = CARTESIAN_POINT('',(-1.94,-1.4,10.525));
#9417 = VECTOR('',#9418,1.);
#9418 = DIRECTION('',(0.707106781187,0.707106781187,0.));
#9419 = ORIENTED_EDGE('',*,*,#9420,.T.);
#9420 = EDGE_CURVE('',#9413,#9421,#9423,.T.);
#9421 = VERTEX_POINT('',#9422);
#9422 = CARTESIAN_POINT('',(-1.54,-1.,8.975));
#9423 = LINE('',#9424,#9425);
#9424 = CARTESIAN_POINT('',(-1.54,-1.,9.75));
#9425 = VECTOR('',#9426,1.);
#9426 = DIRECTION('',(-0.,-0.,-1.));
#9427 = ORIENTED_EDGE('',*,*,#9428,.T.);
#9428 = EDGE_CURVE('',#9421,#8390,#9429,.T.);
#9429 = LINE('',#9430,#9431);
#9430 = CARTESIAN_POINT('',(-1.94,-1.4,8.975));
#9431 = VECTOR('',#9432,1.);
#9432 = DIRECTION('',(-0.707106781187,-0.707106781187,0.));
#9433 = ORIENTED_EDGE('',*,*,#8389,.F.);
#9434 = PLANE('',#9435);
#9435 = AXIS2_PLACEMENT_3D('',#9436,#9437,#9438);
#9436 = CARTESIAN_POINT('',(-1.94,-1.4,9.75));
#9437 = DIRECTION('',(-0.707106781187,0.707106781187,0.));
#9438 = DIRECTION('',(-0.707106781187,-0.707106781187,0.));
#9439 = ADVANCED_FACE('',(#9440),#9521,.F.);
#9440 = FACE_BOUND('',#9441,.T.);
#9441 = EDGE_LOOP('',(#9442,#9452,#9460,#9468,#9476,#9482,#9483,#9491,
    #9499,#9505,#9506,#9507,#9513,#9514,#9515));
#9442 = ORIENTED_EDGE('',*,*,#9443,.T.);
#9443 = EDGE_CURVE('',#9444,#9446,#9448,.T.);
#9444 = VERTEX_POINT('',#9445);
#9445 = CARTESIAN_POINT('',(-2.43,1.8,10.525));
#9446 = VERTEX_POINT('',#9447);
#9447 = CARTESIAN_POINT('',(-2.43,2.1,10.525));
#9448 = LINE('',#9449,#9450);
#9449 = CARTESIAN_POINT('',(-2.43,2.5,10.525));
#9450 = VECTOR('',#9451,1.);
#9451 = DIRECTION('',(0.,1.,0.));
#9452 = ORIENTED_EDGE('',*,*,#9453,.F.);
#9453 = EDGE_CURVE('',#9454,#9446,#9456,.T.);
#9454 = VERTEX_POINT('',#9455);
#9455 = CARTESIAN_POINT('',(-2.28,2.25,10.525));
#9456 = LINE('',#9457,#9458);
#9457 = CARTESIAN_POINT('',(-2.28,2.25,10.525));
#9458 = VECTOR('',#9459,1.);
#9459 = DIRECTION('',(-0.707106781187,-0.707106781187,0.));
#9460 = ORIENTED_EDGE('',*,*,#9461,.F.);
#9461 = EDGE_CURVE('',#9462,#9454,#9464,.T.);
#9462 = VERTEX_POINT('',#9463);
#9463 = CARTESIAN_POINT('',(-1.95,2.25,10.525));
#9464 = LINE('',#9465,#9466);
#9465 = CARTESIAN_POINT('',(-2.57,2.25,10.525));
#9466 = VECTOR('',#9467,1.);
#9467 = DIRECTION('',(-1.,0.,0.));
#9468 = ORIENTED_EDGE('',*,*,#9469,.F.);
#9469 = EDGE_CURVE('',#9470,#9462,#9472,.T.);
#9470 = VERTEX_POINT('',#9471);
#9471 = CARTESIAN_POINT('',(-1.95,2.35,10.525));
#9472 = LINE('',#9473,#9474);
#9473 = CARTESIAN_POINT('',(-1.95,2.5,10.525));
#9474 = VECTOR('',#9475,1.);
#9475 = DIRECTION('',(0.,-1.,0.));
#9476 = ORIENTED_EDGE('',*,*,#9477,.F.);
#9477 = EDGE_CURVE('',#9203,#9470,#9478,.T.);
#9478 = LINE('',#9479,#9480);
#9479 = CARTESIAN_POINT('',(-1.800000000026,2.499999999981,10.525));
#9480 = VECTOR('',#9481,1.);
#9481 = DIRECTION('',(-0.70710678117,-0.707106781203,0.));
#9482 = ORIENTED_EDGE('',*,*,#9202,.F.);
#9483 = ORIENTED_EDGE('',*,*,#9484,.F.);
#9484 = EDGE_CURVE('',#9485,#9195,#9487,.T.);
#9485 = VERTEX_POINT('',#9486);
#9486 = CARTESIAN_POINT('',(-1.149999999998,2.349999999975,10.525));
#9487 = LINE('',#9488,#9489);
#9488 = CARTESIAN_POINT('',(-1.149999999982,2.349999999947,10.525));
#9489 = VECTOR('',#9490,1.);
#9490 = DIRECTION('',(-0.707106780913,0.70710678146,0.));
#9491 = ORIENTED_EDGE('',*,*,#9492,.F.);
#9492 = EDGE_CURVE('',#9493,#9485,#9495,.T.);
#9493 = VERTEX_POINT('',#9494);
#9494 = CARTESIAN_POINT('',(-1.149999999999,1.75,10.525));
#9495 = LINE('',#9496,#9497);
#9496 = CARTESIAN_POINT('',(-1.149999999997,2.5,10.525));
#9497 = VECTOR('',#9498,1.);
#9498 = DIRECTION('',(0.,1.,0.));
#9499 = ORIENTED_EDGE('',*,*,#9500,.T.);
#9500 = EDGE_CURVE('',#9493,#7994,#9501,.T.);
#9501 = LINE('',#9502,#9503);
#9502 = CARTESIAN_POINT('',(-1.15,2.5,10.525));
#9503 = VECTOR('',#9504,1.);
#9504 = DIRECTION('',(0.,-1.,0.));
#9505 = ORIENTED_EDGE('',*,*,#8001,.T.);
#9506 = ORIENTED_EDGE('',*,*,#7497,.T.);
#9507 = ORIENTED_EDGE('',*,*,#9508,.F.);
#9508 = EDGE_CURVE('',#9413,#7498,#9509,.T.);
#9509 = LINE('',#9510,#9511);
#9510 = CARTESIAN_POINT('',(-2.57,-1.,10.525));
#9511 = VECTOR('',#9512,1.);
#9512 = DIRECTION('',(1.,0.,0.));
#9513 = ORIENTED_EDGE('',*,*,#9412,.F.);
#9514 = ORIENTED_EDGE('',*,*,#8379,.F.);
#9515 = ORIENTED_EDGE('',*,*,#9516,.F.);
#9516 = EDGE_CURVE('',#9444,#8380,#9517,.T.);
#9517 = LINE('',#9518,#9519);
#9518 = CARTESIAN_POINT('',(-2.57,1.8,10.525));
#9519 = VECTOR('',#9520,1.);
#9520 = DIRECTION('',(1.,0.,0.));
#9521 = PLANE('',#9522);
#9522 = AXIS2_PLACEMENT_3D('',#9523,#9524,#9525);
#9523 = CARTESIAN_POINT('',(-2.57,2.5,10.525));
#9524 = DIRECTION('',(0.,0.,1.));
#9525 = DIRECTION('',(1.,0.,-0.));
#9526 = ADVANCED_FACE('',(#9527),#9545,.F.);
#9527 = FACE_BOUND('',#9528,.T.);
#9528 = EDGE_LOOP('',(#9529,#9537,#9543,#9544));
#9529 = ORIENTED_EDGE('',*,*,#9530,.F.);
#9530 = EDGE_CURVE('',#9531,#8421,#9533,.T.);
#9531 = VERTEX_POINT('',#9532);
#9532 = CARTESIAN_POINT('',(-2.43,1.8,10.75));
#9533 = LINE('',#9534,#9535);
#9534 = CARTESIAN_POINT('',(-3.,1.8,10.75));
#9535 = VECTOR('',#9536,1.);
#9536 = DIRECTION('',(1.,0.,0.));
#9537 = ORIENTED_EDGE('',*,*,#9538,.T.);
#9538 = EDGE_CURVE('',#9531,#9444,#9539,.T.);
#9539 = LINE('',#9540,#9541);
#9540 = CARTESIAN_POINT('',(-2.43,1.8,11.15));
#9541 = VECTOR('',#9542,1.);
#9542 = DIRECTION('',(0.,0.,-1.));
#9543 = ORIENTED_EDGE('',*,*,#9516,.T.);
#9544 = ORIENTED_EDGE('',*,*,#8428,.F.);
#9545 = PLANE('',#9546);
#9546 = AXIS2_PLACEMENT_3D('',#9547,#9548,#9549);
#9547 = CARTESIAN_POINT('',(-3.,1.8,10.75));
#9548 = DIRECTION('',(0.,1.,0.));
#9549 = DIRECTION('',(0.,-0.,1.));
#9550 = ADVANCED_FACE('',(#9551),#9594,.F.);
#9551 = FACE_BOUND('',#9552,.T.);
#9552 = EDGE_LOOP('',(#9553,#9563,#9569,#9570,#9571,#9572,#9580,#9588));
#9553 = ORIENTED_EDGE('',*,*,#9554,.F.);
#9554 = EDGE_CURVE('',#9555,#9557,#9559,.T.);
#9555 = VERTEX_POINT('',#9556);
#9556 = CARTESIAN_POINT('',(-2.43,-2.1,10.75));
#9557 = VERTEX_POINT('',#9558);
#9558 = CARTESIAN_POINT('',(-2.65,-2.1,10.75));
#9559 = LINE('',#9560,#9561);
#9560 = CARTESIAN_POINT('',(-3.,-2.1,10.75));
#9561 = VECTOR('',#9562,1.);
#9562 = DIRECTION('',(-1.,0.,0.));
#9563 = ORIENTED_EDGE('',*,*,#9564,.F.);
#9564 = EDGE_CURVE('',#9531,#9555,#9565,.T.);
#9565 = LINE('',#9566,#9567);
#9566 = CARTESIAN_POINT('',(-2.43,-2.5,10.75));
#9567 = VECTOR('',#9568,1.);
#9568 = DIRECTION('',(-0.,-1.,-0.));
#9569 = ORIENTED_EDGE('',*,*,#9530,.T.);
#9570 = ORIENTED_EDGE('',*,*,#8420,.F.);
#9571 = ORIENTED_EDGE('',*,*,#8310,.F.);
#9572 = ORIENTED_EDGE('',*,*,#9573,.F.);
#9573 = EDGE_CURVE('',#9574,#8303,#9576,.T.);
#9574 = VERTEX_POINT('',#9575);
#9575 = CARTESIAN_POINT('',(-3.1,1.8,10.75));
#9576 = LINE('',#9577,#9578);
#9577 = CARTESIAN_POINT('',(-3.1,-2.5,10.75));
#9578 = VECTOR('',#9579,1.);
#9579 = DIRECTION('',(-0.,-1.,-0.));
#9580 = ORIENTED_EDGE('',*,*,#9581,.F.);
#9581 = EDGE_CURVE('',#9582,#9574,#9584,.T.);
#9582 = VERTEX_POINT('',#9583);
#9583 = CARTESIAN_POINT('',(-2.65,1.8,10.75));
#9584 = LINE('',#9585,#9586);
#9585 = CARTESIAN_POINT('',(-3.,1.8,10.75));
#9586 = VECTOR('',#9587,1.);
#9587 = DIRECTION('',(-1.,0.,0.));
#9588 = ORIENTED_EDGE('',*,*,#9589,.F.);
#9589 = EDGE_CURVE('',#9557,#9582,#9590,.T.);
#9590 = LINE('',#9591,#9592);
#9591 = CARTESIAN_POINT('',(-2.65,-2.5,10.75));
#9592 = VECTOR('',#9593,1.);
#9593 = DIRECTION('',(0.,1.,0.));
#9594 = PLANE('',#9595);
#9595 = AXIS2_PLACEMENT_3D('',#9596,#9597,#9598);
#9596 = CARTESIAN_POINT('',(-3.,-2.5,10.75));
#9597 = DIRECTION('',(0.,0.,1.));
#9598 = DIRECTION('',(1.,0.,-0.));
#9599 = ADVANCED_FACE('',(#9600),#9650,.F.);
#9600 = FACE_BOUND('',#9601,.T.);
#9601 = EDGE_LOOP('',(#9602,#9603,#9604,#9612,#9620,#9628,#9636,#9644));
#9602 = ORIENTED_EDGE('',*,*,#8326,.F.);
#9603 = ORIENTED_EDGE('',*,*,#8413,.F.);
#9604 = ORIENTED_EDGE('',*,*,#9605,.F.);
#9605 = EDGE_CURVE('',#9606,#8406,#9608,.T.);
#9606 = VERTEX_POINT('',#9607);
#9607 = CARTESIAN_POINT('',(-2.43,1.8,8.75));
#9608 = LINE('',#9609,#9610);
#9609 = CARTESIAN_POINT('',(-3.,1.8,8.75));
#9610 = VECTOR('',#9611,1.);
#9611 = DIRECTION('',(1.,0.,0.));
#9612 = ORIENTED_EDGE('',*,*,#9613,.F.);
#9613 = EDGE_CURVE('',#9614,#9606,#9616,.T.);
#9614 = VERTEX_POINT('',#9615);
#9615 = CARTESIAN_POINT('',(-2.43,-2.1,8.75));
#9616 = LINE('',#9617,#9618);
#9617 = CARTESIAN_POINT('',(-2.43,1.8,8.75));
#9618 = VECTOR('',#9619,1.);
#9619 = DIRECTION('',(0.,1.,0.));
#9620 = ORIENTED_EDGE('',*,*,#9621,.F.);
#9621 = EDGE_CURVE('',#9622,#9614,#9624,.T.);
#9622 = VERTEX_POINT('',#9623);
#9623 = CARTESIAN_POINT('',(-2.65,-2.1,8.75));
#9624 = LINE('',#9625,#9626);
#9625 = CARTESIAN_POINT('',(-3.,-2.1,8.75));
#9626 = VECTOR('',#9627,1.);
#9627 = DIRECTION('',(1.,0.,0.));
#9628 = ORIENTED_EDGE('',*,*,#9629,.F.);
#9629 = EDGE_CURVE('',#9630,#9622,#9632,.T.);
#9630 = VERTEX_POINT('',#9631);
#9631 = CARTESIAN_POINT('',(-2.65,1.3,8.75));
#9632 = LINE('',#9633,#9634);
#9633 = CARTESIAN_POINT('',(-2.65,1.8,8.75));
#9634 = VECTOR('',#9635,1.);
#9635 = DIRECTION('',(-0.,-1.,-0.));
#9636 = ORIENTED_EDGE('',*,*,#9637,.F.);
#9637 = EDGE_CURVE('',#9638,#9630,#9640,.T.);
#9638 = VERTEX_POINT('',#9639);
#9639 = CARTESIAN_POINT('',(-3.1,1.3,8.75));
#9640 = LINE('',#9641,#9642);
#9641 = CARTESIAN_POINT('',(-3.,1.3,8.75));
#9642 = VECTOR('',#9643,1.);
#9643 = DIRECTION('',(1.,0.,0.));
#9644 = ORIENTED_EDGE('',*,*,#9645,.F.);
#9645 = EDGE_CURVE('',#8327,#9638,#9646,.T.);
#9646 = LINE('',#9647,#9648);
#9647 = CARTESIAN_POINT('',(-3.1,1.8,8.75));
#9648 = VECTOR('',#9649,1.);
#9649 = DIRECTION('',(0.,1.,0.));
#9650 = PLANE('',#9651);
#9651 = AXIS2_PLACEMENT_3D('',#9652,#9653,#9654);
#9652 = CARTESIAN_POINT('',(-3.,1.8,8.75));
#9653 = DIRECTION('',(0.,0.,-1.));
#9654 = DIRECTION('',(-1.,0.,0.));
#9655 = ADVANCED_FACE('',(#9656),#9674,.F.);
#9656 = FACE_BOUND('',#9657,.T.);
#9657 = EDGE_LOOP('',(#9658,#9659,#9660,#9668));
#9658 = ORIENTED_EDGE('',*,*,#9605,.T.);
#9659 = ORIENTED_EDGE('',*,*,#8405,.F.);
#9660 = ORIENTED_EDGE('',*,*,#9661,.F.);
#9661 = EDGE_CURVE('',#9662,#8398,#9664,.T.);
#9662 = VERTEX_POINT('',#9663);
#9663 = CARTESIAN_POINT('',(-2.43,1.8,8.975));
#9664 = LINE('',#9665,#9666);
#9665 = CARTESIAN_POINT('',(-3.,1.8,8.975));
#9666 = VECTOR('',#9667,1.);
#9667 = DIRECTION('',(1.,0.,0.));
#9668 = ORIENTED_EDGE('',*,*,#9669,.F.);
#9669 = EDGE_CURVE('',#9606,#9662,#9670,.T.);
#9670 = LINE('',#9671,#9672);
#9671 = CARTESIAN_POINT('',(-2.43,1.8,10.75));
#9672 = VECTOR('',#9673,1.);
#9673 = DIRECTION('',(0.,0.,1.));
#9674 = PLANE('',#9675);
#9675 = AXIS2_PLACEMENT_3D('',#9676,#9677,#9678);
#9676 = CARTESIAN_POINT('',(-3.,1.8,10.75));
#9677 = DIRECTION('',(0.,1.,0.));
#9678 = DIRECTION('',(0.,-0.,1.));
#9679 = ADVANCED_FACE('',(#9680),#9754,.F.);
#9680 = FACE_BOUND('',#9681,.T.);
#9681 = EDGE_LOOP('',(#9682,#9683,#9684,#9692,#9700,#9706,#9707,#9715,
    #9723,#9731,#9739,#9745,#9746,#9747,#9748));
#9682 = ORIENTED_EDGE('',*,*,#7514,.T.);
#9683 = ORIENTED_EDGE('',*,*,#7984,.T.);
#9684 = ORIENTED_EDGE('',*,*,#9685,.T.);
#9685 = EDGE_CURVE('',#7985,#9686,#9688,.T.);
#9686 = VERTEX_POINT('',#9687);
#9687 = CARTESIAN_POINT('',(-1.150000000002,1.75,8.975));
#9688 = LINE('',#9689,#9690);
#9689 = CARTESIAN_POINT('',(-1.15,2.5,8.975));
#9690 = VECTOR('',#9691,1.);
#9691 = DIRECTION('',(0.,1.,0.));
#9692 = ORIENTED_EDGE('',*,*,#9693,.F.);
#9693 = EDGE_CURVE('',#9694,#9686,#9696,.T.);
#9694 = VERTEX_POINT('',#9695);
#9695 = CARTESIAN_POINT('',(-1.150000000006,2.350000000011,8.975));
#9696 = LINE('',#9697,#9698);
#9697 = CARTESIAN_POINT('',(-1.150000000005,2.5,8.975));
#9698 = VECTOR('',#9699,1.);
#9699 = DIRECTION('',(-0.,-1.,-0.));
#9700 = ORIENTED_EDGE('',*,*,#9701,.F.);
#9701 = EDGE_CURVE('',#9251,#9694,#9702,.T.);
#9702 = LINE('',#9703,#9704);
#9703 = CARTESIAN_POINT('',(-1.300000000001,2.5,8.975));
#9704 = VECTOR('',#9705,1.);
#9705 = DIRECTION('',(0.707106781205,-0.707106781168,0.));
#9706 = ORIENTED_EDGE('',*,*,#9250,.F.);
#9707 = ORIENTED_EDGE('',*,*,#9708,.F.);
#9708 = EDGE_CURVE('',#9709,#9243,#9711,.T.);
#9709 = VERTEX_POINT('',#9710);
#9710 = CARTESIAN_POINT('',(-1.95,2.35,8.975));
#9711 = LINE('',#9712,#9713);
#9712 = CARTESIAN_POINT('',(-1.95,2.35,8.975));
#9713 = VECTOR('',#9714,1.);
#9714 = DIRECTION('',(0.707106781187,0.707106781187,0.));
#9715 = ORIENTED_EDGE('',*,*,#9716,.F.);
#9716 = EDGE_CURVE('',#9717,#9709,#9719,.T.);
#9717 = VERTEX_POINT('',#9718);
#9718 = CARTESIAN_POINT('',(-1.95,2.25,8.975));
#9719 = LINE('',#9720,#9721);
#9720 = CARTESIAN_POINT('',(-1.95,2.5,8.975));
#9721 = VECTOR('',#9722,1.);
#9722 = DIRECTION('',(0.,1.,0.));
#9723 = ORIENTED_EDGE('',*,*,#9724,.F.);
#9724 = EDGE_CURVE('',#9725,#9717,#9727,.T.);
#9725 = VERTEX_POINT('',#9726);
#9726 = CARTESIAN_POINT('',(-2.28,2.25,8.975));
#9727 = LINE('',#9728,#9729);
#9728 = CARTESIAN_POINT('',(-1.15,2.25,8.975));
#9729 = VECTOR('',#9730,1.);
#9730 = DIRECTION('',(1.,0.,0.));
#9731 = ORIENTED_EDGE('',*,*,#9732,.F.);
#9732 = EDGE_CURVE('',#9733,#9725,#9735,.T.);
#9733 = VERTEX_POINT('',#9734);
#9734 = CARTESIAN_POINT('',(-2.43,2.1,8.975));
#9735 = LINE('',#9736,#9737);
#9736 = CARTESIAN_POINT('',(-2.43,2.1,8.975));
#9737 = VECTOR('',#9738,1.);
#9738 = DIRECTION('',(0.707106781187,0.707106781187,0.));
#9739 = ORIENTED_EDGE('',*,*,#9740,.F.);
#9740 = EDGE_CURVE('',#9662,#9733,#9741,.T.);
#9741 = LINE('',#9742,#9743);
#9742 = CARTESIAN_POINT('',(-2.43,2.5,8.975));
#9743 = VECTOR('',#9744,1.);
#9744 = DIRECTION('',(0.,1.,0.));
#9745 = ORIENTED_EDGE('',*,*,#9661,.T.);
#9746 = ORIENTED_EDGE('',*,*,#8397,.F.);
#9747 = ORIENTED_EDGE('',*,*,#9428,.F.);
#9748 = ORIENTED_EDGE('',*,*,#9749,.F.);
#9749 = EDGE_CURVE('',#7507,#9421,#9750,.T.);
#9750 = LINE('',#9751,#9752);
#9751 = CARTESIAN_POINT('',(-1.15,-1.,8.975));
#9752 = VECTOR('',#9753,1.);
#9753 = DIRECTION('',(-1.,0.,0.));
#9754 = PLANE('',#9755);
#9755 = AXIS2_PLACEMENT_3D('',#9756,#9757,#9758);
#9756 = CARTESIAN_POINT('',(-1.15,2.5,8.975));
#9757 = DIRECTION('',(0.,0.,-1.));
#9758 = DIRECTION('',(-1.,0.,0.));
#9759 = ADVANCED_FACE('',(#9760),#9771,.T.);
#9760 = FACE_BOUND('',#9761,.T.);
#9761 = EDGE_LOOP('',(#9762,#9763,#9769,#9770));
#9762 = ORIENTED_EDGE('',*,*,#9340,.F.);
#9763 = ORIENTED_EDGE('',*,*,#9764,.T.);
#9764 = EDGE_CURVE('',#9333,#8255,#9765,.T.);
#9765 = LINE('',#9766,#9767);
#9766 = CARTESIAN_POINT('',(-3.,2.5,13.5));
#9767 = VECTOR('',#9768,1.);
#9768 = DIRECTION('',(0.,-1.,0.));
#9769 = ORIENTED_EDGE('',*,*,#8254,.T.);
#9770 = ORIENTED_EDGE('',*,*,#8453,.F.);
#9771 = PLANE('',#9772);
#9772 = AXIS2_PLACEMENT_3D('',#9773,#9774,#9775);
#9773 = CARTESIAN_POINT('',(-3.,2.5,0.));
#9774 = DIRECTION('',(-1.,0.,0.));
#9775 = DIRECTION('',(0.,0.,1.));
#9776 = ADVANCED_FACE('',(#9777),#9788,.T.);
#9777 = FACE_BOUND('',#9778,.T.);
#9778 = EDGE_LOOP('',(#9779,#9780,#9786,#9787));
#9779 = ORIENTED_EDGE('',*,*,#8232,.T.);
#9780 = ORIENTED_EDGE('',*,*,#9781,.T.);
#9781 = EDGE_CURVE('',#8225,#9349,#9782,.T.);
#9782 = LINE('',#9783,#9784);
#9783 = CARTESIAN_POINT('',(3.,-2.5,14.25));
#9784 = VECTOR('',#9785,1.);
#9785 = DIRECTION('',(0.,1.,0.));
#9786 = ORIENTED_EDGE('',*,*,#9348,.F.);
#9787 = ORIENTED_EDGE('',*,*,#8478,.F.);
#9788 = PLANE('',#9789);
#9789 = AXIS2_PLACEMENT_3D('',#9790,#9791,#9792);
#9790 = CARTESIAN_POINT('',(3.,-2.5,0.));
#9791 = DIRECTION('',(1.,0.,0.));
#9792 = DIRECTION('',(0.,0.,-1.));
#9793 = ADVANCED_FACE('',(#9794),#9850,.F.);
#9794 = FACE_BOUND('',#9795,.T.);
#9795 = EDGE_LOOP('',(#9796,#9797,#9803,#9804,#9812,#9820,#9828,#9834,
    #9835,#9843,#9849));
#9796 = ORIENTED_EDGE('',*,*,#8017,.F.);
#9797 = ORIENTED_EDGE('',*,*,#9798,.F.);
#9798 = EDGE_CURVE('',#9013,#8018,#9799,.T.);
#9799 = LINE('',#9800,#9801);
#9800 = CARTESIAN_POINT('',(1.15,2.5,13.325));
#9801 = VECTOR('',#9802,1.);
#9802 = DIRECTION('',(0.,-1.,0.));
#9803 = ORIENTED_EDGE('',*,*,#9012,.F.);
#9804 = ORIENTED_EDGE('',*,*,#9805,.F.);
#9805 = EDGE_CURVE('',#9806,#9005,#9808,.T.);
#9806 = VERTEX_POINT('',#9807);
#9807 = CARTESIAN_POINT('',(1.95,2.35,13.325));
#9808 = LINE('',#9809,#9810);
#9809 = CARTESIAN_POINT('',(1.95,2.35,13.325));
#9810 = VECTOR('',#9811,1.);
#9811 = DIRECTION('',(-0.707106781187,0.707106781187,0.));
#9812 = ORIENTED_EDGE('',*,*,#9813,.F.);
#9813 = EDGE_CURVE('',#9814,#9806,#9816,.T.);
#9814 = VERTEX_POINT('',#9815);
#9815 = CARTESIAN_POINT('',(1.95,2.2,13.325));
#9816 = LINE('',#9817,#9818);
#9817 = CARTESIAN_POINT('',(1.95,2.5,13.325));
#9818 = VECTOR('',#9819,1.);
#9819 = DIRECTION('',(0.,1.,0.));
#9820 = ORIENTED_EDGE('',*,*,#9821,.F.);
#9821 = EDGE_CURVE('',#9822,#9814,#9824,.T.);
#9822 = VERTEX_POINT('',#9823);
#9823 = CARTESIAN_POINT('',(2.28,2.2,13.325));
#9824 = LINE('',#9825,#9826);
#9825 = CARTESIAN_POINT('',(1.15,2.2,13.325));
#9826 = VECTOR('',#9827,1.);
#9827 = DIRECTION('',(-1.,0.,0.));
#9828 = ORIENTED_EDGE('',*,*,#9829,.F.);
#9829 = EDGE_CURVE('',#8495,#9822,#9830,.T.);
#9830 = LINE('',#9831,#9832);
#9831 = CARTESIAN_POINT('',(2.43,2.05,13.325));
#9832 = VECTOR('',#9833,1.);
#9833 = DIRECTION('',(-0.707106781187,0.707106781187,0.));
#9834 = ORIENTED_EDGE('',*,*,#8573,.T.);
#9835 = ORIENTED_EDGE('',*,*,#9836,.F.);
#9836 = EDGE_CURVE('',#9837,#8566,#9839,.T.);
#9837 = VERTEX_POINT('',#9838);
#9838 = CARTESIAN_POINT('',(1.63,-1.,13.325));
#9839 = LINE('',#9840,#9841);
#9840 = CARTESIAN_POINT('',(1.63,-1.,13.325));
#9841 = VECTOR('',#9842,1.);
#9842 = DIRECTION('',(0.707106781187,-0.707106781187,0.));
#9843 = ORIENTED_EDGE('',*,*,#9844,.F.);
#9844 = EDGE_CURVE('',#7466,#9837,#9845,.T.);
#9845 = LINE('',#9846,#9847);
#9846 = CARTESIAN_POINT('',(0.,-1.,13.325));
#9847 = VECTOR('',#9848,1.);
#9848 = DIRECTION('',(1.,0.,0.));
#9849 = ORIENTED_EDGE('',*,*,#7473,.F.);
#9850 = PLANE('',#9851);
#9851 = AXIS2_PLACEMENT_3D('',#9852,#9853,#9854);
#9852 = CARTESIAN_POINT('',(1.15,2.5,13.325));
#9853 = DIRECTION('',(0.,0.,1.));
#9854 = DIRECTION('',(1.,0.,-0.));
#9855 = ADVANCED_FACE('',(#9856),#9874,.T.);
#9856 = FACE_BOUND('',#9857,.T.);
#9857 = EDGE_LOOP('',(#9858,#9866,#9872,#9873));
#9858 = ORIENTED_EDGE('',*,*,#9859,.T.);
#9859 = EDGE_CURVE('',#9822,#9860,#9862,.T.);
#9860 = VERTEX_POINT('',#9861);
#9861 = CARTESIAN_POINT('',(2.28,2.2,13.95));
#9862 = LINE('',#9863,#9864);
#9863 = CARTESIAN_POINT('',(2.28,2.2,13.6375));
#9864 = VECTOR('',#9865,1.);
#9865 = DIRECTION('',(0.,0.,1.));
#9866 = ORIENTED_EDGE('',*,*,#9867,.T.);
#9867 = EDGE_CURVE('',#9860,#8493,#9868,.T.);
#9868 = LINE('',#9869,#9870);
#9869 = CARTESIAN_POINT('',(2.355,2.125,13.95));
#9870 = VECTOR('',#9871,1.);
#9871 = DIRECTION('',(0.707106781187,-0.707106781187,0.));
#9872 = ORIENTED_EDGE('',*,*,#8492,.T.);
#9873 = ORIENTED_EDGE('',*,*,#9829,.T.);
#9874 = PLANE('',#9875);
#9875 = AXIS2_PLACEMENT_3D('',#9876,#9877,#9878);
#9876 = CARTESIAN_POINT('',(2.355,2.125,13.6375));
#9877 = DIRECTION('',(0.707106781187,0.707106781187,0.));
#9878 = DIRECTION('',(-0.707106781187,0.707106781187,0.));
#9879 = ADVANCED_FACE('',(#9880),#9922,.F.);
#9880 = FACE_BOUND('',#9881,.T.);
#9881 = EDGE_LOOP('',(#9882,#9892,#9900,#9906,#9907,#9908,#9916));
#9882 = ORIENTED_EDGE('',*,*,#9883,.F.);
#9883 = EDGE_CURVE('',#9884,#9886,#9888,.T.);
#9884 = VERTEX_POINT('',#9885);
#9885 = CARTESIAN_POINT('',(2.65,2.35,13.95));
#9886 = VERTEX_POINT('',#9887);
#9887 = CARTESIAN_POINT('',(1.95,2.35,13.95));
#9888 = LINE('',#9889,#9890);
#9889 = CARTESIAN_POINT('',(2.43,2.35,13.95));
#9890 = VECTOR('',#9891,1.);
#9891 = DIRECTION('',(-1.,0.,0.));
#9892 = ORIENTED_EDGE('',*,*,#9893,.F.);
#9893 = EDGE_CURVE('',#9894,#9884,#9896,.T.);
#9894 = VERTEX_POINT('',#9895);
#9895 = CARTESIAN_POINT('',(2.65,-2.1,13.95));
#9896 = LINE('',#9897,#9898);
#9897 = CARTESIAN_POINT('',(2.65,2.5,13.95));
#9898 = VECTOR('',#9899,1.);
#9899 = DIRECTION('',(0.,1.,0.));
#9900 = ORIENTED_EDGE('',*,*,#9901,.F.);
#9901 = EDGE_CURVE('',#8503,#9894,#9902,.T.);
#9902 = LINE('',#9903,#9904);
#9903 = CARTESIAN_POINT('',(2.43,-2.1,13.95));
#9904 = VECTOR('',#9905,1.);
#9905 = DIRECTION('',(1.,0.,0.));
#9906 = ORIENTED_EDGE('',*,*,#8502,.T.);
#9907 = ORIENTED_EDGE('',*,*,#9867,.F.);
#9908 = ORIENTED_EDGE('',*,*,#9909,.F.);
#9909 = EDGE_CURVE('',#9910,#9860,#9912,.T.);
#9910 = VERTEX_POINT('',#9911);
#9911 = CARTESIAN_POINT('',(1.95,2.2,13.95));
#9912 = LINE('',#9913,#9914);
#9913 = CARTESIAN_POINT('',(2.43,2.2,13.95));
#9914 = VECTOR('',#9915,1.);
#9915 = DIRECTION('',(1.,0.,0.));
#9916 = ORIENTED_EDGE('',*,*,#9917,.F.);
#9917 = EDGE_CURVE('',#9886,#9910,#9918,.T.);
#9918 = LINE('',#9919,#9920);
#9919 = CARTESIAN_POINT('',(1.95,2.5,13.95));
#9920 = VECTOR('',#9921,1.);
#9921 = DIRECTION('',(0.,-1.,0.));
#9922 = PLANE('',#9923);
#9923 = AXIS2_PLACEMENT_3D('',#9924,#9925,#9926);
#9924 = CARTESIAN_POINT('',(2.43,2.5,13.95));
#9925 = DIRECTION('',(0.,0.,1.));
#9926 = DIRECTION('',(1.,0.,-0.));
#9927 = ADVANCED_FACE('',(#9928),#9946,.T.);
#9928 = FACE_BOUND('',#9929,.T.);
#9929 = EDGE_LOOP('',(#9930,#9938,#9944,#9945));
#9930 = ORIENTED_EDGE('',*,*,#9931,.T.);
#9931 = EDGE_CURVE('',#9894,#9932,#9934,.T.);
#9932 = VERTEX_POINT('',#9933);
#9933 = CARTESIAN_POINT('',(2.65,-2.1,13.55));
#9934 = LINE('',#9935,#9936);
#9935 = CARTESIAN_POINT('',(2.65,-2.1,0.));
#9936 = VECTOR('',#9937,1.);
#9937 = DIRECTION('',(0.,0.,-1.));
#9938 = ORIENTED_EDGE('',*,*,#9939,.T.);
#9939 = EDGE_CURVE('',#9932,#8511,#9940,.T.);
#9940 = LINE('',#9941,#9942);
#9941 = CARTESIAN_POINT('',(3.,-2.1,13.55));
#9942 = VECTOR('',#9943,1.);
#9943 = DIRECTION('',(-1.,0.,0.));
#9944 = ORIENTED_EDGE('',*,*,#8510,.T.);
#9945 = ORIENTED_EDGE('',*,*,#9901,.T.);
#9946 = PLANE('',#9947);
#9947 = AXIS2_PLACEMENT_3D('',#9948,#9949,#9950);
#9948 = CARTESIAN_POINT('',(0.,-2.1,0.));
#9949 = DIRECTION('',(0.,1.,0.));
#9950 = DIRECTION('',(0.,-0.,1.));
#9951 = ADVANCED_FACE('',(#9952),#9977,.T.);
#9952 = FACE_BOUND('',#9953,.T.);
#9953 = EDGE_LOOP('',(#9954,#9955,#9963,#9971));
#9954 = ORIENTED_EDGE('',*,*,#8533,.T.);
#9955 = ORIENTED_EDGE('',*,*,#9956,.T.);
#9956 = EDGE_CURVE('',#8526,#9957,#9959,.T.);
#9957 = VERTEX_POINT('',#9958);
#9958 = CARTESIAN_POINT('',(2.65,-2.1,11.55));
#9959 = LINE('',#9960,#9961);
#9960 = CARTESIAN_POINT('',(2.43,-2.1,11.55));
#9961 = VECTOR('',#9962,1.);
#9962 = DIRECTION('',(1.,0.,0.));
#9963 = ORIENTED_EDGE('',*,*,#9964,.T.);
#9964 = EDGE_CURVE('',#9957,#9965,#9967,.T.);
#9965 = VERTEX_POINT('',#9966);
#9966 = CARTESIAN_POINT('',(2.65,-2.1,11.15));
#9967 = LINE('',#9968,#9969);
#9968 = CARTESIAN_POINT('',(2.65,-2.1,0.));
#9969 = VECTOR('',#9970,1.);
#9970 = DIRECTION('',(0.,0.,-1.));
#9971 = ORIENTED_EDGE('',*,*,#9972,.T.);
#9972 = EDGE_CURVE('',#9965,#8534,#9973,.T.);
#9973 = LINE('',#9974,#9975);
#9974 = CARTESIAN_POINT('',(0.,-2.1,11.15));
#9975 = VECTOR('',#9976,1.);
#9976 = DIRECTION('',(-1.,0.,0.));
#9977 = PLANE('',#9978);
#9978 = AXIS2_PLACEMENT_3D('',#9979,#9980,#9981);
#9979 = CARTESIAN_POINT('',(0.,-2.1,0.));
#9980 = DIRECTION('',(0.,1.,0.));
#9981 = DIRECTION('',(0.,-0.,1.));
#9982 = ADVANCED_FACE('',(#9983),#10025,.F.);
#9983 = FACE_BOUND('',#9984,.T.);
#9984 = EDGE_LOOP('',(#9985,#9993,#10001,#10009,#10017,#10023,#10024));
#9985 = ORIENTED_EDGE('',*,*,#9986,.F.);
#9986 = EDGE_CURVE('',#9987,#9965,#9989,.T.);
#9987 = VERTEX_POINT('',#9988);
#9988 = CARTESIAN_POINT('',(2.65,2.35,11.15));
#9989 = LINE('',#9990,#9991);
#9990 = CARTESIAN_POINT('',(2.65,2.5,11.15));
#9991 = VECTOR('',#9992,1.);
#9992 = DIRECTION('',(-0.,-1.,-0.));
#9993 = ORIENTED_EDGE('',*,*,#9994,.F.);
#9994 = EDGE_CURVE('',#9995,#9987,#9997,.T.);
#9995 = VERTEX_POINT('',#9996);
#9996 = CARTESIAN_POINT('',(1.95,2.35,11.15));
#9997 = LINE('',#9998,#9999);
#9998 = CARTESIAN_POINT('',(2.65,2.35,11.15));
#9999 = VECTOR('',#10000,1.);
#10000 = DIRECTION('',(1.,0.,0.));
#10001 = ORIENTED_EDGE('',*,*,#10002,.F.);
#10002 = EDGE_CURVE('',#10003,#9995,#10005,.T.);
#10003 = VERTEX_POINT('',#10004);
#10004 = CARTESIAN_POINT('',(1.95,2.2,11.15));
#10005 = LINE('',#10006,#10007);
#10006 = CARTESIAN_POINT('',(1.95,2.5,11.15));
#10007 = VECTOR('',#10008,1.);
#10008 = DIRECTION('',(0.,1.,0.));
#10009 = ORIENTED_EDGE('',*,*,#10010,.F.);
#10010 = EDGE_CURVE('',#10011,#10003,#10013,.T.);
#10011 = VERTEX_POINT('',#10012);
#10012 = CARTESIAN_POINT('',(2.28,2.2,11.15));
#10013 = LINE('',#10014,#10015);
#10014 = CARTESIAN_POINT('',(2.65,2.2,11.15));
#10015 = VECTOR('',#10016,1.);
#10016 = DIRECTION('',(-1.,0.,0.));
#10017 = ORIENTED_EDGE('',*,*,#10018,.F.);
#10018 = EDGE_CURVE('',#8542,#10011,#10019,.T.);
#10019 = LINE('',#10020,#10021);
#10020 = CARTESIAN_POINT('',(2.43,2.05,11.15));
#10021 = VECTOR('',#10022,1.);
#10022 = DIRECTION('',(-0.707106781187,0.707106781187,0.));
#10023 = ORIENTED_EDGE('',*,*,#8541,.T.);
#10024 = ORIENTED_EDGE('',*,*,#9972,.F.);
#10025 = PLANE('',#10026);
#10026 = AXIS2_PLACEMENT_3D('',#10027,#10028,#10029);
#10027 = CARTESIAN_POINT('',(2.65,2.5,11.15));
#10028 = DIRECTION('',(0.,0.,-1.));
#10029 = DIRECTION('',(-1.,0.,0.));
#10030 = ADVANCED_FACE('',(#10031),#10049,.T.);
#10031 = FACE_BOUND('',#10032,.T.);
#10032 = EDGE_LOOP('',(#10033,#10034,#10035,#10043));
#10033 = ORIENTED_EDGE('',*,*,#8549,.T.);
#10034 = ORIENTED_EDGE('',*,*,#10018,.T.);
#10035 = ORIENTED_EDGE('',*,*,#10036,.T.);
#10036 = EDGE_CURVE('',#10011,#10037,#10039,.T.);
#10037 = VERTEX_POINT('',#10038);
#10038 = CARTESIAN_POINT('',(2.28,2.2,11.775));
#10039 = LINE('',#10040,#10041);
#10040 = CARTESIAN_POINT('',(2.28,2.2,11.4625));
#10041 = VECTOR('',#10042,1.);
#10042 = DIRECTION('',(0.,0.,1.));
#10043 = ORIENTED_EDGE('',*,*,#10044,.T.);
#10044 = EDGE_CURVE('',#10037,#8550,#10045,.T.);
#10045 = LINE('',#10046,#10047);
#10046 = CARTESIAN_POINT('',(2.355,2.125,11.775));
#10047 = VECTOR('',#10048,1.);
#10048 = DIRECTION('',(0.707106781187,-0.707106781187,0.));
#10049 = PLANE('',#10050);
#10050 = AXIS2_PLACEMENT_3D('',#10051,#10052,#10053);
#10051 = CARTESIAN_POINT('',(2.355,2.125,11.4625));
#10052 = DIRECTION('',(0.707106781187,0.707106781187,0.));
#10053 = DIRECTION('',(-0.707106781187,0.707106781187,0.));
#10054 = ADVANCED_FACE('',(#10055),#10104,.F.);
#10055 = FACE_BOUND('',#10056,.T.);
#10056 = EDGE_LOOP('',(#10057,#10065,#10073,#10079,#10080,#10086,#10087,
    #10088,#10096,#10102,#10103));
#10057 = ORIENTED_EDGE('',*,*,#10058,.F.);
#10058 = EDGE_CURVE('',#10059,#10037,#10061,.T.);
#10059 = VERTEX_POINT('',#10060);
#10060 = CARTESIAN_POINT('',(1.95,2.2,11.775));
#10061 = LINE('',#10062,#10063);
#10062 = CARTESIAN_POINT('',(2.43,2.2,11.775));
#10063 = VECTOR('',#10064,1.);
#10064 = DIRECTION('',(1.,0.,0.));
#10065 = ORIENTED_EDGE('',*,*,#10066,.F.);
#10066 = EDGE_CURVE('',#10067,#10059,#10069,.T.);
#10067 = VERTEX_POINT('',#10068);
#10068 = CARTESIAN_POINT('',(1.95,2.35,11.775));
#10069 = LINE('',#10070,#10071);
#10070 = CARTESIAN_POINT('',(1.95,2.5,11.775));
#10071 = VECTOR('',#10072,1.);
#10072 = DIRECTION('',(-0.,-1.,-0.));
#10073 = ORIENTED_EDGE('',*,*,#10074,.F.);
#10074 = EDGE_CURVE('',#8971,#10067,#10075,.T.);
#10075 = LINE('',#10076,#10077);
#10076 = CARTESIAN_POINT('',(1.8,2.5,11.775));
#10077 = VECTOR('',#10078,1.);
#10078 = DIRECTION('',(0.707106781187,-0.707106781187,0.));
#10079 = ORIENTED_EDGE('',*,*,#9028,.F.);
#10080 = ORIENTED_EDGE('',*,*,#10081,.F.);
#10081 = EDGE_CURVE('',#8027,#9021,#10082,.T.);
#10082 = LINE('',#10083,#10084);
#10083 = CARTESIAN_POINT('',(1.15,2.5,11.775));
#10084 = VECTOR('',#10085,1.);
#10085 = DIRECTION('',(0.,1.,0.));
#10086 = ORIENTED_EDGE('',*,*,#8034,.F.);
#10087 = ORIENTED_EDGE('',*,*,#7456,.F.);
#10088 = ORIENTED_EDGE('',*,*,#10089,.F.);
#10089 = EDGE_CURVE('',#10090,#7457,#10092,.T.);
#10090 = VERTEX_POINT('',#10091);
#10091 = CARTESIAN_POINT('',(1.63,-1.,11.775));
#10092 = LINE('',#10093,#10094);
#10093 = CARTESIAN_POINT('',(0.,-1.,11.775));
#10094 = VECTOR('',#10095,1.);
#10095 = DIRECTION('',(-1.,0.,0.));
#10096 = ORIENTED_EDGE('',*,*,#10097,.F.);
#10097 = EDGE_CURVE('',#8558,#10090,#10098,.T.);
#10098 = LINE('',#10099,#10100);
#10099 = CARTESIAN_POINT('',(2.43,-1.8,11.775));
#10100 = VECTOR('',#10101,1.);
#10101 = DIRECTION('',(-0.707106781187,0.707106781187,0.));
#10102 = ORIENTED_EDGE('',*,*,#8557,.T.);
#10103 = ORIENTED_EDGE('',*,*,#10044,.F.);
#10104 = PLANE('',#10105);
#10105 = AXIS2_PLACEMENT_3D('',#10106,#10107,#10108);
#10106 = CARTESIAN_POINT('',(2.43,2.5,11.775));
#10107 = DIRECTION('',(0.,0.,-1.));
#10108 = DIRECTION('',(-1.,0.,0.));
#10109 = ADVANCED_FACE('',(#10110),#10121,.T.);
#10110 = FACE_BOUND('',#10111,.T.);
#10111 = EDGE_LOOP('',(#10112,#10113,#10119,#10120));
#10112 = ORIENTED_EDGE('',*,*,#10097,.T.);
#10113 = ORIENTED_EDGE('',*,*,#10114,.T.);
#10114 = EDGE_CURVE('',#10090,#9837,#10115,.T.);
#10115 = LINE('',#10116,#10117);
#10116 = CARTESIAN_POINT('',(1.63,-1.,12.55));
#10117 = VECTOR('',#10118,1.);
#10118 = DIRECTION('',(0.,0.,1.));
#10119 = ORIENTED_EDGE('',*,*,#9836,.T.);
#10120 = ORIENTED_EDGE('',*,*,#8565,.T.);
#10121 = PLANE('',#10122);
#10122 = AXIS2_PLACEMENT_3D('',#10123,#10124,#10125);
#10123 = CARTESIAN_POINT('',(2.03,-1.4,12.55));
#10124 = DIRECTION('',(0.707106781187,0.707106781187,0.));
#10125 = DIRECTION('',(-0.707106781187,0.707106781187,0.));
#10126 = ADVANCED_FACE('',(#10127),#10138,.T.);
#10127 = FACE_BOUND('',#10128,.T.);
#10128 = EDGE_LOOP('',(#10129,#10130,#10131,#10132));
#10129 = ORIENTED_EDGE('',*,*,#8176,.T.);
#10130 = ORIENTED_EDGE('',*,*,#8597,.F.);
#10131 = ORIENTED_EDGE('',*,*,#9372,.F.);
#10132 = ORIENTED_EDGE('',*,*,#10133,.T.);
#10133 = EDGE_CURVE('',#9365,#8177,#10134,.T.);
#10134 = LINE('',#10135,#10136);
#10135 = CARTESIAN_POINT('',(3.1,0.,10.95));
#10136 = VECTOR('',#10137,1.);
#10137 = DIRECTION('',(-0.,-1.,-0.));
#10138 = PLANE('',#10139);
#10139 = AXIS2_PLACEMENT_3D('',#10140,#10141,#10142);
#10140 = CARTESIAN_POINT('',(3.05,0.,10.9));
#10141 = DIRECTION('',(0.707106781187,0.,-0.707106781187));
#10142 = DIRECTION('',(-0.707106781187,0.,-0.707106781187));
#10143 = ADVANCED_FACE('',(#10144),#10178,.F.);
#10144 = FACE_BOUND('',#10145,.T.);
#10145 = EDGE_LOOP('',(#10146,#10156,#10164,#10170,#10171,#10172));
#10146 = ORIENTED_EDGE('',*,*,#10147,.F.);
#10147 = EDGE_CURVE('',#10148,#10150,#10152,.T.);
#10148 = VERTEX_POINT('',#10149);
#10149 = CARTESIAN_POINT('',(2.18,1.95,4.2));
#10150 = VERTEX_POINT('',#10151);
#10151 = CARTESIAN_POINT('',(2.45,1.95,4.2));
#10152 = LINE('',#10153,#10154);
#10153 = CARTESIAN_POINT('',(2.13,1.95,4.2));
#10154 = VECTOR('',#10155,1.);
#10155 = DIRECTION('',(1.,0.,0.));
#10156 = ORIENTED_EDGE('',*,*,#10157,.F.);
#10157 = EDGE_CURVE('',#10158,#10148,#10160,.T.);
#10158 = VERTEX_POINT('',#10159);
#10159 = CARTESIAN_POINT('',(2.13,1.95,4.2));
#10160 = LINE('',#10161,#10162);
#10161 = CARTESIAN_POINT('',(2.13,1.95,4.2));
#10162 = VECTOR('',#10163,1.);
#10163 = DIRECTION('',(1.,0.,0.));
#10164 = ORIENTED_EDGE('',*,*,#10165,.F.);
#10165 = EDGE_CURVE('',#9380,#10158,#10166,.T.);
#10166 = LINE('',#10167,#10168);
#10167 = CARTESIAN_POINT('',(2.13,2.5,4.2));
#10168 = VECTOR('',#10169,1.);
#10169 = DIRECTION('',(0.,-1.,0.));
#10170 = ORIENTED_EDGE('',*,*,#9379,.F.);
#10171 = ORIENTED_EDGE('',*,*,#8652,.F.);
#10172 = ORIENTED_EDGE('',*,*,#10173,.F.);
#10173 = EDGE_CURVE('',#10150,#8645,#10174,.T.);
#10174 = LINE('',#10175,#10176);
#10175 = CARTESIAN_POINT('',(2.13,1.95,4.2));
#10176 = VECTOR('',#10177,1.);
#10177 = DIRECTION('',(1.,0.,0.));
#10178 = PLANE('',#10179);
#10179 = AXIS2_PLACEMENT_3D('',#10180,#10181,#10182);
#10180 = CARTESIAN_POINT('',(2.13,2.5,4.2));
#10181 = DIRECTION('',(0.,0.,1.));
#10182 = DIRECTION('',(1.,0.,-0.));
#10183 = ADVANCED_FACE('',(#10184),#10202,.T.);
#10184 = FACE_BOUND('',#10185,.T.);
#10185 = EDGE_LOOP('',(#10186,#10187,#10188,#10196));
#10186 = ORIENTED_EDGE('',*,*,#10173,.T.);
#10187 = ORIENTED_EDGE('',*,*,#8644,.F.);
#10188 = ORIENTED_EDGE('',*,*,#10189,.T.);
#10189 = EDGE_CURVE('',#8637,#10190,#10192,.T.);
#10190 = VERTEX_POINT('',#10191);
#10191 = CARTESIAN_POINT('',(2.45,1.95,3.));
#10192 = LINE('',#10193,#10194);
#10193 = CARTESIAN_POINT('',(0.,1.95,3.));
#10194 = VECTOR('',#10195,1.);
#10195 = DIRECTION('',(-1.,0.,0.));
#10196 = ORIENTED_EDGE('',*,*,#10197,.T.);
#10197 = EDGE_CURVE('',#10190,#10150,#10198,.T.);
#10198 = LINE('',#10199,#10200);
#10199 = CARTESIAN_POINT('',(2.45,1.95,0.));
#10200 = VECTOR('',#10201,1.);
#10201 = DIRECTION('',(0.,0.,1.));
#10202 = PLANE('',#10203);
#10203 = AXIS2_PLACEMENT_3D('',#10204,#10205,#10206);
#10204 = CARTESIAN_POINT('',(0.,1.95,0.));
#10205 = DIRECTION('',(0.,1.,0.));
#10206 = DIRECTION('',(0.,-0.,1.));
#10207 = ADVANCED_FACE('',(#10208),#10235,.F.);
#10208 = FACE_BOUND('',#10209,.T.);
#10209 = EDGE_LOOP('',(#10210,#10218,#10226,#10232,#10233,#10234));
#10210 = ORIENTED_EDGE('',*,*,#10211,.F.);
#10211 = EDGE_CURVE('',#10212,#9388,#10214,.T.);
#10212 = VERTEX_POINT('',#10213);
#10213 = CARTESIAN_POINT('',(2.13,1.95,3.));
#10214 = LINE('',#10215,#10216);
#10215 = CARTESIAN_POINT('',(2.13,2.5,3.));
#10216 = VECTOR('',#10217,1.);
#10217 = DIRECTION('',(0.,1.,0.));
#10218 = ORIENTED_EDGE('',*,*,#10219,.F.);
#10219 = EDGE_CURVE('',#10220,#10212,#10222,.T.);
#10220 = VERTEX_POINT('',#10221);
#10221 = CARTESIAN_POINT('',(2.18,1.95,3.));
#10222 = LINE('',#10223,#10224);
#10223 = CARTESIAN_POINT('',(3.085488982207,1.95,3.));
#10224 = VECTOR('',#10225,1.);
#10225 = DIRECTION('',(-1.,0.,0.));
#10226 = ORIENTED_EDGE('',*,*,#10227,.T.);
#10227 = EDGE_CURVE('',#10220,#10190,#10228,.T.);
#10228 = LINE('',#10229,#10230);
#10229 = CARTESIAN_POINT('',(2.18,1.95,3.));
#10230 = VECTOR('',#10231,1.);
#10231 = DIRECTION('',(1.,0.,0.));
#10232 = ORIENTED_EDGE('',*,*,#10189,.F.);
#10233 = ORIENTED_EDGE('',*,*,#8636,.F.);
#10234 = ORIENTED_EDGE('',*,*,#9395,.F.);
#10235 = PLANE('',#10236);
#10236 = AXIS2_PLACEMENT_3D('',#10237,#10238,#10239);
#10237 = CARTESIAN_POINT('',(3.085488982207,2.5,3.));
#10238 = DIRECTION('',(0.,0.,-1.));
#10239 = DIRECTION('',(-1.,0.,0.));
#10240 = ADVANCED_FACE('',(#10241),#10252,.F.);
#10241 = FACE_BOUND('',#10242,.T.);
#10242 = EDGE_LOOP('',(#10243,#10244,#10245,#10251));
#10243 = ORIENTED_EDGE('',*,*,#8612,.F.);
#10244 = ORIENTED_EDGE('',*,*,#8698,.F.);
#10245 = ORIENTED_EDGE('',*,*,#10246,.F.);
#10246 = EDGE_CURVE('',#8837,#8691,#10247,.T.);
#10247 = LINE('',#10248,#10249);
#10248 = CARTESIAN_POINT('',(2.75,-2.2,0.));
#10249 = VECTOR('',#10250,1.);
#10250 = DIRECTION('',(0.,0.,1.));
#10251 = ORIENTED_EDGE('',*,*,#8836,.T.);
#10252 = PLANE('',#10253);
#10253 = AXIS2_PLACEMENT_3D('',#10254,#10255,#10256);
#10254 = CARTESIAN_POINT('',(2.18,-2.2,0.));
#10255 = DIRECTION('',(0.,1.,0.));
#10256 = DIRECTION('',(0.,-0.,1.));
#10257 = ADVANCED_FACE('',(#10258),#10276,.T.);
#10258 = FACE_BOUND('',#10259,.T.);
#10259 = EDGE_LOOP('',(#10260,#10268,#10269,#10270));
#10260 = ORIENTED_EDGE('',*,*,#10261,.T.);
#10261 = EDGE_CURVE('',#10262,#8675,#10264,.T.);
#10262 = VERTEX_POINT('',#10263);
#10263 = CARTESIAN_POINT('',(2.45,-2.05,3.95));
#10264 = LINE('',#10265,#10266);
#10265 = CARTESIAN_POINT('',(2.45,-2.05,3.95));
#10266 = VECTOR('',#10267,1.);
#10267 = DIRECTION('',(0.,-0.707106781187,-0.707106781187));
#10268 = ORIENTED_EDGE('',*,*,#8674,.F.);
#10269 = ORIENTED_EDGE('',*,*,#8724,.T.);
#10270 = ORIENTED_EDGE('',*,*,#10271,.T.);
#10271 = EDGE_CURVE('',#8715,#10262,#10272,.T.);
#10272 = LINE('',#10273,#10274);
#10273 = CARTESIAN_POINT('',(2.315,-2.05,3.95));
#10274 = VECTOR('',#10275,1.);
#10275 = DIRECTION('',(1.,0.,0.));
#10276 = PLANE('',#10277);
#10277 = AXIS2_PLACEMENT_3D('',#10278,#10279,#10280);
#10278 = CARTESIAN_POINT('',(2.315,-2.15,3.85));
#10279 = DIRECTION('',(0.,0.707106781187,-0.707106781187));
#10280 = DIRECTION('',(0.,0.707106781187,0.707106781187));
#10281 = ADVANCED_FACE('',(#10282),#10300,.F.);
#10282 = FACE_BOUND('',#10283,.T.);
#10283 = EDGE_LOOP('',(#10284,#10292,#10298,#10299));
#10284 = ORIENTED_EDGE('',*,*,#10285,.F.);
#10285 = EDGE_CURVE('',#10286,#8717,#10288,.T.);
#10286 = VERTEX_POINT('',#10287);
#10287 = CARTESIAN_POINT('',(2.45,-2.05,10.7));
#10288 = LINE('',#10289,#10290);
#10289 = CARTESIAN_POINT('',(0.,-2.05,10.7));
#10290 = VECTOR('',#10291,1.);
#10291 = DIRECTION('',(-1.,0.,0.));
#10292 = ORIENTED_EDGE('',*,*,#10293,.F.);
#10293 = EDGE_CURVE('',#10262,#10286,#10294,.T.);
#10294 = LINE('',#10295,#10296);
#10295 = CARTESIAN_POINT('',(2.45,-2.05,0.));
#10296 = VECTOR('',#10297,1.);
#10297 = DIRECTION('',(0.,0.,1.));
#10298 = ORIENTED_EDGE('',*,*,#10271,.F.);
#10299 = ORIENTED_EDGE('',*,*,#8714,.T.);
#10300 = PLANE('',#10301);
#10301 = AXIS2_PLACEMENT_3D('',#10302,#10303,#10304);
#10302 = CARTESIAN_POINT('',(2.45,-2.05,0.));
#10303 = DIRECTION('',(0.,-1.,0.));
#10304 = DIRECTION('',(0.,0.,-1.));
#10305 = ADVANCED_FACE('',(#10306),#10357,.F.);
#10306 = FACE_BOUND('',#10307,.T.);
#10307 = EDGE_LOOP('',(#10308,#10314,#10315,#10316,#10317,#10325,#10333,
    #10341,#10349,#10356));
#10308 = ORIENTED_EDGE('',*,*,#10309,.F.);
#10309 = EDGE_CURVE('',#8741,#7413,#10310,.T.);
#10310 = LINE('',#10311,#10312);
#10311 = CARTESIAN_POINT('',(2.18,-1.3,9.2));
#10312 = VECTOR('',#10313,1.);
#10313 = DIRECTION('',(-1.,-0.,-0.));
#10314 = ORIENTED_EDGE('',*,*,#8740,.T.);
#10315 = ORIENTED_EDGE('',*,*,#8786,.F.);
#10316 = ORIENTED_EDGE('',*,*,#8820,.T.);
#10317 = ORIENTED_EDGE('',*,*,#10318,.F.);
#10318 = EDGE_CURVE('',#10319,#8813,#10321,.T.);
#10319 = VERTEX_POINT('',#10320);
#10320 = CARTESIAN_POINT('',(1.244989959875,-1.3,5.010040124694E-03));
#10321 = LINE('',#10322,#10323);
#10322 = CARTESIAN_POINT('',(1.244989959809,-1.3,5.010040190509E-03));
#10323 = VECTOR('',#10324,1.);
#10324 = DIRECTION('',(0.707106781221,0.,-0.707106781152));
#10325 = ORIENTED_EDGE('',*,*,#10326,.F.);
#10326 = EDGE_CURVE('',#10327,#10319,#10329,.T.);
#10327 = VERTEX_POINT('',#10328);
#10328 = CARTESIAN_POINT('',(1.244989959875,-1.3,3.2));
#10329 = LINE('',#10330,#10331);
#10330 = CARTESIAN_POINT('',(1.244989959951,-1.3,0.));
#10331 = VECTOR('',#10332,1.);
#10332 = DIRECTION('',(0.,0.,-1.));
#10333 = ORIENTED_EDGE('',*,*,#10334,.F.);
#10334 = EDGE_CURVE('',#10335,#10327,#10337,.T.);
#10335 = VERTEX_POINT('',#10336);
#10336 = CARTESIAN_POINT('',(0.932737925715,-1.3,3.2));
#10337 = LINE('',#10338,#10339);
#10338 = CARTESIAN_POINT('',(2.18,-1.3,3.2));
#10339 = VECTOR('',#10340,1.);
#10340 = DIRECTION('',(1.,0.,0.));
#10341 = ORIENTED_EDGE('',*,*,#10342,.F.);
#10342 = EDGE_CURVE('',#10343,#10335,#10345,.T.);
#10343 = VERTEX_POINT('',#10344);
#10344 = CARTESIAN_POINT('',(0.932737946121,-1.3,6.699999895959));
#10345 = LINE('',#10346,#10347);
#10346 = CARTESIAN_POINT('',(0.932737946121,-1.3,0.));
#10347 = VECTOR('',#10348,1.);
#10348 = DIRECTION('',(0.,0.,-1.));
#10349 = ORIENTED_EDGE('',*,*,#10350,.T.);
#10350 = EDGE_CURVE('',#10343,#7415,#10351,.T.);
#10351 = B_SPLINE_CURVE_WITH_KNOTS('',3,(#10352,#10353,#10354,#10355),
  .UNSPECIFIED.,.F.,.F.,(4,4),(0.,5.07445842616E-04),
  .PIECEWISE_BEZIER_KNOTS.);
#10352 = CARTESIAN_POINT('',(0.932737946121,-1.3,6.699999895959));
#10353 = CARTESIAN_POINT('',(1.042976165365,-1.3,6.828529079046));
#10354 = CARTESIAN_POINT('',(1.145826815779,-1.3,6.962825244151));
#10355 = CARTESIAN_POINT('',(1.244989961274,-1.3,7.099999878921));
#10356 = ORIENTED_EDGE('',*,*,#7412,.F.);
#10357 = PLANE('',#10358);
#10358 = AXIS2_PLACEMENT_3D('',#10359,#10360,#10361);
#10359 = CARTESIAN_POINT('',(2.18,-1.3,0.));
#10360 = DIRECTION('',(0.,-1.,0.));
#10361 = DIRECTION('',(0.,0.,-1.));
#10362 = ADVANCED_FACE('',(#10363),#10374,.T.);
#10363 = FACE_BOUND('',#10364,.T.);
#10364 = EDGE_LOOP('',(#10365,#10366,#10372,#10373));
#10365 = ORIENTED_EDGE('',*,*,#7422,.T.);
#10366 = ORIENTED_EDGE('',*,*,#10367,.T.);
#10367 = EDGE_CURVE('',#7423,#8749,#10368,.T.);
#10368 = LINE('',#10369,#10370);
#10369 = CARTESIAN_POINT('',(0.,-0.5,9.2));
#10370 = VECTOR('',#10371,1.);
#10371 = DIRECTION('',(1.,0.,0.));
#10372 = ORIENTED_EDGE('',*,*,#8748,.T.);
#10373 = ORIENTED_EDGE('',*,*,#10309,.T.);
#10374 = PLANE('',#10375);
#10375 = AXIS2_PLACEMENT_3D('',#10376,#10377,#10378);
#10376 = CARTESIAN_POINT('',(0.,0.,9.2));
#10377 = DIRECTION('',(0.,0.,-1.));
#10378 = DIRECTION('',(-1.,0.,0.));
#10379 = ADVANCED_FACE('',(#10380),#10391,.F.);
#10380 = FACE_BOUND('',#10381,.T.);
#10381 = EDGE_LOOP('',(#10382,#10383,#10389,#10390));
#10382 = ORIENTED_EDGE('',*,*,#7431,.F.);
#10383 = ORIENTED_EDGE('',*,*,#10384,.F.);
#10384 = EDGE_CURVE('',#8757,#7432,#10385,.T.);
#10385 = LINE('',#10386,#10387);
#10386 = CARTESIAN_POINT('',(0.,-0.5,10.7));
#10387 = VECTOR('',#10388,1.);
#10388 = DIRECTION('',(-1.,0.,0.));
#10389 = ORIENTED_EDGE('',*,*,#8756,.T.);
#10390 = ORIENTED_EDGE('',*,*,#10367,.F.);
#10391 = PLANE('',#10392);
#10392 = AXIS2_PLACEMENT_3D('',#10393,#10394,#10395);
#10393 = CARTESIAN_POINT('',(2.18,-0.5,9.2));
#10394 = DIRECTION('',(0.,-1.,0.));
#10395 = DIRECTION('',(0.,0.,-1.));
#10396 = ADVANCED_FACE('',(#10397),#10422,.T.);
#10397 = FACE_BOUND('',#10398,.T.);
#10398 = EDGE_LOOP('',(#10399,#10407,#10408,#10416));
#10399 = ORIENTED_EDGE('',*,*,#10400,.T.);
#10400 = EDGE_CURVE('',#10401,#8805,#10403,.T.);
#10401 = VERTEX_POINT('',#10402);
#10402 = CARTESIAN_POINT('',(-2.55,-2.,0.2));
#10403 = LINE('',#10404,#10405);
#10404 = CARTESIAN_POINT('',(-2.55,-2.,0.2));
#10405 = VECTOR('',#10406,1.);
#10406 = DIRECTION('',(-0.57735026919,-0.57735026919,-0.57735026919));
#10407 = ORIENTED_EDGE('',*,*,#8932,.T.);
#10408 = ORIENTED_EDGE('',*,*,#10409,.T.);
#10409 = EDGE_CURVE('',#8925,#10410,#10412,.T.);
#10410 = VERTEX_POINT('',#10411);
#10411 = CARTESIAN_POINT('',(-2.55,2.,0.2));
#10412 = LINE('',#10413,#10414);
#10413 = CARTESIAN_POINT('',(-2.75,2.2,1.355252715607E-16));
#10414 = VECTOR('',#10415,1.);
#10415 = DIRECTION('',(0.57735026919,-0.57735026919,0.57735026919));
#10416 = ORIENTED_EDGE('',*,*,#10417,.T.);
#10417 = EDGE_CURVE('',#10410,#10401,#10418,.T.);
#10418 = LINE('',#10419,#10420);
#10419 = CARTESIAN_POINT('',(-2.55,0.,0.2));
#10420 = VECTOR('',#10421,1.);
#10421 = DIRECTION('',(-0.,-1.,-0.));
#10422 = PLANE('',#10423);
#10423 = AXIS2_PLACEMENT_3D('',#10424,#10425,#10426);
#10424 = CARTESIAN_POINT('',(-2.65,0.,1.E-01));
#10425 = DIRECTION('',(0.707106781187,0.,-0.707106781187));
#10426 = DIRECTION('',(-0.707106781187,0.,-0.707106781187));
#10427 = ADVANCED_FACE('',(#10428),#10462,.T.);
#10428 = FACE_BOUND('',#10429,.T.);
#10429 = EDGE_LOOP('',(#10430,#10438,#10446,#10454,#10460,#10461));
#10430 = ORIENTED_EDGE('',*,*,#10431,.T.);
#10431 = EDGE_CURVE('',#10401,#10432,#10434,.T.);
#10432 = VERTEX_POINT('',#10433);
#10433 = CARTESIAN_POINT('',(-2.,-2.,0.2));
#10434 = LINE('',#10435,#10436);
#10435 = CARTESIAN_POINT('',(0.95,-2.,0.2));
#10436 = VECTOR('',#10437,1.);
#10437 = DIRECTION('',(1.,0.,0.));
#10438 = ORIENTED_EDGE('',*,*,#10439,.T.);
#10439 = EDGE_CURVE('',#10432,#10440,#10442,.T.);
#10440 = VERTEX_POINT('',#10441);
#10441 = CARTESIAN_POINT('',(0.53,-2.,0.2));
#10442 = LINE('',#10443,#10444);
#10443 = CARTESIAN_POINT('',(-0.75,-2.,0.2));
#10444 = VECTOR('',#10445,1.);
#10445 = DIRECTION('',(1.,0.,0.));
#10446 = ORIENTED_EDGE('',*,*,#10447,.T.);
#10447 = EDGE_CURVE('',#10440,#10448,#10450,.T.);
#10448 = VERTEX_POINT('',#10449);
#10449 = CARTESIAN_POINT('',(1.05,-2.,0.2));
#10450 = LINE('',#10451,#10452);
#10451 = CARTESIAN_POINT('',(0.95,-2.,0.2));
#10452 = VECTOR('',#10453,1.);
#10453 = DIRECTION('',(1.,0.,0.));
#10454 = ORIENTED_EDGE('',*,*,#10455,.T.);
#10455 = EDGE_CURVE('',#10448,#8803,#10456,.T.);
#10456 = LINE('',#10457,#10458);
#10457 = CARTESIAN_POINT('',(1.05,-2.,0.2));
#10458 = VECTOR('',#10459,1.);
#10459 = DIRECTION('',(0.57735026919,-0.57735026919,-0.57735026919));
#10460 = ORIENTED_EDGE('',*,*,#8802,.T.);
#10461 = ORIENTED_EDGE('',*,*,#10400,.F.);
#10462 = PLANE('',#10463);
#10463 = AXIS2_PLACEMENT_3D('',#10464,#10465,#10466);
#10464 = CARTESIAN_POINT('',(-0.75,-2.1,1.E-01));
#10465 = DIRECTION('',(0.,0.707106781187,-0.707106781187));
#10466 = DIRECTION('',(0.,0.707106781187,0.707106781187));
#10467 = ADVANCED_FACE('',(#10468),#10488,.T.);
#10468 = FACE_BOUND('',#10469,.T.);
#10469 = EDGE_LOOP('',(#10470,#10479,#10480,#10481,#10482));
#10470 = ORIENTED_EDGE('',*,*,#10471,.T.);
#10471 = EDGE_CURVE('',#10472,#10319,#10474,.T.);
#10472 = VERTEX_POINT('',#10473);
#10473 = CARTESIAN_POINT('',(1.05,-1.462019151721,0.2));
#10474 = ( BOUNDED_CURVE() B_SPLINE_CURVE(3,(#10475,#10476,#10477,#10478
),.UNSPECIFIED.,.F.,.F.) B_SPLINE_CURVE_WITH_KNOTS((4,4),(2.193622912207
,2.334582823233),.PIECEWISE_BEZIER_KNOTS.) CURVE() 
GEOMETRIC_REPRESENTATION_ITEM() RATIONAL_B_SPLINE_CURVE((1.,
0.998344877269,0.998344877269,1.)) REPRESENTATION_ITEM('') );
#10475 = CARTESIAN_POINT('',(1.05,-1.462019151721,0.2));
#10476 = CARTESIAN_POINT('',(1.118752297629,-1.412642293405,
    0.131247702371));
#10477 = CARTESIAN_POINT('',(1.1838567067,-1.358546374095,
    6.614329330005E-02));
#10478 = CARTESIAN_POINT('',(1.244989959875,-1.3,5.010040124694E-03));
#10479 = ORIENTED_EDGE('',*,*,#10318,.T.);
#10480 = ORIENTED_EDGE('',*,*,#8812,.T.);
#10481 = ORIENTED_EDGE('',*,*,#10455,.F.);
#10482 = ORIENTED_EDGE('',*,*,#10483,.T.);
#10483 = EDGE_CURVE('',#10448,#10472,#10484,.T.);
#10484 = LINE('',#10485,#10486);
#10485 = CARTESIAN_POINT('',(1.05,2.,0.2));
#10486 = VECTOR('',#10487,1.);
#10487 = DIRECTION('',(0.,1.,0.));
#10488 = PLANE('',#10489);
#10489 = AXIS2_PLACEMENT_3D('',#10490,#10491,#10492);
#10490 = CARTESIAN_POINT('',(1.15,-1.731009575861,1.E-01));
#10491 = DIRECTION('',(-0.707106781187,0.,-0.707106781187));
#10492 = DIRECTION('',(-0.707106781187,0.,0.707106781187));
#10493 = ADVANCED_FACE('',(#10494),#10519,.T.);
#10494 = FACE_BOUND('',#10495,.T.);
#10495 = EDGE_LOOP('',(#10496,#10497,#10505,#10513));
#10496 = ORIENTED_EDGE('',*,*,#8852,.T.);
#10497 = ORIENTED_EDGE('',*,*,#10498,.T.);
#10498 = EDGE_CURVE('',#8845,#10499,#10501,.T.);
#10499 = VERTEX_POINT('',#10500);
#10500 = CARTESIAN_POINT('',(2.45,-1.9,0.2));
#10501 = LINE('',#10502,#10503);
#10502 = CARTESIAN_POINT('',(2.65,-2.1,-2.168404344971E-16));
#10503 = VECTOR('',#10504,1.);
#10504 = DIRECTION('',(-0.57735026919,0.57735026919,0.57735026919));
#10505 = ORIENTED_EDGE('',*,*,#10506,.T.);
#10506 = EDGE_CURVE('',#10499,#10507,#10509,.T.);
#10507 = VERTEX_POINT('',#10508);
#10508 = CARTESIAN_POINT('',(2.45,1.95,0.2));
#10509 = LINE('',#10510,#10511);
#10510 = CARTESIAN_POINT('',(2.45,2.500000000001E-02,0.2));
#10511 = VECTOR('',#10512,1.);
#10512 = DIRECTION('',(0.,1.,0.));
#10513 = ORIENTED_EDGE('',*,*,#10514,.T.);
#10514 = EDGE_CURVE('',#10507,#8853,#10515,.T.);
#10515 = LINE('',#10516,#10517);
#10516 = CARTESIAN_POINT('',(2.45,1.95,0.2));
#10517 = VECTOR('',#10518,1.);
#10518 = DIRECTION('',(0.57735026919,0.57735026919,-0.57735026919));
#10519 = PLANE('',#10520);
#10520 = AXIS2_PLACEMENT_3D('',#10521,#10522,#10523);
#10521 = CARTESIAN_POINT('',(2.55,2.500000000001E-02,1.E-01));
#10522 = DIRECTION('',(-0.707106781187,0.,-0.707106781187));
#10523 = DIRECTION('',(-0.707106781187,0.,0.707106781187));
#10524 = ADVANCED_FACE('',(#10525),#10543,.T.);
#10525 = FACE_BOUND('',#10526,.T.);
#10526 = EDGE_LOOP('',(#10527,#10528,#10536,#10542));
#10527 = ORIENTED_EDGE('',*,*,#10514,.F.);
#10528 = ORIENTED_EDGE('',*,*,#10529,.T.);
#10529 = EDGE_CURVE('',#10507,#10530,#10532,.T.);
#10530 = VERTEX_POINT('',#10531);
#10531 = CARTESIAN_POINT('',(2.18,1.95,0.2));
#10532 = LINE('',#10533,#10534);
#10533 = CARTESIAN_POINT('',(2.18,1.95,0.2));
#10534 = VECTOR('',#10535,1.);
#10535 = DIRECTION('',(-1.,-0.,-0.));
#10536 = ORIENTED_EDGE('',*,*,#10537,.T.);
#10537 = EDGE_CURVE('',#10530,#8861,#10538,.T.);
#10538 = LINE('',#10539,#10540);
#10539 = CARTESIAN_POINT('',(2.18,1.95,0.2));
#10540 = VECTOR('',#10541,1.);
#10541 = DIRECTION('',(-0.57735026919,0.57735026919,-0.57735026919));
#10542 = ORIENTED_EDGE('',*,*,#8860,.T.);
#10543 = PLANE('',#10544);
#10544 = AXIS2_PLACEMENT_3D('',#10545,#10546,#10547);
#10545 = CARTESIAN_POINT('',(2.315,2.05,1.E-01));
#10546 = DIRECTION('',(0.,-0.707106781187,-0.707106781187));
#10547 = DIRECTION('',(0.,0.707106781187,-0.707106781187));
#10548 = ADVANCED_FACE('',(#10549),#10567,.T.);
#10549 = FACE_BOUND('',#10550,.T.);
#10550 = EDGE_LOOP('',(#10551,#10559,#10565,#10566));
#10551 = ORIENTED_EDGE('',*,*,#10552,.T.);
#10552 = EDGE_CURVE('',#10530,#10553,#10555,.T.);
#10553 = VERTEX_POINT('',#10554);
#10554 = CARTESIAN_POINT('',(2.18,1.3,0.2));
#10555 = LINE('',#10556,#10557);
#10556 = CARTESIAN_POINT('',(2.18,-2.05,0.2));
#10557 = VECTOR('',#10558,1.);
#10558 = DIRECTION('',(0.,-1.,0.));
#10559 = ORIENTED_EDGE('',*,*,#10560,.T.);
#10560 = EDGE_CURVE('',#10553,#8869,#10561,.T.);
#10561 = LINE('',#10562,#10563);
#10562 = CARTESIAN_POINT('',(2.18,1.3,0.2));
#10563 = VECTOR('',#10564,1.);
#10564 = DIRECTION('',(-0.707106781187,0.,-0.707106781187));
#10565 = ORIENTED_EDGE('',*,*,#8868,.T.);
#10566 = ORIENTED_EDGE('',*,*,#10537,.F.);
#10567 = PLANE('',#10568);
#10568 = AXIS2_PLACEMENT_3D('',#10569,#10570,#10571);
#10569 = CARTESIAN_POINT('',(2.08,1.625,1.E-01));
#10570 = DIRECTION('',(0.707106781187,0.,-0.707106781187));
#10571 = DIRECTION('',(-0.707106781187,0.,-0.707106781187));
#10572 = ADVANCED_FACE('',(#10573),#10607,.T.);
#10573 = FACE_BOUND('',#10574,.T.);
#10574 = EDGE_LOOP('',(#10575,#10583,#10592,#10600,#10606));
#10575 = ORIENTED_EDGE('',*,*,#10576,.T.);
#10576 = EDGE_CURVE('',#8877,#10577,#10579,.T.);
#10577 = VERTEX_POINT('',#10578);
#10578 = CARTESIAN_POINT('',(1.244989959743,1.3,5.01004025763E-03));
#10579 = LINE('',#10580,#10581);
#10580 = CARTESIAN_POINT('',(1.25,1.3,0.));
#10581 = VECTOR('',#10582,1.);
#10582 = DIRECTION('',(-0.707106781133,0.,0.70710678124));
#10583 = ORIENTED_EDGE('',*,*,#10584,.T.);
#10584 = EDGE_CURVE('',#10577,#10585,#10587,.T.);
#10585 = VERTEX_POINT('',#10586);
#10586 = CARTESIAN_POINT('',(1.05,1.462019151721,0.2));
#10587 = ( BOUNDED_CURVE() B_SPLINE_CURVE(3,(#10588,#10589,#10590,#10591
),.UNSPECIFIED.,.F.,.F.) B_SPLINE_CURVE_WITH_KNOTS((4,4),(3.948602484016
,4.089562394973),.PIECEWISE_BEZIER_KNOTS.) CURVE() 
GEOMETRIC_REPRESENTATION_ITEM() RATIONAL_B_SPLINE_CURVE((1.,
0.99834487727,0.99834487727,1.)) REPRESENTATION_ITEM('') );
#10588 = CARTESIAN_POINT('',(1.244989959743,1.3,5.01004025763E-03));
#10589 = CARTESIAN_POINT('',(1.183856706635,1.358546374149,
    6.614329336453E-02));
#10590 = CARTESIAN_POINT('',(1.118752297595,1.412642293429,
    0.131247702405));
#10591 = CARTESIAN_POINT('',(1.05,1.462019151721,0.2));
#10592 = ORIENTED_EDGE('',*,*,#10593,.T.);
#10593 = EDGE_CURVE('',#10585,#10594,#10596,.T.);
#10594 = VERTEX_POINT('',#10595);
#10595 = CARTESIAN_POINT('',(1.05,2.,0.2));
#10596 = LINE('',#10597,#10598);
#10597 = CARTESIAN_POINT('',(1.05,2.,0.2));
#10598 = VECTOR('',#10599,1.);
#10599 = DIRECTION('',(0.,1.,0.));
#10600 = ORIENTED_EDGE('',*,*,#10601,.T.);
#10601 = EDGE_CURVE('',#10594,#8885,#10602,.T.);
#10602 = LINE('',#10603,#10604);
#10603 = CARTESIAN_POINT('',(1.05,2.,0.2));
#10604 = VECTOR('',#10605,1.);
#10605 = DIRECTION('',(0.57735026919,0.57735026919,-0.57735026919));
#10606 = ORIENTED_EDGE('',*,*,#8884,.T.);
#10607 = PLANE('',#10608);
#10608 = AXIS2_PLACEMENT_3D('',#10609,#10610,#10611);
#10609 = CARTESIAN_POINT('',(1.15,1.731009575861,1.E-01));
#10610 = DIRECTION('',(-0.707106781187,0.,-0.707106781187));
#10611 = DIRECTION('',(-0.707106781187,0.,0.707106781187));
#10612 = ADVANCED_FACE('',(#10613),#10639,.T.);
#10613 = FACE_BOUND('',#10614,.T.);
#10614 = EDGE_LOOP('',(#10615,#10625,#10631,#10632,#10633));
#10615 = ORIENTED_EDGE('',*,*,#10616,.T.);
#10616 = EDGE_CURVE('',#10617,#10619,#10621,.T.);
#10617 = VERTEX_POINT('',#10618);
#10618 = CARTESIAN_POINT('',(0.53,2.,0.2));
#10619 = VERTEX_POINT('',#10620);
#10620 = CARTESIAN_POINT('',(-0.85,2.,0.2));
#10621 = LINE('',#10622,#10623);
#10622 = CARTESIAN_POINT('',(-0.75,2.,0.2));
#10623 = VECTOR('',#10624,1.);
#10624 = DIRECTION('',(-1.,-0.,-0.));
#10625 = ORIENTED_EDGE('',*,*,#10626,.T.);
#10626 = EDGE_CURVE('',#10619,#8893,#10627,.T.);
#10627 = LINE('',#10628,#10629);
#10628 = CARTESIAN_POINT('',(-0.85,2.1,1.E-01));
#10629 = VECTOR('',#10630,1.);
#10630 = DIRECTION('',(0.,0.707106781187,-0.707106781187));
#10631 = ORIENTED_EDGE('',*,*,#8892,.T.);
#10632 = ORIENTED_EDGE('',*,*,#10601,.F.);
#10633 = ORIENTED_EDGE('',*,*,#10634,.T.);
#10634 = EDGE_CURVE('',#10594,#10617,#10635,.T.);
#10635 = LINE('',#10636,#10637);
#10636 = CARTESIAN_POINT('',(-2.55,2.,0.2));
#10637 = VECTOR('',#10638,1.);
#10638 = DIRECTION('',(-1.,-0.,-0.));
#10639 = PLANE('',#10640);
#10640 = AXIS2_PLACEMENT_3D('',#10641,#10642,#10643);
#10641 = CARTESIAN_POINT('',(-0.75,2.1,1.E-01));
#10642 = DIRECTION('',(0.,-0.707106781187,-0.707106781187));
#10643 = DIRECTION('',(0.,0.707106781187,-0.707106781187));
#10644 = ADVANCED_FACE('',(#10645),#10663,.T.);
#10645 = FACE_BOUND('',#10646,.T.);
#10646 = EDGE_LOOP('',(#10647,#10648,#10656,#10662));
#10647 = ORIENTED_EDGE('',*,*,#10626,.F.);
#10648 = ORIENTED_EDGE('',*,*,#10649,.T.);
#10649 = EDGE_CURVE('',#10619,#10650,#10652,.T.);
#10650 = VERTEX_POINT('',#10651);
#10651 = CARTESIAN_POINT('',(-0.85,1.6,0.2));
#10652 = LINE('',#10653,#10654);
#10653 = CARTESIAN_POINT('',(-0.85,2.24715694157,0.2));
#10654 = VECTOR('',#10655,1.);
#10655 = DIRECTION('',(0.,-1.,0.));
#10656 = ORIENTED_EDGE('',*,*,#10657,.T.);
#10657 = EDGE_CURVE('',#10650,#8901,#10658,.T.);
#10658 = LINE('',#10659,#10660);
#10659 = CARTESIAN_POINT('',(-0.85,1.6,0.));
#10660 = VECTOR('',#10661,1.);
#10661 = DIRECTION('',(0.,0.,-1.));
#10662 = ORIENTED_EDGE('',*,*,#8900,.T.);
#10663 = PLANE('',#10664);
#10664 = AXIS2_PLACEMENT_3D('',#10665,#10666,#10667);
#10665 = CARTESIAN_POINT('',(-0.85,2.24715694157,0.2));
#10666 = DIRECTION('',(1.,0.,0.));
#10667 = DIRECTION('',(0.,0.,-1.));
#10668 = ADVANCED_FACE('',(#10669),#10694,.T.);
#10669 = FACE_BOUND('',#10670,.T.);
#10670 = EDGE_LOOP('',(#10671,#10679,#10687,#10693));
#10671 = ORIENTED_EDGE('',*,*,#10672,.T.);
#10672 = EDGE_CURVE('',#8909,#10673,#10675,.T.);
#10673 = VERTEX_POINT('',#10674);
#10674 = CARTESIAN_POINT('',(-1.85,1.6,0.2));
#10675 = LINE('',#10676,#10677);
#10676 = CARTESIAN_POINT('',(-1.85,1.6,0.));
#10677 = VECTOR('',#10678,1.);
#10678 = DIRECTION('',(0.,0.,1.));
#10679 = ORIENTED_EDGE('',*,*,#10680,.T.);
#10680 = EDGE_CURVE('',#10673,#10681,#10683,.T.);
#10681 = VERTEX_POINT('',#10682);
#10682 = CARTESIAN_POINT('',(-1.85,2.,0.2));
#10683 = LINE('',#10684,#10685);
#10684 = CARTESIAN_POINT('',(-1.85,1.6,0.2));
#10685 = VECTOR('',#10686,1.);
#10686 = DIRECTION('',(0.,1.,0.));
#10687 = ORIENTED_EDGE('',*,*,#10688,.T.);
#10688 = EDGE_CURVE('',#10681,#8917,#10689,.T.);
#10689 = LINE('',#10690,#10691);
#10690 = CARTESIAN_POINT('',(-1.85,2.,0.2));
#10691 = VECTOR('',#10692,1.);
#10692 = DIRECTION('',(0.,0.707106781187,-0.707106781187));
#10693 = ORIENTED_EDGE('',*,*,#8916,.T.);
#10694 = PLANE('',#10695);
#10695 = AXIS2_PLACEMENT_3D('',#10696,#10697,#10698);
#10696 = CARTESIAN_POINT('',(-1.85,1.6,0.2));
#10697 = DIRECTION('',(-1.,0.,0.));
#10698 = DIRECTION('',(0.,0.,1.));
#10699 = ADVANCED_FACE('',(#10700),#10719,.T.);
#10700 = FACE_BOUND('',#10701,.T.);
#10701 = EDGE_LOOP('',(#10702,#10703,#10704,#10712,#10718));
#10702 = ORIENTED_EDGE('',*,*,#8924,.T.);
#10703 = ORIENTED_EDGE('',*,*,#10688,.F.);
#10704 = ORIENTED_EDGE('',*,*,#10705,.T.);
#10705 = EDGE_CURVE('',#10681,#10706,#10708,.T.);
#10706 = VERTEX_POINT('',#10707);
#10707 = CARTESIAN_POINT('',(-2.,2.,0.2));
#10708 = LINE('',#10709,#10710);
#10709 = CARTESIAN_POINT('',(-0.75,2.,0.2));
#10710 = VECTOR('',#10711,1.);
#10711 = DIRECTION('',(-1.,-0.,-0.));
#10712 = ORIENTED_EDGE('',*,*,#10713,.T.);
#10713 = EDGE_CURVE('',#10706,#10410,#10714,.T.);
#10714 = LINE('',#10715,#10716);
#10715 = CARTESIAN_POINT('',(-2.55,2.,0.2));
#10716 = VECTOR('',#10717,1.);
#10717 = DIRECTION('',(-1.,-0.,-0.));
#10718 = ORIENTED_EDGE('',*,*,#10409,.F.);
#10719 = PLANE('',#10720);
#10720 = AXIS2_PLACEMENT_3D('',#10721,#10722,#10723);
#10721 = CARTESIAN_POINT('',(-0.75,2.1,1.E-01));
#10722 = DIRECTION('',(0.,-0.707106781187,-0.707106781187));
#10723 = DIRECTION('',(0.,0.707106781187,-0.707106781187));
#10724 = ADVANCED_FACE('',(#10725),#10733,.T.);
#10725 = FACE_BOUND('',#10726,.T.);
#10726 = EDGE_LOOP('',(#10727,#10728,#10729,#10730,#10731,#10732));
#10727 = ORIENTED_EDGE('',*,*,#7764,.F.);
#10728 = ORIENTED_EDGE('',*,*,#7801,.F.);
#10729 = ORIENTED_EDGE('',*,*,#7792,.F.);
#10730 = ORIENTED_EDGE('',*,*,#7825,.F.);
#10731 = ORIENTED_EDGE('',*,*,#7815,.F.);
#10732 = ORIENTED_EDGE('',*,*,#7841,.F.);
#10733 = PLANE('',#10734);
#10734 = AXIS2_PLACEMENT_3D('',#10735,#10736,#10737);
#10735 = CARTESIAN_POINT('',(0.,-3.5,0.));
#10736 = DIRECTION('',(0.,-1.,0.));
#10737 = DIRECTION('',(0.,0.,-1.));
#10738 = ADVANCED_FACE('',(#10739),#10747,.T.);
#10739 = FACE_BOUND('',#10740,.T.);
#10740 = EDGE_LOOP('',(#10741,#10742,#10743,#10744,#10745,#10746));
#10741 = ORIENTED_EDGE('',*,*,#7713,.F.);
#10742 = ORIENTED_EDGE('',*,*,#7750,.F.);
#10743 = ORIENTED_EDGE('',*,*,#7741,.F.);
#10744 = ORIENTED_EDGE('',*,*,#7866,.F.);
#10745 = ORIENTED_EDGE('',*,*,#7856,.F.);
#10746 = ORIENTED_EDGE('',*,*,#7882,.F.);
#10747 = PLANE('',#10748);
#10748 = AXIS2_PLACEMENT_3D('',#10749,#10750,#10751);
#10749 = CARTESIAN_POINT('',(0.,-3.5,0.));
#10750 = DIRECTION('',(0.,-1.,0.));
#10751 = DIRECTION('',(0.,0.,-1.));
#10752 = ADVANCED_FACE('',(#10753),#10781,.T.);
#10753 = FACE_BOUND('',#10754,.T.);
#10754 = EDGE_LOOP('',(#10755,#10763,#10769,#10770,#10771,#10777,#10778,
    #10779,#10780));
#10755 = ORIENTED_EDGE('',*,*,#10756,.T.);
#10756 = EDGE_CURVE('',#9638,#10757,#10759,.T.);
#10757 = VERTEX_POINT('',#10758);
#10758 = CARTESIAN_POINT('',(-3.1,1.8,9.55));
#10759 = LINE('',#10760,#10761);
#10760 = CARTESIAN_POINT('',(-3.1,1.3,8.75));
#10761 = VECTOR('',#10762,1.);
#10762 = DIRECTION('',(0.,0.529998940003,0.847998304005));
#10763 = ORIENTED_EDGE('',*,*,#10764,.T.);
#10764 = EDGE_CURVE('',#10757,#9574,#10765,.T.);
#10765 = LINE('',#10766,#10767);
#10766 = CARTESIAN_POINT('',(-3.1,1.8,0.));
#10767 = VECTOR('',#10768,1.);
#10768 = DIRECTION('',(0.,0.,1.));
#10769 = ORIENTED_EDGE('',*,*,#9573,.T.);
#10770 = ORIENTED_EDGE('',*,*,#8302,.T.);
#10771 = ORIENTED_EDGE('',*,*,#10772,.T.);
#10772 = EDGE_CURVE('',#8295,#9106,#10773,.T.);
#10773 = LINE('',#10774,#10775);
#10774 = CARTESIAN_POINT('',(-3.1,0.,11.35));
#10775 = VECTOR('',#10776,1.);
#10776 = DIRECTION('',(0.,1.,0.));
#10777 = ORIENTED_EDGE('',*,*,#9105,.F.);
#10778 = ORIENTED_EDGE('',*,*,#8956,.F.);
#10779 = ORIENTED_EDGE('',*,*,#8334,.T.);
#10780 = ORIENTED_EDGE('',*,*,#9645,.T.);
#10781 = PLANE('',#10782);
#10782 = AXIS2_PLACEMENT_3D('',#10783,#10784,#10785);
#10783 = CARTESIAN_POINT('',(-3.1,0.,0.));
#10784 = DIRECTION('',(-1.,0.,0.));
#10785 = DIRECTION('',(0.,0.,1.));
#10786 = ADVANCED_FACE('',(#10787),#10803,.T.);
#10787 = FACE_BOUND('',#10788,.T.);
#10788 = EDGE_LOOP('',(#10789,#10795,#10796,#10802));
#10789 = ORIENTED_EDGE('',*,*,#10790,.T.);
#10790 = EDGE_CURVE('',#9987,#8981,#10791,.T.);
#10791 = LINE('',#10792,#10793);
#10792 = CARTESIAN_POINT('',(2.65,2.35,11.15));
#10793 = VECTOR('',#10794,1.);
#10794 = DIRECTION('',(0.57735026919,0.57735026919,-0.57735026919));
#10795 = ORIENTED_EDGE('',*,*,#8980,.F.);
#10796 = ORIENTED_EDGE('',*,*,#10797,.T.);
#10797 = EDGE_CURVE('',#8973,#9995,#10798,.T.);
#10798 = LINE('',#10799,#10800);
#10799 = CARTESIAN_POINT('',(1.8,2.5,11.));
#10800 = VECTOR('',#10801,1.);
#10801 = DIRECTION('',(0.57735026919,-0.57735026919,0.57735026919));
#10802 = ORIENTED_EDGE('',*,*,#9994,.T.);
#10803 = PLANE('',#10804);
#10804 = AXIS2_PLACEMENT_3D('',#10805,#10806,#10807);
#10805 = CARTESIAN_POINT('',(2.3,2.425,11.075));
#10806 = DIRECTION('',(0.,0.707106781187,0.707106781187));
#10807 = DIRECTION('',(0.,-0.707106781187,0.707106781187));
#10808 = ADVANCED_FACE('',(#10809),#10820,.T.);
#10809 = FACE_BOUND('',#10810,.T.);
#10810 = EDGE_LOOP('',(#10811,#10817,#10818,#10819));
#10811 = ORIENTED_EDGE('',*,*,#10812,.T.);
#10812 = EDGE_CURVE('',#10067,#9995,#10813,.T.);
#10813 = LINE('',#10814,#10815);
#10814 = CARTESIAN_POINT('',(1.95,2.35,11.4625));
#10815 = VECTOR('',#10816,1.);
#10816 = DIRECTION('',(0.,0.,-1.));
#10817 = ORIENTED_EDGE('',*,*,#10797,.F.);
#10818 = ORIENTED_EDGE('',*,*,#8970,.F.);
#10819 = ORIENTED_EDGE('',*,*,#10074,.T.);
#10820 = PLANE('',#10821);
#10821 = AXIS2_PLACEMENT_3D('',#10822,#10823,#10824);
#10822 = CARTESIAN_POINT('',(1.875,2.425,11.4625));
#10823 = DIRECTION('',(0.707106781187,0.707106781187,0.));
#10824 = DIRECTION('',(-0.707106781187,0.707106781187,0.));
#10825 = ADVANCED_FACE('',(#10826),#10832,.F.);
#10826 = FACE_BOUND('',#10827,.T.);
#10827 = EDGE_LOOP('',(#10828,#10829,#10830,#10831));
#10828 = ORIENTED_EDGE('',*,*,#8026,.T.);
#10829 = ORIENTED_EDGE('',*,*,#10081,.T.);
#10830 = ORIENTED_EDGE('',*,*,#9020,.F.);
#10831 = ORIENTED_EDGE('',*,*,#9798,.T.);
#10832 = PLANE('',#10833);
#10833 = AXIS2_PLACEMENT_3D('',#10834,#10835,#10836);
#10834 = CARTESIAN_POINT('',(1.15,2.5,11.775));
#10835 = DIRECTION('',(-1.,0.,0.));
#10836 = DIRECTION('',(0.,0.,1.));
#10837 = ADVANCED_FACE('',(#10838),#10854,.T.);
#10838 = FACE_BOUND('',#10839,.T.);
#10839 = EDGE_LOOP('',(#10840,#10841,#10847,#10853));
#10840 = ORIENTED_EDGE('',*,*,#9004,.F.);
#10841 = ORIENTED_EDGE('',*,*,#10842,.T.);
#10842 = EDGE_CURVE('',#8997,#9886,#10843,.T.);
#10843 = LINE('',#10844,#10845);
#10844 = CARTESIAN_POINT('',(1.8,2.5,14.1));
#10845 = VECTOR('',#10846,1.);
#10846 = DIRECTION('',(0.57735026919,-0.57735026919,-0.57735026919));
#10847 = ORIENTED_EDGE('',*,*,#10848,.T.);
#10848 = EDGE_CURVE('',#9886,#9806,#10849,.T.);
#10849 = LINE('',#10850,#10851);
#10850 = CARTESIAN_POINT('',(1.95,2.35,13.6375));
#10851 = VECTOR('',#10852,1.);
#10852 = DIRECTION('',(0.,0.,-1.));
#10853 = ORIENTED_EDGE('',*,*,#9805,.T.);
#10854 = PLANE('',#10855);
#10855 = AXIS2_PLACEMENT_3D('',#10856,#10857,#10858);
#10856 = CARTESIAN_POINT('',(1.875,2.425,13.6375));
#10857 = DIRECTION('',(0.707106781187,0.707106781187,0.));
#10858 = DIRECTION('',(-0.707106781187,0.707106781187,0.));
#10859 = ADVANCED_FACE('',(#10860),#10871,.T.);
#10860 = FACE_BOUND('',#10861,.T.);
#10861 = EDGE_LOOP('',(#10862,#10863,#10864,#10870));
#10862 = ORIENTED_EDGE('',*,*,#10842,.F.);
#10863 = ORIENTED_EDGE('',*,*,#8996,.F.);
#10864 = ORIENTED_EDGE('',*,*,#10865,.T.);
#10865 = EDGE_CURVE('',#8989,#9884,#10866,.T.);
#10866 = LINE('',#10867,#10868);
#10867 = CARTESIAN_POINT('',(2.8,2.5,14.1));
#10868 = VECTOR('',#10869,1.);
#10869 = DIRECTION('',(-0.57735026919,-0.57735026919,-0.57735026919));
#10870 = ORIENTED_EDGE('',*,*,#9883,.T.);
#10871 = PLANE('',#10872);
#10872 = AXIS2_PLACEMENT_3D('',#10873,#10874,#10875);
#10873 = CARTESIAN_POINT('',(2.3,2.425,14.025));
#10874 = DIRECTION('',(0.,0.707106781187,-0.707106781187));
#10875 = DIRECTION('',(0.,0.707106781187,0.707106781187));
#10876 = ADVANCED_FACE('',(#10877),#10888,.T.);
#10877 = FACE_BOUND('',#10878,.T.);
#10878 = EDGE_LOOP('',(#10879,#10880,#10881,#10887));
#10879 = ORIENTED_EDGE('',*,*,#8988,.F.);
#10880 = ORIENTED_EDGE('',*,*,#10790,.F.);
#10881 = ORIENTED_EDGE('',*,*,#10882,.T.);
#10882 = EDGE_CURVE('',#9987,#9884,#10883,.T.);
#10883 = LINE('',#10884,#10885);
#10884 = CARTESIAN_POINT('',(2.65,2.35,12.55));
#10885 = VECTOR('',#10886,1.);
#10886 = DIRECTION('',(0.,0.,1.));
#10887 = ORIENTED_EDGE('',*,*,#10865,.F.);
#10888 = PLANE('',#10889);
#10889 = AXIS2_PLACEMENT_3D('',#10890,#10891,#10892);
#10890 = CARTESIAN_POINT('',(2.725,2.425,12.55));
#10891 = DIRECTION('',(-0.707106781187,0.707106781187,0.));
#10892 = DIRECTION('',(-0.707106781187,-0.707106781187,0.));
#10893 = ADVANCED_FACE('',(#10894),#11043,.T.);
#10894 = FACE_BOUND('',#10895,.T.);
#10895 = EDGE_LOOP('',(#10896,#10905,#10906,#10915,#10923,#10931,#10939,
    #10948,#10956,#10964,#10972,#10981,#10989,#10997,#11003,#11004,
    #11012,#11020,#11028,#11037));
#10896 = ORIENTED_EDGE('',*,*,#10897,.T.);
#10897 = EDGE_CURVE('',#10898,#10335,#10900,.T.);
#10898 = VERTEX_POINT('',#10899);
#10899 = CARTESIAN_POINT('',(0.932737898389,1.300000004965,3.2));
#10900 = CIRCLE('',#10901,1.6);
#10901 = AXIS2_PLACEMENT_3D('',#10902,#10903,#10904);
#10902 = CARTESIAN_POINT('',(0.,0.,3.2));
#10903 = DIRECTION('',(0.,0.,1.));
#10904 = DIRECTION('',(1.,0.,-0.));
#10905 = ORIENTED_EDGE('',*,*,#10334,.T.);
#10906 = ORIENTED_EDGE('',*,*,#10907,.T.);
#10907 = EDGE_CURVE('',#10327,#10908,#10910,.T.);
#10908 = VERTEX_POINT('',#10909);
#10909 = CARTESIAN_POINT('',(1.05,-1.462019151721,3.2));
#10910 = CIRCLE('',#10911,1.8);
#10911 = AXIS2_PLACEMENT_3D('',#10912,#10913,#10914);
#10912 = CARTESIAN_POINT('',(0.,0.,3.2));
#10913 = DIRECTION('',(0.,0.,-1.));
#10914 = DIRECTION('',(1.,0.,0.));
#10915 = ORIENTED_EDGE('',*,*,#10916,.T.);
#10916 = EDGE_CURVE('',#10908,#10917,#10919,.T.);
#10917 = VERTEX_POINT('',#10918);
#10918 = CARTESIAN_POINT('',(1.05,-2.,3.2));
#10919 = LINE('',#10920,#10921);
#10920 = CARTESIAN_POINT('',(1.05,2.,3.2));
#10921 = VECTOR('',#10922,1.);
#10922 = DIRECTION('',(0.,-1.,0.));
#10923 = ORIENTED_EDGE('',*,*,#10924,.T.);
#10924 = EDGE_CURVE('',#10917,#10925,#10927,.T.);
#10925 = VERTEX_POINT('',#10926);
#10926 = CARTESIAN_POINT('',(0.73,-2.,3.2));
#10927 = LINE('',#10928,#10929);
#10928 = CARTESIAN_POINT('',(0.95,-2.,3.2));
#10929 = VECTOR('',#10930,1.);
#10930 = DIRECTION('',(-1.,-0.,-0.));
#10931 = ORIENTED_EDGE('',*,*,#10932,.T.);
#10932 = EDGE_CURVE('',#10925,#10933,#10935,.T.);
#10933 = VERTEX_POINT('',#10934);
#10934 = CARTESIAN_POINT('',(0.73,-1.645326715276,3.2));
#10935 = LINE('',#10936,#10937);
#10936 = CARTESIAN_POINT('',(0.73,-2.,3.2));
#10937 = VECTOR('',#10938,1.);
#10938 = DIRECTION('',(0.,1.,0.));
#10939 = ORIENTED_EDGE('',*,*,#10940,.T.);
#10940 = EDGE_CURVE('',#10933,#10941,#10943,.T.);
#10941 = VERTEX_POINT('',#10942);
#10942 = CARTESIAN_POINT('',(-0.824621125124,-1.6,3.2));
#10943 = CIRCLE('',#10944,1.8);
#10944 = AXIS2_PLACEMENT_3D('',#10945,#10946,#10947);
#10945 = CARTESIAN_POINT('',(0.,0.,3.2));
#10946 = DIRECTION('',(0.,0.,-1.));
#10947 = DIRECTION('',(1.,0.,0.));
#10948 = ORIENTED_EDGE('',*,*,#10949,.T.);
#10949 = EDGE_CURVE('',#10941,#10950,#10952,.T.);
#10950 = VERTEX_POINT('',#10951);
#10951 = CARTESIAN_POINT('',(-2.2,-1.6,3.2));
#10952 = LINE('',#10953,#10954);
#10953 = CARTESIAN_POINT('',(-0.491841085271,-1.6,3.2));
#10954 = VECTOR('',#10955,1.);
#10955 = DIRECTION('',(-1.,-0.,-0.));
#10956 = ORIENTED_EDGE('',*,*,#10957,.T.);
#10957 = EDGE_CURVE('',#10950,#10958,#10960,.T.);
#10958 = VERTEX_POINT('',#10959);
#10959 = CARTESIAN_POINT('',(-2.2,1.6,3.2));
#10960 = LINE('',#10961,#10962);
#10961 = CARTESIAN_POINT('',(-2.2,0.,3.2));
#10962 = VECTOR('',#10963,1.);
#10963 = DIRECTION('',(0.,1.,0.));
#10964 = ORIENTED_EDGE('',*,*,#10965,.T.);
#10965 = EDGE_CURVE('',#10958,#10966,#10968,.T.);
#10966 = VERTEX_POINT('',#10967);
#10967 = CARTESIAN_POINT('',(-0.824621125124,1.6,3.2));
#10968 = LINE('',#10969,#10970);
#10969 = CARTESIAN_POINT('',(-2.55,1.6,3.2));
#10970 = VECTOR('',#10971,1.);
#10971 = DIRECTION('',(1.,0.,0.));
#10972 = ORIENTED_EDGE('',*,*,#10973,.T.);
#10973 = EDGE_CURVE('',#10966,#10974,#10976,.T.);
#10974 = VERTEX_POINT('',#10975);
#10975 = CARTESIAN_POINT('',(0.73,1.645326715276,3.2));
#10976 = CIRCLE('',#10977,1.8);
#10977 = AXIS2_PLACEMENT_3D('',#10978,#10979,#10980);
#10978 = CARTESIAN_POINT('',(0.,0.,3.2));
#10979 = DIRECTION('',(0.,-0.,-1.));
#10980 = DIRECTION('',(1.,5.329070518201E-15,-0.));
#10981 = ORIENTED_EDGE('',*,*,#10982,.T.);
#10982 = EDGE_CURVE('',#10974,#10983,#10985,.T.);
#10983 = VERTEX_POINT('',#10984);
#10984 = CARTESIAN_POINT('',(0.73,1.95,3.2));
#10985 = LINE('',#10986,#10987);
#10986 = CARTESIAN_POINT('',(0.73,-2.,3.2));
#10987 = VECTOR('',#10988,1.);
#10988 = DIRECTION('',(0.,1.,0.));
#10989 = ORIENTED_EDGE('',*,*,#10990,.T.);
#10990 = EDGE_CURVE('',#10983,#10991,#10993,.T.);
#10991 = VERTEX_POINT('',#10992);
#10992 = CARTESIAN_POINT('',(0.64,1.95,3.2));
#10993 = LINE('',#10994,#10995);
#10994 = CARTESIAN_POINT('',(0.,1.95,3.2));
#10995 = VECTOR('',#10996,1.);
#10996 = DIRECTION('',(-1.,0.,0.));
#10997 = ORIENTED_EDGE('',*,*,#10998,.T.);
#10998 = EDGE_CURVE('',#10991,#9047,#10999,.T.);
#10999 = LINE('',#11000,#11001);
#11000 = CARTESIAN_POINT('',(0.64,0.,3.2));
#11001 = VECTOR('',#11002,1.);
#11002 = DIRECTION('',(0.,1.,0.));
#11003 = ORIENTED_EDGE('',*,*,#9046,.F.);
#11004 = ORIENTED_EDGE('',*,*,#11005,.T.);
#11005 = EDGE_CURVE('',#9039,#11006,#11008,.T.);
#11006 = VERTEX_POINT('',#11007);
#11007 = CARTESIAN_POINT('',(1.14,1.95,3.2));
#11008 = LINE('',#11009,#11010);
#11009 = CARTESIAN_POINT('',(1.14,0.,3.2));
#11010 = VECTOR('',#11011,1.);
#11011 = DIRECTION('',(-0.,-1.,-0.));
#11012 = ORIENTED_EDGE('',*,*,#11013,.T.);
#11013 = EDGE_CURVE('',#11006,#11014,#11016,.T.);
#11014 = VERTEX_POINT('',#11015);
#11015 = CARTESIAN_POINT('',(1.05,1.95,3.2));
#11016 = LINE('',#11017,#11018);
#11017 = CARTESIAN_POINT('',(0.,1.95,3.2));
#11018 = VECTOR('',#11019,1.);
#11019 = DIRECTION('',(-1.,0.,0.));
#11020 = ORIENTED_EDGE('',*,*,#11021,.T.);
#11021 = EDGE_CURVE('',#11014,#11022,#11024,.T.);
#11022 = VERTEX_POINT('',#11023);
#11023 = CARTESIAN_POINT('',(1.05,1.462019151721,3.2));
#11024 = LINE('',#11025,#11026);
#11025 = CARTESIAN_POINT('',(1.05,2.,3.2));
#11026 = VECTOR('',#11027,1.);
#11027 = DIRECTION('',(0.,-1.,0.));
#11028 = ORIENTED_EDGE('',*,*,#11029,.T.);
#11029 = EDGE_CURVE('',#11022,#11030,#11032,.T.);
#11030 = VERTEX_POINT('',#11031);
#11031 = CARTESIAN_POINT('',(1.244989959743,1.3,3.2));
#11032 = CIRCLE('',#11033,1.8);
#11033 = AXIS2_PLACEMENT_3D('',#11034,#11035,#11036);
#11034 = CARTESIAN_POINT('',(0.,0.,3.2));
#11035 = DIRECTION('',(0.,-0.,-1.));
#11036 = DIRECTION('',(1.,-8.881784197001E-15,0.));
#11037 = ORIENTED_EDGE('',*,*,#11038,.T.);
#11038 = EDGE_CURVE('',#11030,#10898,#11039,.T.);
#11039 = LINE('',#11040,#11041);
#11040 = CARTESIAN_POINT('',(0.68,1.3,3.2));
#11041 = VECTOR('',#11042,1.);
#11042 = DIRECTION('',(-1.,-0.,-0.));
#11043 = PLANE('',#11044);
#11044 = AXIS2_PLACEMENT_3D('',#11045,#11046,#11047);
#11045 = CARTESIAN_POINT('',(0.,0.,3.2));
#11046 = DIRECTION('',(0.,0.,-1.));
#11047 = DIRECTION('',(-1.,0.,0.));
#11048 = ADVANCED_FACE('',(#11049),#11067,.F.);
#11049 = FACE_BOUND('',#11050,.T.);
#11050 = EDGE_LOOP('',(#11051,#11059,#11060,#11061));
#11051 = ORIENTED_EDGE('',*,*,#11052,.F.);
#11052 = EDGE_CURVE('',#11006,#11053,#11055,.T.);
#11053 = VERTEX_POINT('',#11054);
#11054 = CARTESIAN_POINT('',(1.14,1.95,2.));
#11055 = LINE('',#11056,#11057);
#11056 = CARTESIAN_POINT('',(1.14,1.95,3.2));
#11057 = VECTOR('',#11058,1.);
#11058 = DIRECTION('',(0.,0.,-1.));
#11059 = ORIENTED_EDGE('',*,*,#11005,.F.);
#11060 = ORIENTED_EDGE('',*,*,#9036,.F.);
#11061 = ORIENTED_EDGE('',*,*,#11062,.F.);
#11062 = EDGE_CURVE('',#11053,#9037,#11063,.T.);
#11063 = LINE('',#11064,#11065);
#11064 = CARTESIAN_POINT('',(1.14,2.5,2.));
#11065 = VECTOR('',#11066,1.);
#11066 = DIRECTION('',(0.,1.,0.));
#11067 = PLANE('',#11068);
#11068 = AXIS2_PLACEMENT_3D('',#11069,#11070,#11071);
#11069 = CARTESIAN_POINT('',(1.14,2.5,3.2));
#11070 = DIRECTION('',(1.,0.,0.));
#11071 = DIRECTION('',(0.,0.,-1.));
#11072 = ADVANCED_FACE('',(#11073),#11123,.F.);
#11073 = FACE_BOUND('',#11074,.T.);
#11074 = EDGE_LOOP('',(#11075,#11085,#11093,#11101,#11109,#11115,#11116,
    #11117));
#11075 = ORIENTED_EDGE('',*,*,#11076,.F.);
#11076 = EDGE_CURVE('',#11077,#11079,#11081,.T.);
#11077 = VERTEX_POINT('',#11078);
#11078 = CARTESIAN_POINT('',(0.73,1.95,2.));
#11079 = VERTEX_POINT('',#11080);
#11080 = CARTESIAN_POINT('',(0.64,1.95,2.));
#11081 = LINE('',#11082,#11083);
#11082 = CARTESIAN_POINT('',(1.14,1.95,2.));
#11083 = VECTOR('',#11084,1.);
#11084 = DIRECTION('',(-1.,0.,0.));
#11085 = ORIENTED_EDGE('',*,*,#11086,.T.);
#11086 = EDGE_CURVE('',#11077,#11087,#11089,.T.);
#11087 = VERTEX_POINT('',#11088);
#11088 = CARTESIAN_POINT('',(0.73,2.,2.));
#11089 = LINE('',#11090,#11091);
#11090 = CARTESIAN_POINT('',(0.73,-2.,2.));
#11091 = VECTOR('',#11092,1.);
#11092 = DIRECTION('',(0.,1.,0.));
#11093 = ORIENTED_EDGE('',*,*,#11094,.T.);
#11094 = EDGE_CURVE('',#11087,#11095,#11097,.T.);
#11095 = VERTEX_POINT('',#11096);
#11096 = CARTESIAN_POINT('',(1.05,2.,2.));
#11097 = LINE('',#11098,#11099);
#11098 = CARTESIAN_POINT('',(-2.55,2.,2.));
#11099 = VECTOR('',#11100,1.);
#11100 = DIRECTION('',(1.,0.,0.));
#11101 = ORIENTED_EDGE('',*,*,#11102,.T.);
#11102 = EDGE_CURVE('',#11095,#11103,#11105,.T.);
#11103 = VERTEX_POINT('',#11104);
#11104 = CARTESIAN_POINT('',(1.05,1.95,2.));
#11105 = LINE('',#11106,#11107);
#11106 = CARTESIAN_POINT('',(1.05,2.,2.));
#11107 = VECTOR('',#11108,1.);
#11108 = DIRECTION('',(0.,-1.,0.));
#11109 = ORIENTED_EDGE('',*,*,#11110,.F.);
#11110 = EDGE_CURVE('',#11053,#11103,#11111,.T.);
#11111 = LINE('',#11112,#11113);
#11112 = CARTESIAN_POINT('',(1.14,1.95,2.));
#11113 = VECTOR('',#11114,1.);
#11114 = DIRECTION('',(-1.,0.,0.));
#11115 = ORIENTED_EDGE('',*,*,#11062,.T.);
#11116 = ORIENTED_EDGE('',*,*,#9062,.F.);
#11117 = ORIENTED_EDGE('',*,*,#11118,.F.);
#11118 = EDGE_CURVE('',#11079,#9055,#11119,.T.);
#11119 = LINE('',#11120,#11121);
#11120 = CARTESIAN_POINT('',(0.64,2.5,2.));
#11121 = VECTOR('',#11122,1.);
#11122 = DIRECTION('',(0.,1.,0.));
#11123 = PLANE('',#11124);
#11124 = AXIS2_PLACEMENT_3D('',#11125,#11126,#11127);
#11125 = CARTESIAN_POINT('',(1.14,2.5,2.));
#11126 = DIRECTION('',(0.,0.,-1.));
#11127 = DIRECTION('',(-1.,0.,0.));
#11128 = ADVANCED_FACE('',(#11129),#11140,.F.);
#11129 = FACE_BOUND('',#11130,.T.);
#11130 = EDGE_LOOP('',(#11131,#11137,#11138,#11139));
#11131 = ORIENTED_EDGE('',*,*,#11132,.F.);
#11132 = EDGE_CURVE('',#11079,#10991,#11133,.T.);
#11133 = LINE('',#11134,#11135);
#11134 = CARTESIAN_POINT('',(0.64,1.95,2.));
#11135 = VECTOR('',#11136,1.);
#11136 = DIRECTION('',(0.,0.,1.));
#11137 = ORIENTED_EDGE('',*,*,#11118,.T.);
#11138 = ORIENTED_EDGE('',*,*,#9054,.F.);
#11139 = ORIENTED_EDGE('',*,*,#10998,.F.);
#11140 = PLANE('',#11141);
#11141 = AXIS2_PLACEMENT_3D('',#11142,#11143,#11144);
#11142 = CARTESIAN_POINT('',(0.64,2.5,2.));
#11143 = DIRECTION('',(-1.,0.,0.));
#11144 = DIRECTION('',(0.,0.,1.));
#11145 = ADVANCED_FACE('',(#11146),#11203,.F.);
#11146 = FACE_BOUND('',#11147,.T.);
#11147 = EDGE_LOOP('',(#11148,#11158,#11166,#11174,#11182,#11190,#11196,
    #11197));
#11148 = ORIENTED_EDGE('',*,*,#11149,.F.);
#11149 = EDGE_CURVE('',#11150,#11152,#11154,.T.);
#11150 = VERTEX_POINT('',#11151);
#11151 = CARTESIAN_POINT('',(-2.2,1.95,3.2));
#11152 = VERTEX_POINT('',#11153);
#11153 = CARTESIAN_POINT('',(-2.125,1.95,3.2));
#11154 = LINE('',#11155,#11156);
#11155 = CARTESIAN_POINT('',(-2.625,1.95,3.2));
#11156 = VECTOR('',#11157,1.);
#11157 = DIRECTION('',(1.,0.,0.));
#11158 = ORIENTED_EDGE('',*,*,#11159,.F.);
#11159 = EDGE_CURVE('',#11160,#11150,#11162,.T.);
#11160 = VERTEX_POINT('',#11161);
#11161 = CARTESIAN_POINT('',(-2.2,2.,3.2));
#11162 = LINE('',#11163,#11164);
#11163 = CARTESIAN_POINT('',(-2.2,2.5,3.2));
#11164 = VECTOR('',#11165,1.);
#11165 = DIRECTION('',(0.,-1.,0.));
#11166 = ORIENTED_EDGE('',*,*,#11167,.F.);
#11167 = EDGE_CURVE('',#11168,#11160,#11170,.T.);
#11168 = VERTEX_POINT('',#11169);
#11169 = CARTESIAN_POINT('',(-2.55,2.,3.2));
#11170 = LINE('',#11171,#11172);
#11171 = CARTESIAN_POINT('',(-2.625,2.,3.2));
#11172 = VECTOR('',#11173,1.);
#11173 = DIRECTION('',(1.,0.,0.));
#11174 = ORIENTED_EDGE('',*,*,#11175,.F.);
#11175 = EDGE_CURVE('',#11176,#11168,#11178,.T.);
#11176 = VERTEX_POINT('',#11177);
#11177 = CARTESIAN_POINT('',(-2.55,1.95,3.2));
#11178 = LINE('',#11179,#11180);
#11179 = CARTESIAN_POINT('',(-2.55,2.5,3.2));
#11180 = VECTOR('',#11181,1.);
#11181 = DIRECTION('',(0.,1.,0.));
#11182 = ORIENTED_EDGE('',*,*,#11183,.F.);
#11183 = EDGE_CURVE('',#11184,#11176,#11186,.T.);
#11184 = VERTEX_POINT('',#11185);
#11185 = CARTESIAN_POINT('',(-2.625,1.95,3.2));
#11186 = LINE('',#11187,#11188);
#11187 = CARTESIAN_POINT('',(-2.625,1.95,3.2));
#11188 = VECTOR('',#11189,1.);
#11189 = DIRECTION('',(1.,0.,0.));
#11190 = ORIENTED_EDGE('',*,*,#11191,.F.);
#11191 = EDGE_CURVE('',#9081,#11184,#11192,.T.);
#11192 = LINE('',#11193,#11194);
#11193 = CARTESIAN_POINT('',(-2.625,2.5,3.2));
#11194 = VECTOR('',#11195,1.);
#11195 = DIRECTION('',(0.,-1.,0.));
#11196 = ORIENTED_EDGE('',*,*,#9080,.F.);
#11197 = ORIENTED_EDGE('',*,*,#11198,.F.);
#11198 = EDGE_CURVE('',#11152,#9073,#11199,.T.);
#11199 = LINE('',#11200,#11201);
#11200 = CARTESIAN_POINT('',(-2.125,2.5,3.2));
#11201 = VECTOR('',#11202,1.);
#11202 = DIRECTION('',(0.,1.,0.));
#11203 = PLANE('',#11204);
#11204 = AXIS2_PLACEMENT_3D('',#11205,#11206,#11207);
#11205 = CARTESIAN_POINT('',(-2.625,2.5,3.2));
#11206 = DIRECTION('',(0.,0.,1.));
#11207 = DIRECTION('',(1.,0.,-0.));
#11208 = ADVANCED_FACE('',(#11209),#11227,.F.);
#11209 = FACE_BOUND('',#11210,.T.);
#11210 = EDGE_LOOP('',(#11211,#11219,#11220,#11221));
#11211 = ORIENTED_EDGE('',*,*,#11212,.F.);
#11212 = EDGE_CURVE('',#11152,#11213,#11215,.T.);
#11213 = VERTEX_POINT('',#11214);
#11214 = CARTESIAN_POINT('',(-2.125,1.95,2.));
#11215 = LINE('',#11216,#11217);
#11216 = CARTESIAN_POINT('',(-2.125,1.95,3.2));
#11217 = VECTOR('',#11218,1.);
#11218 = DIRECTION('',(0.,0.,-1.));
#11219 = ORIENTED_EDGE('',*,*,#11198,.T.);
#11220 = ORIENTED_EDGE('',*,*,#9070,.F.);
#11221 = ORIENTED_EDGE('',*,*,#11222,.F.);
#11222 = EDGE_CURVE('',#11213,#9071,#11223,.T.);
#11223 = LINE('',#11224,#11225);
#11224 = CARTESIAN_POINT('',(-2.125,2.5,2.));
#11225 = VECTOR('',#11226,1.);
#11226 = DIRECTION('',(0.,1.,0.));
#11227 = PLANE('',#11228);
#11228 = AXIS2_PLACEMENT_3D('',#11229,#11230,#11231);
#11229 = CARTESIAN_POINT('',(-2.125,2.5,3.2));
#11230 = DIRECTION('',(1.,0.,0.));
#11231 = DIRECTION('',(0.,0.,-1.));
#11232 = ADVANCED_FACE('',(#11233),#11283,.F.);
#11233 = FACE_BOUND('',#11234,.T.);
#11234 = EDGE_LOOP('',(#11235,#11245,#11253,#11261,#11269,#11275,#11276,
    #11277));
#11235 = ORIENTED_EDGE('',*,*,#11236,.F.);
#11236 = EDGE_CURVE('',#11237,#11239,#11241,.T.);
#11237 = VERTEX_POINT('',#11238);
#11238 = CARTESIAN_POINT('',(-2.55,1.95,2.));
#11239 = VERTEX_POINT('',#11240);
#11240 = CARTESIAN_POINT('',(-2.625,1.95,2.));
#11241 = LINE('',#11242,#11243);
#11242 = CARTESIAN_POINT('',(-2.125,1.95,2.));
#11243 = VECTOR('',#11244,1.);
#11244 = DIRECTION('',(-1.,0.,0.));
#11245 = ORIENTED_EDGE('',*,*,#11246,.F.);
#11246 = EDGE_CURVE('',#11247,#11237,#11249,.T.);
#11247 = VERTEX_POINT('',#11248);
#11248 = CARTESIAN_POINT('',(-2.55,2.,2.));
#11249 = LINE('',#11250,#11251);
#11250 = CARTESIAN_POINT('',(-2.55,2.5,2.));
#11251 = VECTOR('',#11252,1.);
#11252 = DIRECTION('',(-0.,-1.,-0.));
#11253 = ORIENTED_EDGE('',*,*,#11254,.T.);
#11254 = EDGE_CURVE('',#11247,#11255,#11257,.T.);
#11255 = VERTEX_POINT('',#11256);
#11256 = CARTESIAN_POINT('',(-2.2,2.,2.));
#11257 = LINE('',#11258,#11259);
#11258 = CARTESIAN_POINT('',(-2.55,2.,2.));
#11259 = VECTOR('',#11260,1.);
#11260 = DIRECTION('',(1.,0.,0.));
#11261 = ORIENTED_EDGE('',*,*,#11262,.F.);
#11262 = EDGE_CURVE('',#11263,#11255,#11265,.T.);
#11263 = VERTEX_POINT('',#11264);
#11264 = CARTESIAN_POINT('',(-2.2,1.95,2.));
#11265 = LINE('',#11266,#11267);
#11266 = CARTESIAN_POINT('',(-2.2,2.5,2.));
#11267 = VECTOR('',#11268,1.);
#11268 = DIRECTION('',(0.,1.,0.));
#11269 = ORIENTED_EDGE('',*,*,#11270,.F.);
#11270 = EDGE_CURVE('',#11213,#11263,#11271,.T.);
#11271 = LINE('',#11272,#11273);
#11272 = CARTESIAN_POINT('',(-2.125,1.95,2.));
#11273 = VECTOR('',#11274,1.);
#11274 = DIRECTION('',(-1.,0.,0.));
#11275 = ORIENTED_EDGE('',*,*,#11222,.T.);
#11276 = ORIENTED_EDGE('',*,*,#9096,.F.);
#11277 = ORIENTED_EDGE('',*,*,#11278,.F.);
#11278 = EDGE_CURVE('',#11239,#9089,#11279,.T.);
#11279 = LINE('',#11280,#11281);
#11280 = CARTESIAN_POINT('',(-2.625,2.5,2.));
#11281 = VECTOR('',#11282,1.);
#11282 = DIRECTION('',(0.,1.,0.));
#11283 = PLANE('',#11284);
#11284 = AXIS2_PLACEMENT_3D('',#11285,#11286,#11287);
#11285 = CARTESIAN_POINT('',(-2.125,2.5,2.));
#11286 = DIRECTION('',(0.,0.,-1.));
#11287 = DIRECTION('',(-1.,0.,0.));
#11288 = ADVANCED_FACE('',(#11289),#11300,.F.);
#11289 = FACE_BOUND('',#11290,.T.);
#11290 = EDGE_LOOP('',(#11291,#11297,#11298,#11299));
#11291 = ORIENTED_EDGE('',*,*,#11292,.F.);
#11292 = EDGE_CURVE('',#11239,#11184,#11293,.T.);
#11293 = LINE('',#11294,#11295);
#11294 = CARTESIAN_POINT('',(-2.625,1.95,2.));
#11295 = VECTOR('',#11296,1.);
#11296 = DIRECTION('',(0.,0.,1.));
#11297 = ORIENTED_EDGE('',*,*,#11278,.T.);
#11298 = ORIENTED_EDGE('',*,*,#9088,.F.);
#11299 = ORIENTED_EDGE('',*,*,#11191,.T.);
#11300 = PLANE('',#11301);
#11301 = AXIS2_PLACEMENT_3D('',#11302,#11303,#11304);
#11302 = CARTESIAN_POINT('',(-2.625,2.5,2.));
#11303 = DIRECTION('',(-1.,0.,0.));
#11304 = DIRECTION('',(0.,0.,1.));
#11305 = ADVANCED_FACE('',(#11306),#11317,.F.);
#11306 = FACE_BOUND('',#11307,.T.);
#11307 = EDGE_LOOP('',(#11308,#11314,#11315,#11316));
#11308 = ORIENTED_EDGE('',*,*,#11309,.F.);
#11309 = EDGE_CURVE('',#10212,#10158,#11310,.T.);
#11310 = LINE('',#11311,#11312);
#11311 = CARTESIAN_POINT('',(2.13,1.95,3.));
#11312 = VECTOR('',#11313,1.);
#11313 = DIRECTION('',(0.,0.,1.));
#11314 = ORIENTED_EDGE('',*,*,#10211,.T.);
#11315 = ORIENTED_EDGE('',*,*,#9387,.F.);
#11316 = ORIENTED_EDGE('',*,*,#10165,.T.);
#11317 = PLANE('',#11318);
#11318 = AXIS2_PLACEMENT_3D('',#11319,#11320,#11321);
#11319 = CARTESIAN_POINT('',(2.13,2.5,3.));
#11320 = DIRECTION('',(-1.,0.,0.));
#11321 = DIRECTION('',(0.,0.,1.));
#11322 = ADVANCED_FACE('',(#11323),#11365,.T.);
#11323 = FACE_BOUND('',#11324,.T.);
#11324 = EDGE_LOOP('',(#11325,#11335,#11343,#11349,#11350,#11351,#11352,
    #11358,#11359));
#11325 = ORIENTED_EDGE('',*,*,#11326,.T.);
#11326 = EDGE_CURVE('',#11327,#11329,#11331,.T.);
#11327 = VERTEX_POINT('',#11328);
#11328 = CARTESIAN_POINT('',(3.1,1.3,13.55));
#11329 = VERTEX_POINT('',#11330);
#11330 = CARTESIAN_POINT('',(3.1,1.8,12.75));
#11331 = LINE('',#11332,#11333);
#11332 = CARTESIAN_POINT('',(3.1,1.3,13.55));
#11333 = VECTOR('',#11334,1.);
#11334 = DIRECTION('',(0.,0.529998940003,-0.847998304005));
#11335 = ORIENTED_EDGE('',*,*,#11336,.T.);
#11336 = EDGE_CURVE('',#11329,#11337,#11339,.T.);
#11337 = VERTEX_POINT('',#11338);
#11338 = CARTESIAN_POINT('',(3.1,1.8,11.55));
#11339 = LINE('',#11340,#11341);
#11340 = CARTESIAN_POINT('',(3.1,1.8,13.55));
#11341 = VECTOR('',#11342,1.);
#11342 = DIRECTION('',(0.,0.,-1.));
#11343 = ORIENTED_EDGE('',*,*,#11344,.T.);
#11344 = EDGE_CURVE('',#11337,#8185,#11345,.T.);
#11345 = LINE('',#11346,#11347);
#11346 = CARTESIAN_POINT('',(3.1,-2.5,11.55));
#11347 = VECTOR('',#11348,1.);
#11348 = DIRECTION('',(0.,-1.,0.));
#11349 = ORIENTED_EDGE('',*,*,#8184,.T.);
#11350 = ORIENTED_EDGE('',*,*,#10133,.F.);
#11351 = ORIENTED_EDGE('',*,*,#9364,.F.);
#11352 = ORIENTED_EDGE('',*,*,#11353,.T.);
#11353 = EDGE_CURVE('',#9357,#8217,#11354,.T.);
#11354 = LINE('',#11355,#11356);
#11355 = CARTESIAN_POINT('',(3.1,-2.5,14.15));
#11356 = VECTOR('',#11357,1.);
#11357 = DIRECTION('',(0.,-1.,0.));
#11358 = ORIENTED_EDGE('',*,*,#8216,.T.);
#11359 = ORIENTED_EDGE('',*,*,#11360,.T.);
#11360 = EDGE_CURVE('',#8209,#11327,#11361,.T.);
#11361 = LINE('',#11362,#11363);
#11362 = CARTESIAN_POINT('',(3.1,-2.5,13.55));
#11363 = VECTOR('',#11364,1.);
#11364 = DIRECTION('',(0.,1.,0.));
#11365 = PLANE('',#11366);
#11366 = AXIS2_PLACEMENT_3D('',#11367,#11368,#11369);
#11367 = CARTESIAN_POINT('',(3.1,-2.5,13.55));
#11368 = DIRECTION('',(1.,0.,0.));
#11369 = DIRECTION('',(0.,0.,-1.));
#11370 = ADVANCED_FACE('',(#11371),#11396,.T.);
#11371 = FACE_BOUND('',#11372,.T.);
#11372 = EDGE_LOOP('',(#11373,#11383,#11389,#11390));
#11373 = ORIENTED_EDGE('',*,*,#11374,.T.);
#11374 = EDGE_CURVE('',#11375,#11377,#11379,.T.);
#11375 = VERTEX_POINT('',#11376);
#11376 = CARTESIAN_POINT('',(-2.649999999994,2.349999999975,
    13.849999999996));
#11377 = VERTEX_POINT('',#11378);
#11378 = CARTESIAN_POINT('',(-2.649999999996,2.349999999982,13.5));
#11379 = LINE('',#11380,#11381);
#11380 = CARTESIAN_POINT('',(-2.65,2.349999999976,12.15));
#11381 = VECTOR('',#11382,1.);
#11382 = DIRECTION('',(-0.,-0.,-1.));
#11383 = ORIENTED_EDGE('',*,*,#11384,.T.);
#11384 = EDGE_CURVE('',#11377,#9325,#11385,.T.);
#11385 = LINE('',#11386,#11387);
#11386 = CARTESIAN_POINT('',(-2.725,2.425,13.5));
#11387 = VECTOR('',#11388,1.);
#11388 = DIRECTION('',(-0.707106781187,0.707106781187,0.));
#11389 = ORIENTED_EDGE('',*,*,#9324,.F.);
#11390 = ORIENTED_EDGE('',*,*,#11391,.T.);
#11391 = EDGE_CURVE('',#9317,#11375,#11392,.T.);
#11392 = LINE('',#11393,#11394);
#11393 = CARTESIAN_POINT('',(-2.799999999976,2.499999999976,
    13.99999999994));
#11394 = VECTOR('',#11395,1.);
#11395 = DIRECTION('',(0.577350269244,-0.577350269244,-0.577350269081));
#11396 = PLANE('',#11397);
#11397 = AXIS2_PLACEMENT_3D('',#11398,#11399,#11400);
#11398 = CARTESIAN_POINT('',(-2.725,2.425,13.675));
#11399 = DIRECTION('',(0.707106781187,0.707106781187,0.));
#11400 = DIRECTION('',(-0.707106781187,0.707106781187,0.));
#11401 = ADVANCED_FACE('',(#11402),#11420,.T.);
#11402 = FACE_BOUND('',#11403,.T.);
#11403 = EDGE_LOOP('',(#11404,#11405,#11406,#11414));
#11404 = ORIENTED_EDGE('',*,*,#11391,.F.);
#11405 = ORIENTED_EDGE('',*,*,#9316,.F.);
#11406 = ORIENTED_EDGE('',*,*,#11407,.T.);
#11407 = EDGE_CURVE('',#9309,#11408,#11410,.T.);
#11408 = VERTEX_POINT('',#11409);
#11409 = CARTESIAN_POINT('',(-0.630000000011,2.349999999981,
    13.849999999984));
#11410 = LINE('',#11411,#11412);
#11411 = CARTESIAN_POINT('',(-0.480000000139,2.499999999943,
    13.999999999944));
#11412 = VECTOR('',#11413,1.);
#11413 = DIRECTION('',(-0.577350268956,-0.577350269306,-0.577350269307)
  );
#11414 = ORIENTED_EDGE('',*,*,#11415,.T.);
#11415 = EDGE_CURVE('',#11408,#11375,#11416,.T.);
#11416 = LINE('',#11417,#11418);
#11417 = CARTESIAN_POINT('',(-1.64,2.349999999979,13.849999999978));
#11418 = VECTOR('',#11419,1.);
#11419 = DIRECTION('',(-1.,0.,0.));
#11420 = PLANE('',#11421);
#11421 = AXIS2_PLACEMENT_3D('',#11422,#11423,#11424);
#11422 = CARTESIAN_POINT('',(-1.64,2.425,13.925));
#11423 = DIRECTION('',(0.,0.707106781187,-0.707106781186));
#11424 = DIRECTION('',(0.,0.707106781186,0.707106781187));
#11425 = ADVANCED_FACE('',(#11426),#11444,.T.);
#11426 = FACE_BOUND('',#11427,.T.);
#11427 = EDGE_LOOP('',(#11428,#11436,#11442,#11443));
#11428 = ORIENTED_EDGE('',*,*,#11429,.T.);
#11429 = EDGE_CURVE('',#9300,#11430,#11432,.T.);
#11430 = VERTEX_POINT('',#11431);
#11431 = CARTESIAN_POINT('',(-0.630000000001,2.349999999986,
    11.494427187698));
#11432 = LINE('',#11433,#11434);
#11433 = CARTESIAN_POINT('',(-0.555000000919,2.424999999081,
    11.49442718481));
#11434 = VECTOR('',#11435,1.);
#11435 = DIRECTION('',(-0.707106781187,-0.707106781187,0.));
#11436 = ORIENTED_EDGE('',*,*,#11437,.T.);
#11437 = EDGE_CURVE('',#11430,#11408,#11438,.T.);
#11438 = LINE('',#11439,#11440);
#11439 = CARTESIAN_POINT('',(-0.630000000011,2.349999999988,
    12.6722135955));
#11440 = VECTOR('',#11441,1.);
#11441 = DIRECTION('',(0.,0.,1.));
#11442 = ORIENTED_EDGE('',*,*,#11407,.F.);
#11443 = ORIENTED_EDGE('',*,*,#9308,.F.);
#11444 = PLANE('',#11445);
#11445 = AXIS2_PLACEMENT_3D('',#11446,#11447,#11448);
#11446 = CARTESIAN_POINT('',(-0.555000000919,2.424999999081,
    12.6722135955));
#11447 = DIRECTION('',(-0.707106781187,0.707106781187,0.));
#11448 = DIRECTION('',(-0.707106781187,-0.707106781187,0.));
#11449 = ADVANCED_FACE('',(#11450),#11469,.F.);
#11450 = FACE_BOUND('',#11451,.F.);
#11451 = EDGE_LOOP('',(#11452,#11460,#11461,#11462));
#11452 = ORIENTED_EDGE('',*,*,#11453,.T.);
#11453 = EDGE_CURVE('',#11454,#9292,#11456,.T.);
#11454 = VERTEX_POINT('',#11455);
#11455 = CARTESIAN_POINT('',(-0.672229122425,2.349999999989,
    11.315541755131));
#11456 = LINE('',#11457,#11458);
#11457 = CARTESIAN_POINT('',(-0.605147074036,2.424999999988,
    11.282000753566));
#11458 = VECTOR('',#11459,1.);
#11459 = DIRECTION('',(0.632455559104,0.707106781049,-0.316227712185));
#11460 = ORIENTED_EDGE('',*,*,#9299,.T.);
#11461 = ORIENTED_EDGE('',*,*,#11429,.T.);
#11462 = ORIENTED_EDGE('',*,*,#11463,.T.);
#11463 = EDGE_CURVE('',#11430,#11454,#11464,.T.);
#11464 = CIRCLE('',#11465,0.400000000017);
#11465 = AXIS2_PLACEMENT_3D('',#11466,#11467,#11468);
#11466 = CARTESIAN_POINT('',(-1.03,2.349999999979,11.494427191));
#11467 = DIRECTION('',(0.,1.,0.));
#11468 = DIRECTION('',(0.,0.,-1.));
#11469 = CONICAL_SURFACE('',#11470,0.550000000036,0.785398163397);
#11470 = AXIS2_PLACEMENT_3D('',#11471,#11472,#11473);
#11471 = CARTESIAN_POINT('',(-1.03,2.499999999998,11.494427191));
#11472 = DIRECTION('',(0.,1.,0.));
#11473 = DIRECTION('',(0.,-0.,1.));
#11474 = ADVANCED_FACE('',(#11475),#11493,.T.);
#11475 = FACE_BOUND('',#11476,.T.);
#11476 = EDGE_LOOP('',(#11477,#11478,#11479,#11487));
#11477 = ORIENTED_EDGE('',*,*,#11453,.T.);
#11478 = ORIENTED_EDGE('',*,*,#9291,.F.);
#11479 = ORIENTED_EDGE('',*,*,#11480,.T.);
#11480 = EDGE_CURVE('',#9283,#11481,#11483,.T.);
#11481 = VERTEX_POINT('',#11482);
#11482 = CARTESIAN_POINT('',(-0.908885438446,2.349999999979,
    10.84222912311));
#11483 = LINE('',#11484,#11485);
#11484 = CARTESIAN_POINT('',(-0.77482188348,2.500000096931,
    10.774945819674));
#11485 = VECTOR('',#11486,1.);
#11486 = DIRECTION('',(-0.631980896214,-0.707106383542,0.317176148496));
#11487 = ORIENTED_EDGE('',*,*,#11488,.T.);
#11488 = EDGE_CURVE('',#11481,#11454,#11489,.T.);
#11489 = LINE('',#11490,#11491);
#11490 = CARTESIAN_POINT('',(-0.908885438694,2.349999999997,
    10.842229122621));
#11491 = VECTOR('',#11492,1.);
#11492 = DIRECTION('',(0.447213595505,6.206333642686E-12,0.894427190997)
  );
#11493 = PLANE('',#11494);
#11494 = AXIS2_PLACEMENT_3D('',#11495,#11496,#11497);
#11495 = CARTESIAN_POINT('',(-0.723475241575,2.425,11.04534441854));
#11496 = DIRECTION('',(-0.632455532034,0.707106781187,0.316227766017));
#11497 = DIRECTION('',(-0.7453559925,-0.666666666667,0.));
#11498 = ADVANCED_FACE('',(#11499),#11519,.T.);
#11499 = FACE_BOUND('',#11500,.T.);
#11500 = EDGE_LOOP('',(#11501,#11502,#11503,#11512));
#11501 = ORIENTED_EDGE('',*,*,#11480,.F.);
#11502 = ORIENTED_EDGE('',*,*,#9282,.F.);
#11503 = ORIENTED_EDGE('',*,*,#11504,.T.);
#11504 = EDGE_CURVE('',#9275,#11505,#11507,.T.);
#11505 = VERTEX_POINT('',#11506);
#11506 = CARTESIAN_POINT('',(-0.929999999988,2.35,10.7527864045));
#11507 = B_SPLINE_CURVE_WITH_KNOTS('',3,(#11508,#11509,#11510,#11511),
  .UNSPECIFIED.,.F.,.F.,(4,4),(7.29679294599E-07,1.),
  .PIECEWISE_BEZIER_KNOTS.);
#11508 = CARTESIAN_POINT('',(-0.779999787276,2.499999953301,
    10.752947462903));
#11509 = CARTESIAN_POINT('',(-0.829999685251,2.44999996886,
    10.75305483496));
#11510 = CARTESIAN_POINT('',(-0.880000015556,2.399999984419,
    10.753001149051));
#11511 = CARTESIAN_POINT('',(-0.929999999988,2.35,10.7527864045));
#11512 = ORIENTED_EDGE('',*,*,#11513,.T.);
#11513 = EDGE_CURVE('',#11505,#11481,#11514,.T.);
#11514 = CIRCLE('',#11515,0.199999999997);
#11515 = AXIS2_PLACEMENT_3D('',#11516,#11517,#11518);
#11516 = CARTESIAN_POINT('',(-0.73,2.349999999979,10.7527864045));
#11517 = DIRECTION('',(0.,1.,0.));
#11518 = DIRECTION('',(-7.04731412126E-15,0.,-1.));
#11519 = CONICAL_SURFACE('',#11520,0.199999999997,0.785398163397);
#11520 = AXIS2_PLACEMENT_3D('',#11521,#11522,#11523);
#11521 = CARTESIAN_POINT('',(-0.73,2.349999999979,10.7527864045));
#11522 = DIRECTION('',(0.,-1.,0.));
#11523 = DIRECTION('',(0.,0.,-1.));
#11524 = ADVANCED_FACE('',(#11525),#11543,.T.);
#11525 = FACE_BOUND('',#11526,.T.);
#11526 = EDGE_LOOP('',(#11527,#11528,#11529,#11537));
#11527 = ORIENTED_EDGE('',*,*,#11504,.F.);
#11528 = ORIENTED_EDGE('',*,*,#9274,.F.);
#11529 = ORIENTED_EDGE('',*,*,#11530,.T.);
#11530 = EDGE_CURVE('',#9267,#11531,#11533,.T.);
#11531 = VERTEX_POINT('',#11532);
#11532 = CARTESIAN_POINT('',(-0.929999999987,2.350000000022,
    8.399999999987));
#11533 = LINE('',#11534,#11535);
#11534 = CARTESIAN_POINT('',(-0.779999994938,2.500000005063,
    8.249999996626));
#11535 = VECTOR('',#11536,1.);
#11536 = DIRECTION('',(-0.577350271344,-0.577350271344,0.577350264881));
#11537 = ORIENTED_EDGE('',*,*,#11538,.T.);
#11538 = EDGE_CURVE('',#11531,#11505,#11539,.T.);
#11539 = LINE('',#11540,#11541);
#11540 = CARTESIAN_POINT('',(-0.929999999977,2.350000000024,
    9.576393206754));
#11541 = VECTOR('',#11542,1.);
#11542 = DIRECTION('',(0.,0.,1.));
#11543 = PLANE('',#11544);
#11544 = AXIS2_PLACEMENT_3D('',#11545,#11546,#11547);
#11545 = CARTESIAN_POINT('',(-0.854999999882,2.425000000118,
    9.576393206754));
#11546 = DIRECTION('',(-0.707106781187,0.707106781187,0.));
#11547 = DIRECTION('',(-0.707106781187,-0.707106781187,0.));
#11548 = ADVANCED_FACE('',(#11549),#11567,.T.);
#11549 = FACE_BOUND('',#11550,.T.);
#11550 = EDGE_LOOP('',(#11551,#11552,#11553,#11561));
#11551 = ORIENTED_EDGE('',*,*,#11530,.F.);
#11552 = ORIENTED_EDGE('',*,*,#9266,.F.);
#11553 = ORIENTED_EDGE('',*,*,#11554,.T.);
#11554 = EDGE_CURVE('',#9259,#11555,#11557,.T.);
#11555 = VERTEX_POINT('',#11556);
#11556 = CARTESIAN_POINT('',(-1.150000000007,2.350000000014,
    8.399999999988));
#11557 = LINE('',#11558,#11559);
#11558 = CARTESIAN_POINT('',(-1.300000000002,2.500000000003,
    8.249999999997));
#11559 = VECTOR('',#11560,1.);
#11560 = DIRECTION('',(0.577350269206,-0.577350269181,0.577350269181));
#11561 = ORIENTED_EDGE('',*,*,#11562,.T.);
#11562 = EDGE_CURVE('',#11555,#11531,#11563,.T.);
#11563 = LINE('',#11564,#11565);
#11564 = CARTESIAN_POINT('',(-1.04,2.350000000017,8.399999999983));
#11565 = VECTOR('',#11566,1.);
#11566 = DIRECTION('',(1.,0.,0.));
#11567 = PLANE('',#11568);
#11568 = AXIS2_PLACEMENT_3D('',#11569,#11570,#11571);
#11569 = CARTESIAN_POINT('',(-1.04,2.425,8.325));
#11570 = DIRECTION('',(0.,0.707106781187,0.707106781187));
#11571 = DIRECTION('',(0.,-0.707106781187,0.707106781187));
#11572 = ADVANCED_FACE('',(#11573),#11584,.T.);
#11573 = FACE_BOUND('',#11574,.T.);
#11574 = EDGE_LOOP('',(#11575,#11576,#11577,#11583));
#11575 = ORIENTED_EDGE('',*,*,#9258,.F.);
#11576 = ORIENTED_EDGE('',*,*,#9701,.T.);
#11577 = ORIENTED_EDGE('',*,*,#11578,.T.);
#11578 = EDGE_CURVE('',#9694,#11555,#11579,.T.);
#11579 = LINE('',#11580,#11581);
#11580 = CARTESIAN_POINT('',(-1.150000000009,2.350000000008,8.6875));
#11581 = VECTOR('',#11582,1.);
#11582 = DIRECTION('',(0.,0.,-1.));
#11583 = ORIENTED_EDGE('',*,*,#11554,.F.);
#11584 = PLANE('',#11585);
#11585 = AXIS2_PLACEMENT_3D('',#11586,#11587,#11588);
#11586 = CARTESIAN_POINT('',(-1.225,2.425,8.6875));
#11587 = DIRECTION('',(0.707106781187,0.707106781187,0.));
#11588 = DIRECTION('',(-0.707106781187,0.707106781187,0.));
#11589 = ADVANCED_FACE('',(#11590),#11608,.T.);
#11590 = FACE_BOUND('',#11591,.T.);
#11591 = EDGE_LOOP('',(#11592,#11593,#11601,#11607));
#11592 = ORIENTED_EDGE('',*,*,#9242,.F.);
#11593 = ORIENTED_EDGE('',*,*,#11594,.T.);
#11594 = EDGE_CURVE('',#9235,#11595,#11597,.T.);
#11595 = VERTEX_POINT('',#11596);
#11596 = CARTESIAN_POINT('',(-1.95,2.35,8.35));
#11597 = LINE('',#11598,#11599);
#11598 = CARTESIAN_POINT('',(-1.8,2.5,8.2));
#11599 = VECTOR('',#11600,1.);
#11600 = DIRECTION('',(-0.57735026919,-0.57735026919,0.57735026919));
#11601 = ORIENTED_EDGE('',*,*,#11602,.T.);
#11602 = EDGE_CURVE('',#11595,#9709,#11603,.T.);
#11603 = LINE('',#11604,#11605);
#11604 = CARTESIAN_POINT('',(-1.95,2.35,8.6625));
#11605 = VECTOR('',#11606,1.);
#11606 = DIRECTION('',(0.,0.,1.));
#11607 = ORIENTED_EDGE('',*,*,#9708,.T.);
#11608 = PLANE('',#11609);
#11609 = AXIS2_PLACEMENT_3D('',#11610,#11611,#11612);
#11610 = CARTESIAN_POINT('',(-1.875,2.425,8.6625));
#11611 = DIRECTION('',(-0.707106781187,0.707106781187,0.));
#11612 = DIRECTION('',(-0.707106781187,-0.707106781187,0.));
#11613 = ADVANCED_FACE('',(#11614),#11632,.T.);
#11614 = FACE_BOUND('',#11615,.T.);
#11615 = EDGE_LOOP('',(#11616,#11617,#11618,#11626));
#11616 = ORIENTED_EDGE('',*,*,#11594,.F.);
#11617 = ORIENTED_EDGE('',*,*,#9234,.F.);
#11618 = ORIENTED_EDGE('',*,*,#11619,.T.);
#11619 = EDGE_CURVE('',#9227,#11620,#11622,.T.);
#11620 = VERTEX_POINT('',#11621);
#11621 = CARTESIAN_POINT('',(-2.65,2.35,8.35));
#11622 = LINE('',#11623,#11624);
#11623 = CARTESIAN_POINT('',(-2.8,2.5,8.2));
#11624 = VECTOR('',#11625,1.);
#11625 = DIRECTION('',(0.57735026919,-0.57735026919,0.57735026919));
#11626 = ORIENTED_EDGE('',*,*,#11627,.T.);
#11627 = EDGE_CURVE('',#11620,#11595,#11628,.T.);
#11628 = LINE('',#11629,#11630);
#11629 = CARTESIAN_POINT('',(-2.43,2.35,8.35));
#11630 = VECTOR('',#11631,1.);
#11631 = DIRECTION('',(1.,0.,0.));
#11632 = PLANE('',#11633);
#11633 = AXIS2_PLACEMENT_3D('',#11634,#11635,#11636);
#11634 = CARTESIAN_POINT('',(-2.3,2.425,8.275));
#11635 = DIRECTION('',(0.,0.707106781187,0.707106781187));
#11636 = DIRECTION('',(0.,-0.707106781187,0.707106781187));
#11637 = ADVANCED_FACE('',(#11638),#11656,.T.);
#11638 = FACE_BOUND('',#11639,.T.);
#11639 = EDGE_LOOP('',(#11640,#11641,#11649,#11655));
#11640 = ORIENTED_EDGE('',*,*,#9226,.F.);
#11641 = ORIENTED_EDGE('',*,*,#11642,.T.);
#11642 = EDGE_CURVE('',#9219,#11643,#11645,.T.);
#11643 = VERTEX_POINT('',#11644);
#11644 = CARTESIAN_POINT('',(-2.65,2.35,11.15));
#11645 = LINE('',#11646,#11647);
#11646 = CARTESIAN_POINT('',(-2.8,2.5,11.3));
#11647 = VECTOR('',#11648,1.);
#11648 = DIRECTION('',(0.57735026919,-0.57735026919,-0.57735026919));
#11649 = ORIENTED_EDGE('',*,*,#11650,.T.);
#11650 = EDGE_CURVE('',#11643,#11620,#11651,.T.);
#11651 = LINE('',#11652,#11653);
#11652 = CARTESIAN_POINT('',(-2.65,2.35,9.75));
#11653 = VECTOR('',#11654,1.);
#11654 = DIRECTION('',(0.,0.,-1.));
#11655 = ORIENTED_EDGE('',*,*,#11619,.F.);
#11656 = PLANE('',#11657);
#11657 = AXIS2_PLACEMENT_3D('',#11658,#11659,#11660);
#11658 = CARTESIAN_POINT('',(-2.725,2.425,9.75));
#11659 = DIRECTION('',(0.707106781187,0.707106781187,0.));
#11660 = DIRECTION('',(-0.707106781187,0.707106781187,0.));
#11661 = ADVANCED_FACE('',(#11662),#11680,.T.);
#11662 = FACE_BOUND('',#11663,.T.);
#11663 = EDGE_LOOP('',(#11664,#11665,#11666,#11674));
#11664 = ORIENTED_EDGE('',*,*,#11642,.F.);
#11665 = ORIENTED_EDGE('',*,*,#9218,.F.);
#11666 = ORIENTED_EDGE('',*,*,#11667,.T.);
#11667 = EDGE_CURVE('',#9211,#11668,#11670,.T.);
#11668 = VERTEX_POINT('',#11669);
#11669 = CARTESIAN_POINT('',(-1.95,2.35,11.15));
#11670 = LINE('',#11671,#11672);
#11671 = CARTESIAN_POINT('',(-1.800000000012,2.499999999998,
    11.299999999998));
#11672 = VECTOR('',#11673,1.);
#11673 = DIRECTION('',(-0.577350269165,-0.577350269202,-0.577350269202)
  );
#11674 = ORIENTED_EDGE('',*,*,#11675,.T.);
#11675 = EDGE_CURVE('',#11668,#11643,#11676,.T.);
#11676 = LINE('',#11677,#11678);
#11677 = CARTESIAN_POINT('',(-2.65,2.35,11.15));
#11678 = VECTOR('',#11679,1.);
#11679 = DIRECTION('',(-1.,0.,0.));
#11680 = PLANE('',#11681);
#11681 = AXIS2_PLACEMENT_3D('',#11682,#11683,#11684);
#11682 = CARTESIAN_POINT('',(-2.3,2.425,11.225));
#11683 = DIRECTION('',(0.,0.707106781187,-0.707106781187));
#11684 = DIRECTION('',(0.,0.707106781187,0.707106781187));
#11685 = ADVANCED_FACE('',(#11686),#11697,.T.);
#11686 = FACE_BOUND('',#11687,.T.);
#11687 = EDGE_LOOP('',(#11688,#11689,#11690,#11696));
#11688 = ORIENTED_EDGE('',*,*,#9210,.F.);
#11689 = ORIENTED_EDGE('',*,*,#9477,.T.);
#11690 = ORIENTED_EDGE('',*,*,#11691,.T.);
#11691 = EDGE_CURVE('',#9470,#11668,#11692,.T.);
#11692 = LINE('',#11693,#11694);
#11693 = CARTESIAN_POINT('',(-1.95,2.35,10.8375));
#11694 = VECTOR('',#11695,1.);
#11695 = DIRECTION('',(0.,0.,1.));
#11696 = ORIENTED_EDGE('',*,*,#11667,.F.);
#11697 = PLANE('',#11698);
#11698 = AXIS2_PLACEMENT_3D('',#11699,#11700,#11701);
#11699 = CARTESIAN_POINT('',(-1.875,2.425,10.8375));
#11700 = DIRECTION('',(-0.707106781187,0.707106781187,0.));
#11701 = DIRECTION('',(-0.707106781187,-0.707106781187,0.));
#11702 = ADVANCED_FACE('',(#11703),#11721,.T.);
#11703 = FACE_BOUND('',#11704,.T.);
#11704 = EDGE_LOOP('',(#11705,#11713,#11714,#11715));
#11705 = ORIENTED_EDGE('',*,*,#11706,.T.);
#11706 = EDGE_CURVE('',#11707,#9485,#11709,.T.);
#11707 = VERTEX_POINT('',#11708);
#11708 = CARTESIAN_POINT('',(-1.150000000009,2.350000000009,
    10.757507771303));
#11709 = LINE('',#11710,#11711);
#11710 = CARTESIAN_POINT('',(-1.15,2.35,10.64125389188));
#11711 = VECTOR('',#11712,1.);
#11712 = DIRECTION('',(0.,0.,-1.));
#11713 = ORIENTED_EDGE('',*,*,#9484,.T.);
#11714 = ORIENTED_EDGE('',*,*,#9194,.F.);
#11715 = ORIENTED_EDGE('',*,*,#11716,.T.);
#11716 = EDGE_CURVE('',#9186,#11707,#11717,.T.);
#11717 = LINE('',#11718,#11719);
#11718 = CARTESIAN_POINT('',(-1.224999999143,2.424999999143,
    10.75750777565));
#11719 = VECTOR('',#11720,1.);
#11720 = DIRECTION('',(0.707106781187,-0.707106781187,0.));
#11721 = PLANE('',#11722);
#11722 = AXIS2_PLACEMENT_3D('',#11723,#11724,#11725);
#11723 = CARTESIAN_POINT('',(-1.224999999143,2.424999999143,
    10.64125389188));
#11724 = DIRECTION('',(0.707106781187,0.707106781187,0.));
#11725 = DIRECTION('',(-0.707106781187,0.707106781187,0.));
#11726 = ADVANCED_FACE('',(#11727),#11746,.F.);
#11727 = FACE_BOUND('',#11728,.F.);
#11728 = EDGE_LOOP('',(#11729,#11737,#11738,#11739));
#11729 = ORIENTED_EDGE('',*,*,#11730,.T.);
#11730 = EDGE_CURVE('',#11731,#9178,#11733,.T.);
#11731 = VERTEX_POINT('',#11732);
#11732 = CARTESIAN_POINT('',(-1.107770876414,2.350000000017,
    10.936393202263));
#11733 = LINE('',#11734,#11735);
#11734 = CARTESIAN_POINT('',(-1.174852919119,2.425000000043,
    10.96993421516));
#11735 = VECTOR('',#11736,1.);
#11736 = DIRECTION('',(-0.632455563481,0.707106781185,0.316227703127));
#11737 = ORIENTED_EDGE('',*,*,#9185,.T.);
#11738 = ORIENTED_EDGE('',*,*,#11716,.T.);
#11739 = ORIENTED_EDGE('',*,*,#11740,.T.);
#11740 = EDGE_CURVE('',#11707,#11731,#11741,.T.);
#11741 = CIRCLE('',#11742,0.400000000037);
#11742 = AXIS2_PLACEMENT_3D('',#11743,#11744,#11745);
#11743 = CARTESIAN_POINT('',(-0.75,2.350000000035,10.75750776405));
#11744 = DIRECTION('',(0.,1.,0.));
#11745 = DIRECTION('',(0.,0.,-1.));
#11746 = CONICAL_SURFACE('',#11747,0.549999999999,0.785398163208);
#11747 = AXIS2_PLACEMENT_3D('',#11748,#11749,#11750);
#11748 = CARTESIAN_POINT('',(-0.75,2.500000000055,10.75750776405));
#11749 = DIRECTION('',(0.,1.,0.));
#11750 = DIRECTION('',(0.,-0.,1.));
#11751 = ADVANCED_FACE('',(#11752),#11778,.T.);
#11752 = FACE_BOUND('',#11753,.T.);
#11753 = EDGE_LOOP('',(#11754,#11762,#11770,#11776,#11777));
#11754 = ORIENTED_EDGE('',*,*,#11755,.T.);
#11755 = EDGE_CURVE('',#9170,#11756,#11758,.T.);
#11756 = VERTEX_POINT('',#11757);
#11757 = CARTESIAN_POINT('',(-0.975967477525,2.439442719109,
    11.400000000016));
#11758 = LINE('',#11759,#11760);
#11759 = CARTESIAN_POINT('',(-1.042670686656,2.499103883083,
    11.400000000024));
#11760 = VECTOR('',#11761,1.);
#11761 = DIRECTION('',(0.7453559925,-0.666666666667,0.));
#11762 = ORIENTED_EDGE('',*,*,#11763,.T.);
#11763 = EDGE_CURVE('',#11756,#11764,#11766,.T.);
#11764 = VERTEX_POINT('',#11765);
#11765 = CARTESIAN_POINT('',(-0.975967477501,2.349999999918,
    11.199999999899));
#11766 = LINE('',#11767,#11768);
#11767 = CARTESIAN_POINT('',(-0.975967477525,2.439442719098,11.4));
#11768 = VECTOR('',#11769,1.);
#11769 = DIRECTION('',(1.653072988895E-10,-0.408248290587,-0.91287092912
    ));
#11770 = ORIENTED_EDGE('',*,*,#11771,.T.);
#11771 = EDGE_CURVE('',#11764,#11731,#11772,.T.);
#11772 = LINE('',#11773,#11774);
#11773 = CARTESIAN_POINT('',(-0.975967477489,2.349999999918,
    11.199999999893));
#11774 = VECTOR('',#11775,1.);
#11775 = DIRECTION('',(-0.447213595746,2.750841308454E-10,
    -0.894427190877));
#11776 = ORIENTED_EDGE('',*,*,#11730,.T.);
#11777 = ORIENTED_EDGE('',*,*,#9177,.F.);
#11778 = PLANE('',#11779);
#11779 = AXIS2_PLACEMENT_3D('',#11780,#11781,#11782);
#11780 = CARTESIAN_POINT('',(-1.108951215466,2.424999999081,
    11.10173762038));
#11781 = DIRECTION('',(0.632455532034,0.707106781187,-0.316227766017));
#11782 = DIRECTION('',(-0.7453559925,0.666666666667,0.));
#11783 = ADVANCED_FACE('',(#11784),#11818,.F.);
#11784 = FACE_BOUND('',#11785,.T.);
#11785 = EDGE_LOOP('',(#11786,#11794,#11802,#11810,#11816,#11817));
#11786 = ORIENTED_EDGE('',*,*,#11787,.F.);
#11787 = EDGE_CURVE('',#11788,#9162,#11790,.T.);
#11788 = VERTEX_POINT('',#11789);
#11789 = CARTESIAN_POINT('',(-1.7,2.24999999998,11.4));
#11790 = LINE('',#11791,#11792);
#11791 = CARTESIAN_POINT('',(-1.7,2.5,11.4));
#11792 = VECTOR('',#11793,1.);
#11793 = DIRECTION('',(0.,1.,0.));
#11794 = ORIENTED_EDGE('',*,*,#11795,.F.);
#11795 = EDGE_CURVE('',#11796,#11788,#11798,.T.);
#11796 = VERTEX_POINT('',#11797);
#11797 = CARTESIAN_POINT('',(-1.099574275173,2.24999999998,11.4));
#11798 = LINE('',#11799,#11800);
#11799 = CARTESIAN_POINT('',(0.,2.25,11.4));
#11800 = VECTOR('',#11801,1.);
#11801 = DIRECTION('',(-1.,0.,0.));
#11802 = ORIENTED_EDGE('',*,*,#11803,.F.);
#11803 = EDGE_CURVE('',#11804,#11796,#11806,.T.);
#11804 = VERTEX_POINT('',#11805);
#11805 = CARTESIAN_POINT('',(-0.975967477525,2.1394427191,11.4));
#11806 = LINE('',#11807,#11808);
#11807 = CARTESIAN_POINT('',(-0.975967477525,2.1394427191,11.4));
#11808 = VECTOR('',#11809,1.);
#11809 = DIRECTION('',(-0.745355992407,0.666666666771,0.));
#11810 = ORIENTED_EDGE('',*,*,#11811,.F.);
#11811 = EDGE_CURVE('',#11756,#11804,#11812,.T.);
#11812 = LINE('',#11813,#11814);
#11813 = CARTESIAN_POINT('',(-0.975967477525,2.5,11.4));
#11814 = VECTOR('',#11815,1.);
#11815 = DIRECTION('',(-0.,-1.,-0.));
#11816 = ORIENTED_EDGE('',*,*,#11755,.F.);
#11817 = ORIENTED_EDGE('',*,*,#9169,.F.);
#11818 = PLANE('',#11819);
#11819 = AXIS2_PLACEMENT_3D('',#11820,#11821,#11822);
#11820 = CARTESIAN_POINT('',(-0.63,2.5,11.4));
#11821 = DIRECTION('',(0.,0.,-1.));
#11822 = DIRECTION('',(-1.,0.,0.));
#11823 = ADVANCED_FACE('',(#11824),#11842,.F.);
#11824 = FACE_BOUND('',#11825,.T.);
#11825 = EDGE_LOOP('',(#11826,#11827,#11828,#11836));
#11826 = ORIENTED_EDGE('',*,*,#11787,.T.);
#11827 = ORIENTED_EDGE('',*,*,#9161,.F.);
#11828 = ORIENTED_EDGE('',*,*,#11829,.F.);
#11829 = EDGE_CURVE('',#11830,#9154,#11832,.T.);
#11830 = VERTEX_POINT('',#11831);
#11831 = CARTESIAN_POINT('',(-1.7,2.249999999996,11.9));
#11832 = LINE('',#11833,#11834);
#11833 = CARTESIAN_POINT('',(-1.7,2.5,11.9));
#11834 = VECTOR('',#11835,1.);
#11835 = DIRECTION('',(0.,1.,0.));
#11836 = ORIENTED_EDGE('',*,*,#11837,.F.);
#11837 = EDGE_CURVE('',#11788,#11830,#11838,.T.);
#11838 = LINE('',#11839,#11840);
#11839 = CARTESIAN_POINT('',(-1.7,2.25,0.));
#11840 = VECTOR('',#11841,1.);
#11841 = DIRECTION('',(0.,0.,1.));
#11842 = PLANE('',#11843);
#11843 = AXIS2_PLACEMENT_3D('',#11844,#11845,#11846);
#11844 = CARTESIAN_POINT('',(-1.7,2.5,11.4));
#11845 = DIRECTION('',(-1.,0.,0.));
#11846 = DIRECTION('',(0.,0.,1.));
#11847 = ADVANCED_FACE('',(#11848),#11874,.T.);
#11848 = FACE_BOUND('',#11849,.T.);
#11849 = EDGE_LOOP('',(#11850,#11851,#11859,#11867,#11873));
#11850 = ORIENTED_EDGE('',*,*,#9153,.F.);
#11851 = ORIENTED_EDGE('',*,*,#11852,.T.);
#11852 = EDGE_CURVE('',#9146,#11853,#11855,.T.);
#11853 = VERTEX_POINT('',#11854);
#11854 = CARTESIAN_POINT('',(-1.95,2.35,12.15));
#11855 = LINE('',#11856,#11857);
#11856 = CARTESIAN_POINT('',(-1.8,2.499999999999,12.));
#11857 = VECTOR('',#11858,1.);
#11858 = DIRECTION('',(-0.57735026919,-0.577350269188,0.57735026919));
#11859 = ORIENTED_EDGE('',*,*,#11860,.T.);
#11860 = EDGE_CURVE('',#11853,#11861,#11863,.T.);
#11861 = VERTEX_POINT('',#11862);
#11862 = CARTESIAN_POINT('',(-1.95,2.25,12.15));
#11863 = LINE('',#11864,#11865);
#11864 = CARTESIAN_POINT('',(-1.95,2.5,12.15));
#11865 = VECTOR('',#11866,1.);
#11866 = DIRECTION('',(-0.,-1.,-0.));
#11867 = ORIENTED_EDGE('',*,*,#11868,.F.);
#11868 = EDGE_CURVE('',#11830,#11861,#11869,.T.);
#11869 = LINE('',#11870,#11871);
#11870 = CARTESIAN_POINT('',(-1.7,2.25,11.9));
#11871 = VECTOR('',#11872,1.);
#11872 = DIRECTION('',(-0.707106781187,0.,0.707106781187));
#11873 = ORIENTED_EDGE('',*,*,#11829,.T.);
#11874 = PLANE('',#11875);
#11875 = AXIS2_PLACEMENT_3D('',#11876,#11877,#11878);
#11876 = CARTESIAN_POINT('',(-1.825,2.375,12.025));
#11877 = DIRECTION('',(0.707106781187,0.,0.707106781187));
#11878 = DIRECTION('',(0.707106781187,0.,-0.707106781187));
#11879 = ADVANCED_FACE('',(#11880),#11898,.T.);
#11880 = FACE_BOUND('',#11881,.T.);
#11881 = EDGE_LOOP('',(#11882,#11890,#11891,#11892));
#11882 = ORIENTED_EDGE('',*,*,#11883,.T.);
#11883 = EDGE_CURVE('',#11884,#11853,#11886,.T.);
#11884 = VERTEX_POINT('',#11885);
#11885 = CARTESIAN_POINT('',(-2.65,2.35,12.15));
#11886 = LINE('',#11887,#11888);
#11887 = CARTESIAN_POINT('',(-2.43,2.35,12.15));
#11888 = VECTOR('',#11889,1.);
#11889 = DIRECTION('',(1.,0.,0.));
#11890 = ORIENTED_EDGE('',*,*,#11852,.F.);
#11891 = ORIENTED_EDGE('',*,*,#9145,.F.);
#11892 = ORIENTED_EDGE('',*,*,#11893,.T.);
#11893 = EDGE_CURVE('',#9138,#11884,#11894,.T.);
#11894 = LINE('',#11895,#11896);
#11895 = CARTESIAN_POINT('',(-2.8,2.5,12.));
#11896 = VECTOR('',#11897,1.);
#11897 = DIRECTION('',(0.57735026919,-0.57735026919,0.57735026919));
#11898 = PLANE('',#11899);
#11899 = AXIS2_PLACEMENT_3D('',#11900,#11901,#11902);
#11900 = CARTESIAN_POINT('',(-2.3,2.425,12.075));
#11901 = DIRECTION('',(0.,0.707106781187,0.707106781187));
#11902 = DIRECTION('',(0.,-0.707106781187,0.707106781187));
#11903 = ADVANCED_FACE('',(#11904),#11922,.T.);
#11904 = FACE_BOUND('',#11905,.T.);
#11905 = EDGE_LOOP('',(#11906,#11907,#11915,#11921));
#11906 = ORIENTED_EDGE('',*,*,#9137,.F.);
#11907 = ORIENTED_EDGE('',*,*,#11908,.T.);
#11908 = EDGE_CURVE('',#9130,#11909,#11911,.T.);
#11909 = VERTEX_POINT('',#11910);
#11910 = CARTESIAN_POINT('',(-2.65,2.35,12.5));
#11911 = LINE('',#11912,#11913);
#11912 = CARTESIAN_POINT('',(-2.8,2.5,12.5));
#11913 = VECTOR('',#11914,1.);
#11914 = DIRECTION('',(0.707106781187,-0.707106781187,0.));
#11915 = ORIENTED_EDGE('',*,*,#11916,.T.);
#11916 = EDGE_CURVE('',#11909,#11884,#11917,.T.);
#11917 = LINE('',#11918,#11919);
#11918 = CARTESIAN_POINT('',(-2.65,2.35,12.15));
#11919 = VECTOR('',#11920,1.);
#11920 = DIRECTION('',(-0.,-0.,-1.));
#11921 = ORIENTED_EDGE('',*,*,#11893,.F.);
#11922 = PLANE('',#11923);
#11923 = AXIS2_PLACEMENT_3D('',#11924,#11925,#11926);
#11924 = CARTESIAN_POINT('',(-2.725,2.425,12.325));
#11925 = DIRECTION('',(0.707106781187,0.707106781187,0.));
#11926 = DIRECTION('',(-0.707106781187,0.707106781187,0.));
#11927 = ADVANCED_FACE('',(#11928),#11934,.T.);
#11928 = FACE_BOUND('',#11929,.T.);
#11929 = EDGE_LOOP('',(#11930,#11931,#11932,#11933));
#11930 = ORIENTED_EDGE('',*,*,#9749,.T.);
#11931 = ORIENTED_EDGE('',*,*,#9420,.F.);
#11932 = ORIENTED_EDGE('',*,*,#9508,.T.);
#11933 = ORIENTED_EDGE('',*,*,#7506,.T.);
#11934 = PLANE('',#11935);
#11935 = AXIS2_PLACEMENT_3D('',#11936,#11937,#11938);
#11936 = CARTESIAN_POINT('',(0.,-1.,0.));
#11937 = DIRECTION('',(0.,1.,0.));
#11938 = DIRECTION('',(0.,-0.,1.));
#11939 = ADVANCED_FACE('',(#11940),#11965,.T.);
#11940 = FACE_BOUND('',#11941,.T.);
#11941 = EDGE_LOOP('',(#11942,#11950,#11951,#11959));
#11942 = ORIENTED_EDGE('',*,*,#11943,.T.);
#11943 = EDGE_CURVE('',#11944,#9454,#11946,.T.);
#11944 = VERTEX_POINT('',#11945);
#11945 = CARTESIAN_POINT('',(-2.28,2.25,11.15));
#11946 = LINE('',#11947,#11948);
#11947 = CARTESIAN_POINT('',(-2.28,2.25,10.8375));
#11948 = VECTOR('',#11949,1.);
#11949 = DIRECTION('',(-0.,-0.,-1.));
#11950 = ORIENTED_EDGE('',*,*,#9453,.T.);
#11951 = ORIENTED_EDGE('',*,*,#11952,.T.);
#11952 = EDGE_CURVE('',#9446,#11953,#11955,.T.);
#11953 = VERTEX_POINT('',#11954);
#11954 = CARTESIAN_POINT('',(-2.43,2.1,11.15));
#11955 = LINE('',#11956,#11957);
#11956 = CARTESIAN_POINT('',(-2.43,2.1,10.8375));
#11957 = VECTOR('',#11958,1.);
#11958 = DIRECTION('',(0.,0.,1.));
#11959 = ORIENTED_EDGE('',*,*,#11960,.T.);
#11960 = EDGE_CURVE('',#11953,#11944,#11961,.T.);
#11961 = LINE('',#11962,#11963);
#11962 = CARTESIAN_POINT('',(-2.43,2.1,11.15));
#11963 = VECTOR('',#11964,1.);
#11964 = DIRECTION('',(0.707106781187,0.707106781187,0.));
#11965 = PLANE('',#11966);
#11966 = AXIS2_PLACEMENT_3D('',#11967,#11968,#11969);
#11967 = CARTESIAN_POINT('',(-2.355,2.175,10.8375));
#11968 = DIRECTION('',(-0.707106781187,0.707106781187,0.));
#11969 = DIRECTION('',(-0.707106781187,-0.707106781187,0.));
#11970 = ADVANCED_FACE('',(#11971),#11989,.T.);
#11971 = FACE_BOUND('',#11972,.T.);
#11972 = EDGE_LOOP('',(#11973,#11974,#11975,#11983));
#11973 = ORIENTED_EDGE('',*,*,#9461,.T.);
#11974 = ORIENTED_EDGE('',*,*,#11943,.F.);
#11975 = ORIENTED_EDGE('',*,*,#11976,.T.);
#11976 = EDGE_CURVE('',#11944,#11977,#11979,.T.);
#11977 = VERTEX_POINT('',#11978);
#11978 = CARTESIAN_POINT('',(-1.95,2.25,11.15));
#11979 = LINE('',#11980,#11981);
#11980 = CARTESIAN_POINT('',(-2.65,2.25,11.15));
#11981 = VECTOR('',#11982,1.);
#11982 = DIRECTION('',(1.,0.,0.));
#11983 = ORIENTED_EDGE('',*,*,#11984,.T.);
#11984 = EDGE_CURVE('',#11977,#9462,#11985,.T.);
#11985 = LINE('',#11986,#11987);
#11986 = CARTESIAN_POINT('',(-1.95,2.25,0.));
#11987 = VECTOR('',#11988,1.);
#11988 = DIRECTION('',(0.,0.,-1.));
#11989 = PLANE('',#11990);
#11990 = AXIS2_PLACEMENT_3D('',#11991,#11992,#11993);
#11991 = CARTESIAN_POINT('',(0.,2.25,0.));
#11992 = DIRECTION('',(0.,1.,0.));
#11993 = DIRECTION('',(0.,-0.,1.));
#11994 = ADVANCED_FACE('',(#11995),#12006,.F.);
#11995 = FACE_BOUND('',#11996,.T.);
#11996 = EDGE_LOOP('',(#11997,#11998,#11999,#12005));
#11997 = ORIENTED_EDGE('',*,*,#9469,.T.);
#11998 = ORIENTED_EDGE('',*,*,#11984,.F.);
#11999 = ORIENTED_EDGE('',*,*,#12000,.T.);
#12000 = EDGE_CURVE('',#11977,#11668,#12001,.T.);
#12001 = LINE('',#12002,#12003);
#12002 = CARTESIAN_POINT('',(-1.95,2.5,11.15));
#12003 = VECTOR('',#12004,1.);
#12004 = DIRECTION('',(0.,1.,0.));
#12005 = ORIENTED_EDGE('',*,*,#11691,.F.);
#12006 = PLANE('',#12007);
#12007 = AXIS2_PLACEMENT_3D('',#12008,#12009,#12010);
#12008 = CARTESIAN_POINT('',(-1.95,2.5,11.15));
#12009 = DIRECTION('',(1.,0.,0.));
#12010 = DIRECTION('',(0.,0.,-1.));
#12011 = ADVANCED_FACE('',(#12012),#12030,.F.);
#12012 = FACE_BOUND('',#12013,.T.);
#12013 = EDGE_LOOP('',(#12014,#12022,#12023,#12024));
#12014 = ORIENTED_EDGE('',*,*,#12015,.F.);
#12015 = EDGE_CURVE('',#9493,#12016,#12018,.T.);
#12016 = VERTEX_POINT('',#12017);
#12017 = CARTESIAN_POINT('',(-1.149999999999,1.75,10.75750776529));
#12018 = LINE('',#12019,#12020);
#12019 = CARTESIAN_POINT('',(-1.149999999997,1.75,0.));
#12020 = VECTOR('',#12021,1.);
#12021 = DIRECTION('',(0.,0.,1.));
#12022 = ORIENTED_EDGE('',*,*,#9492,.T.);
#12023 = ORIENTED_EDGE('',*,*,#11706,.F.);
#12024 = ORIENTED_EDGE('',*,*,#12025,.F.);
#12025 = EDGE_CURVE('',#12016,#11707,#12026,.T.);
#12026 = LINE('',#12027,#12028);
#12027 = CARTESIAN_POINT('',(-1.15,2.5,10.75750776653));
#12028 = VECTOR('',#12029,1.);
#12029 = DIRECTION('',(0.,1.,0.));
#12030 = PLANE('',#12031);
#12031 = AXIS2_PLACEMENT_3D('',#12032,#12033,#12034);
#12032 = CARTESIAN_POINT('',(-1.15,2.5,8.4));
#12033 = DIRECTION('',(-1.,0.,0.));
#12034 = DIRECTION('',(0.,0.,1.));
#12035 = ADVANCED_FACE('',(#12036),#12083,.F.);
#12036 = FACE_BOUND('',#12037,.T.);
#12037 = EDGE_LOOP('',(#12038,#12046,#12047,#12055,#12061,#12062,#12070,
    #12076,#12077));
#12038 = ORIENTED_EDGE('',*,*,#12039,.F.);
#12039 = EDGE_CURVE('',#11620,#12040,#12042,.T.);
#12040 = VERTEX_POINT('',#12041);
#12041 = CARTESIAN_POINT('',(-2.65,-2.1,8.35));
#12042 = LINE('',#12043,#12044);
#12043 = CARTESIAN_POINT('',(-2.65,2.5,8.35));
#12044 = VECTOR('',#12045,1.);
#12045 = DIRECTION('',(0.,-1.,0.));
#12046 = ORIENTED_EDGE('',*,*,#11650,.F.);
#12047 = ORIENTED_EDGE('',*,*,#12048,.F.);
#12048 = EDGE_CURVE('',#12049,#11643,#12051,.T.);
#12049 = VERTEX_POINT('',#12050);
#12050 = CARTESIAN_POINT('',(-2.65,-2.1,11.15));
#12051 = LINE('',#12052,#12053);
#12052 = CARTESIAN_POINT('',(-2.65,2.5,11.15));
#12053 = VECTOR('',#12054,1.);
#12054 = DIRECTION('',(0.,1.,0.));
#12055 = ORIENTED_EDGE('',*,*,#12056,.F.);
#12056 = EDGE_CURVE('',#9557,#12049,#12057,.T.);
#12057 = LINE('',#12058,#12059);
#12058 = CARTESIAN_POINT('',(-2.65,-2.1,8.35));
#12059 = VECTOR('',#12060,1.);
#12060 = DIRECTION('',(0.,0.,1.));
#12061 = ORIENTED_EDGE('',*,*,#9589,.T.);
#12062 = ORIENTED_EDGE('',*,*,#12063,.F.);
#12063 = EDGE_CURVE('',#12064,#9582,#12066,.T.);
#12064 = VERTEX_POINT('',#12065);
#12065 = CARTESIAN_POINT('',(-2.65,1.8,9.55));
#12066 = LINE('',#12067,#12068);
#12067 = CARTESIAN_POINT('',(-2.65,1.8,8.35));
#12068 = VECTOR('',#12069,1.);
#12069 = DIRECTION('',(0.,0.,1.));
#12070 = ORIENTED_EDGE('',*,*,#12071,.F.);
#12071 = EDGE_CURVE('',#9630,#12064,#12072,.T.);
#12072 = LINE('',#12073,#12074);
#12073 = CARTESIAN_POINT('',(-2.65,1.3,8.75));
#12074 = VECTOR('',#12075,1.);
#12075 = DIRECTION('',(0.,0.529998940003,0.847998304005));
#12076 = ORIENTED_EDGE('',*,*,#9629,.T.);
#12077 = ORIENTED_EDGE('',*,*,#12078,.F.);
#12078 = EDGE_CURVE('',#12040,#9622,#12079,.T.);
#12079 = LINE('',#12080,#12081);
#12080 = CARTESIAN_POINT('',(-2.65,-2.1,8.35));
#12081 = VECTOR('',#12082,1.);
#12082 = DIRECTION('',(0.,0.,1.));
#12083 = PLANE('',#12084);
#12084 = AXIS2_PLACEMENT_3D('',#12085,#12086,#12087);
#12085 = CARTESIAN_POINT('',(-2.65,2.5,8.35));
#12086 = DIRECTION('',(-1.,0.,0.));
#12087 = DIRECTION('',(0.,0.,1.));
#12088 = ADVANCED_FACE('',(#12089),#12107,.T.);
#12089 = FACE_BOUND('',#12090,.T.);
#12090 = EDGE_LOOP('',(#12091,#12092,#12093,#12101));
#12091 = ORIENTED_EDGE('',*,*,#9554,.T.);
#12092 = ORIENTED_EDGE('',*,*,#12056,.T.);
#12093 = ORIENTED_EDGE('',*,*,#12094,.T.);
#12094 = EDGE_CURVE('',#12049,#12095,#12097,.T.);
#12095 = VERTEX_POINT('',#12096);
#12096 = CARTESIAN_POINT('',(-2.43,-2.1,11.15));
#12097 = LINE('',#12098,#12099);
#12098 = CARTESIAN_POINT('',(0.,-2.1,11.15));
#12099 = VECTOR('',#12100,1.);
#12100 = DIRECTION('',(1.,0.,0.));
#12101 = ORIENTED_EDGE('',*,*,#12102,.T.);
#12102 = EDGE_CURVE('',#12095,#9555,#12103,.T.);
#12103 = LINE('',#12104,#12105);
#12104 = CARTESIAN_POINT('',(-2.43,-2.1,0.));
#12105 = VECTOR('',#12106,1.);
#12106 = DIRECTION('',(0.,0.,-1.));
#12107 = PLANE('',#12108);
#12108 = AXIS2_PLACEMENT_3D('',#12109,#12110,#12111);
#12109 = CARTESIAN_POINT('',(0.,-2.1,0.));
#12110 = DIRECTION('',(0.,1.,0.));
#12111 = DIRECTION('',(0.,-0.,1.));
#12112 = ADVANCED_FACE('',(#12113),#12126,.F.);
#12113 = FACE_BOUND('',#12114,.T.);
#12114 = EDGE_LOOP('',(#12115,#12116,#12117,#12118,#12124,#12125));
#12115 = ORIENTED_EDGE('',*,*,#9538,.F.);
#12116 = ORIENTED_EDGE('',*,*,#9564,.T.);
#12117 = ORIENTED_EDGE('',*,*,#12102,.F.);
#12118 = ORIENTED_EDGE('',*,*,#12119,.F.);
#12119 = EDGE_CURVE('',#11953,#12095,#12120,.T.);
#12120 = LINE('',#12121,#12122);
#12121 = CARTESIAN_POINT('',(-2.43,2.5,11.15));
#12122 = VECTOR('',#12123,1.);
#12123 = DIRECTION('',(0.,-1.,0.));
#12124 = ORIENTED_EDGE('',*,*,#11952,.F.);
#12125 = ORIENTED_EDGE('',*,*,#9443,.F.);
#12126 = PLANE('',#12127);
#12127 = AXIS2_PLACEMENT_3D('',#12128,#12129,#12130);
#12128 = CARTESIAN_POINT('',(-2.43,2.5,11.15));
#12129 = DIRECTION('',(1.,0.,0.));
#12130 = DIRECTION('',(0.,0.,-1.));
#12131 = ADVANCED_FACE('',(#12132),#12143,.F.);
#12132 = FACE_BOUND('',#12133,.T.);
#12133 = EDGE_LOOP('',(#12134,#12135,#12136,#12142));
#12134 = ORIENTED_EDGE('',*,*,#9581,.T.);
#12135 = ORIENTED_EDGE('',*,*,#10764,.F.);
#12136 = ORIENTED_EDGE('',*,*,#12137,.F.);
#12137 = EDGE_CURVE('',#12064,#10757,#12138,.T.);
#12138 = LINE('',#12139,#12140);
#12139 = CARTESIAN_POINT('',(-3.,1.8,9.55));
#12140 = VECTOR('',#12141,1.);
#12141 = DIRECTION('',(-1.,0.,0.));
#12142 = ORIENTED_EDGE('',*,*,#12063,.T.);
#12143 = PLANE('',#12144);
#12144 = AXIS2_PLACEMENT_3D('',#12145,#12146,#12147);
#12145 = CARTESIAN_POINT('',(-3.,1.8,10.75));
#12146 = DIRECTION('',(0.,1.,0.));
#12147 = DIRECTION('',(0.,-0.,1.));
#12148 = ADVANCED_FACE('',(#12149),#12176,.F.);
#12149 = FACE_BOUND('',#12150,.T.);
#12150 = EDGE_LOOP('',(#12151,#12159,#12160,#12161,#12162,#12170));
#12151 = ORIENTED_EDGE('',*,*,#12152,.F.);
#12152 = EDGE_CURVE('',#9614,#12153,#12155,.T.);
#12153 = VERTEX_POINT('',#12154);
#12154 = CARTESIAN_POINT('',(-2.43,-2.1,8.35));
#12155 = LINE('',#12156,#12157);
#12156 = CARTESIAN_POINT('',(-2.43,-2.1,11.15));
#12157 = VECTOR('',#12158,1.);
#12158 = DIRECTION('',(0.,0.,-1.));
#12159 = ORIENTED_EDGE('',*,*,#9613,.T.);
#12160 = ORIENTED_EDGE('',*,*,#9669,.T.);
#12161 = ORIENTED_EDGE('',*,*,#9740,.T.);
#12162 = ORIENTED_EDGE('',*,*,#12163,.F.);
#12163 = EDGE_CURVE('',#12164,#9733,#12166,.T.);
#12164 = VERTEX_POINT('',#12165);
#12165 = CARTESIAN_POINT('',(-2.43,2.1,8.35));
#12166 = LINE('',#12167,#12168);
#12167 = CARTESIAN_POINT('',(-2.43,2.1,11.15));
#12168 = VECTOR('',#12169,1.);
#12169 = DIRECTION('',(0.,0.,1.));
#12170 = ORIENTED_EDGE('',*,*,#12171,.F.);
#12171 = EDGE_CURVE('',#12153,#12164,#12172,.T.);
#12172 = LINE('',#12173,#12174);
#12173 = CARTESIAN_POINT('',(-2.43,2.5,8.35));
#12174 = VECTOR('',#12175,1.);
#12175 = DIRECTION('',(0.,1.,0.));
#12176 = PLANE('',#12177);
#12177 = AXIS2_PLACEMENT_3D('',#12178,#12179,#12180);
#12178 = CARTESIAN_POINT('',(-2.43,2.5,11.15));
#12179 = DIRECTION('',(1.,0.,0.));
#12180 = DIRECTION('',(0.,0.,-1.));
#12181 = ADVANCED_FACE('',(#12182),#12193,.T.);
#12182 = FACE_BOUND('',#12183,.T.);
#12183 = EDGE_LOOP('',(#12184,#12190,#12191,#12192));
#12184 = ORIENTED_EDGE('',*,*,#12185,.T.);
#12185 = EDGE_CURVE('',#12153,#12040,#12186,.T.);
#12186 = LINE('',#12187,#12188);
#12187 = CARTESIAN_POINT('',(0.,-2.1,8.35));
#12188 = VECTOR('',#12189,1.);
#12189 = DIRECTION('',(-1.,0.,0.));
#12190 = ORIENTED_EDGE('',*,*,#12078,.T.);
#12191 = ORIENTED_EDGE('',*,*,#9621,.T.);
#12192 = ORIENTED_EDGE('',*,*,#12152,.T.);
#12193 = PLANE('',#12194);
#12194 = AXIS2_PLACEMENT_3D('',#12195,#12196,#12197);
#12195 = CARTESIAN_POINT('',(0.,-2.1,0.));
#12196 = DIRECTION('',(0.,1.,0.));
#12197 = DIRECTION('',(0.,-0.,1.));
#12198 = ADVANCED_FACE('',(#12199),#12205,.T.);
#12199 = FACE_BOUND('',#12200,.T.);
#12200 = EDGE_LOOP('',(#12201,#12202,#12203,#12204));
#12201 = ORIENTED_EDGE('',*,*,#10756,.F.);
#12202 = ORIENTED_EDGE('',*,*,#9637,.T.);
#12203 = ORIENTED_EDGE('',*,*,#12071,.T.);
#12204 = ORIENTED_EDGE('',*,*,#12137,.T.);
#12205 = PLANE('',#12206);
#12206 = AXIS2_PLACEMENT_3D('',#12207,#12208,#12209);
#12207 = CARTESIAN_POINT('',(-3.1,1.3,8.75));
#12208 = DIRECTION('',(0.,-0.847998304005,0.529998940003));
#12209 = DIRECTION('',(0.,-0.529998940003,-0.847998304005));
#12210 = ADVANCED_FACE('',(#12211),#12229,.F.);
#12211 = FACE_BOUND('',#12212,.T.);
#12212 = EDGE_LOOP('',(#12213,#12221,#12227,#12228));
#12213 = ORIENTED_EDGE('',*,*,#12214,.F.);
#12214 = EDGE_CURVE('',#12215,#9686,#12217,.T.);
#12215 = VERTEX_POINT('',#12216);
#12216 = CARTESIAN_POINT('',(-1.150000000001,1.75,8.399999999994));
#12217 = LINE('',#12218,#12219);
#12218 = CARTESIAN_POINT('',(-1.150000000003,1.75,0.));
#12219 = VECTOR('',#12220,1.);
#12220 = DIRECTION('',(0.,0.,1.));
#12221 = ORIENTED_EDGE('',*,*,#12222,.F.);
#12222 = EDGE_CURVE('',#11555,#12215,#12223,.T.);
#12223 = LINE('',#12224,#12225);
#12224 = CARTESIAN_POINT('',(-1.15,2.5,8.39999999999));
#12225 = VECTOR('',#12226,1.);
#12226 = DIRECTION('',(0.,-1.,0.));
#12227 = ORIENTED_EDGE('',*,*,#11578,.F.);
#12228 = ORIENTED_EDGE('',*,*,#9693,.T.);
#12229 = PLANE('',#12230);
#12230 = AXIS2_PLACEMENT_3D('',#12231,#12232,#12233);
#12231 = CARTESIAN_POINT('',(-1.15,2.5,8.4));
#12232 = DIRECTION('',(-1.,0.,0.));
#12233 = DIRECTION('',(0.,0.,1.));
#12234 = ADVANCED_FACE('',(#12235),#12253,.F.);
#12235 = FACE_BOUND('',#12236,.T.);
#12236 = EDGE_LOOP('',(#12237,#12238,#12239,#12247));
#12237 = ORIENTED_EDGE('',*,*,#9716,.T.);
#12238 = ORIENTED_EDGE('',*,*,#11602,.F.);
#12239 = ORIENTED_EDGE('',*,*,#12240,.F.);
#12240 = EDGE_CURVE('',#12241,#11595,#12243,.T.);
#12241 = VERTEX_POINT('',#12242);
#12242 = CARTESIAN_POINT('',(-1.95,2.25,8.35));
#12243 = LINE('',#12244,#12245);
#12244 = CARTESIAN_POINT('',(-1.95,2.5,8.35));
#12245 = VECTOR('',#12246,1.);
#12246 = DIRECTION('',(0.,1.,0.));
#12247 = ORIENTED_EDGE('',*,*,#12248,.F.);
#12248 = EDGE_CURVE('',#9717,#12241,#12249,.T.);
#12249 = LINE('',#12250,#12251);
#12250 = CARTESIAN_POINT('',(-1.95,2.25,11.15));
#12251 = VECTOR('',#12252,1.);
#12252 = DIRECTION('',(0.,0.,-1.));
#12253 = PLANE('',#12254);
#12254 = AXIS2_PLACEMENT_3D('',#12255,#12256,#12257);
#12255 = CARTESIAN_POINT('',(-1.95,2.5,11.15));
#12256 = DIRECTION('',(1.,0.,0.));
#12257 = DIRECTION('',(0.,0.,-1.));
#12258 = ADVANCED_FACE('',(#12259),#12277,.T.);
#12259 = FACE_BOUND('',#12260,.T.);
#12260 = EDGE_LOOP('',(#12261,#12269,#12275,#12276));
#12261 = ORIENTED_EDGE('',*,*,#12262,.T.);
#12262 = EDGE_CURVE('',#12241,#12263,#12265,.T.);
#12263 = VERTEX_POINT('',#12264);
#12264 = CARTESIAN_POINT('',(-2.28,2.25,8.35));
#12265 = LINE('',#12266,#12267);
#12266 = CARTESIAN_POINT('',(0.,2.25,8.35));
#12267 = VECTOR('',#12268,1.);
#12268 = DIRECTION('',(-1.,0.,0.));
#12269 = ORIENTED_EDGE('',*,*,#12270,.T.);
#12270 = EDGE_CURVE('',#12263,#9725,#12271,.T.);
#12271 = LINE('',#12272,#12273);
#12272 = CARTESIAN_POINT('',(-2.28,2.25,0.));
#12273 = VECTOR('',#12274,1.);
#12274 = DIRECTION('',(0.,0.,1.));
#12275 = ORIENTED_EDGE('',*,*,#9724,.T.);
#12276 = ORIENTED_EDGE('',*,*,#12248,.T.);
#12277 = PLANE('',#12278);
#12278 = AXIS2_PLACEMENT_3D('',#12279,#12280,#12281);
#12279 = CARTESIAN_POINT('',(0.,2.25,0.));
#12280 = DIRECTION('',(0.,1.,0.));
#12281 = DIRECTION('',(0.,-0.,1.));
#12282 = ADVANCED_FACE('',(#12283),#12294,.T.);
#12283 = FACE_BOUND('',#12284,.T.);
#12284 = EDGE_LOOP('',(#12285,#12286,#12287,#12293));
#12285 = ORIENTED_EDGE('',*,*,#9732,.T.);
#12286 = ORIENTED_EDGE('',*,*,#12270,.F.);
#12287 = ORIENTED_EDGE('',*,*,#12288,.T.);
#12288 = EDGE_CURVE('',#12263,#12164,#12289,.T.);
#12289 = LINE('',#12290,#12291);
#12290 = CARTESIAN_POINT('',(-2.355,2.175,8.35));
#12291 = VECTOR('',#12292,1.);
#12292 = DIRECTION('',(-0.707106781187,-0.707106781187,0.));
#12293 = ORIENTED_EDGE('',*,*,#12163,.T.);
#12294 = PLANE('',#12295);
#12295 = AXIS2_PLACEMENT_3D('',#12296,#12297,#12298);
#12296 = CARTESIAN_POINT('',(-2.355,2.175,8.6625));
#12297 = DIRECTION('',(-0.707106781187,0.707106781187,0.));
#12298 = DIRECTION('',(-0.707106781187,-0.707106781187,0.));
#12299 = ADVANCED_FACE('',(#12300),#12328,.F.);
#12300 = FACE_BOUND('',#12301,.T.);
#12301 = EDGE_LOOP('',(#12302,#12312,#12318,#12319,#12320,#12321,#12322)
  );
#12302 = ORIENTED_EDGE('',*,*,#12303,.F.);
#12303 = EDGE_CURVE('',#12304,#12306,#12308,.T.);
#12304 = VERTEX_POINT('',#12305);
#12305 = CARTESIAN_POINT('',(-2.43,-2.25,13.5));
#12306 = VERTEX_POINT('',#12307);
#12307 = CARTESIAN_POINT('',(-2.649999999999,-2.25,13.5));
#12308 = LINE('',#12309,#12310);
#12309 = CARTESIAN_POINT('',(-3.,-2.25,13.5));
#12310 = VECTOR('',#12311,1.);
#12311 = DIRECTION('',(-1.,0.,0.));
#12312 = ORIENTED_EDGE('',*,*,#12313,.T.);
#12313 = EDGE_CURVE('',#12304,#8263,#12314,.T.);
#12314 = LINE('',#12315,#12316);
#12315 = CARTESIAN_POINT('',(-2.43,2.5,13.5));
#12316 = VECTOR('',#12317,1.);
#12317 = DIRECTION('',(0.,-1.,0.));
#12318 = ORIENTED_EDGE('',*,*,#8262,.F.);
#12319 = ORIENTED_EDGE('',*,*,#9764,.F.);
#12320 = ORIENTED_EDGE('',*,*,#9332,.F.);
#12321 = ORIENTED_EDGE('',*,*,#11384,.F.);
#12322 = ORIENTED_EDGE('',*,*,#12323,.F.);
#12323 = EDGE_CURVE('',#12306,#11377,#12324,.T.);
#12324 = LINE('',#12325,#12326);
#12325 = CARTESIAN_POINT('',(-2.649999999999,-2.6,13.5));
#12326 = VECTOR('',#12327,1.);
#12327 = DIRECTION('',(0.,1.,0.));
#12328 = PLANE('',#12329);
#12329 = AXIS2_PLACEMENT_3D('',#12330,#12331,#12332);
#12330 = CARTESIAN_POINT('',(-3.,-2.6,13.5));
#12331 = DIRECTION('',(0.,0.,1.));
#12332 = DIRECTION('',(1.,0.,-0.));
#12333 = ADVANCED_FACE('',(#12334),#12340,.T.);
#12334 = FACE_BOUND('',#12335,.T.);
#12335 = EDGE_LOOP('',(#12336,#12337,#12338,#12339));
#12336 = ORIENTED_EDGE('',*,*,#9356,.T.);
#12337 = ORIENTED_EDGE('',*,*,#9781,.F.);
#12338 = ORIENTED_EDGE('',*,*,#8224,.T.);
#12339 = ORIENTED_EDGE('',*,*,#11353,.F.);
#12340 = PLANE('',#12341);
#12341 = AXIS2_PLACEMENT_3D('',#12342,#12343,#12344);
#12342 = CARTESIAN_POINT('',(3.05,0.,14.2));
#12343 = DIRECTION('',(0.707106781187,0.,0.707106781187));
#12344 = DIRECTION('',(0.707106781187,0.,-0.707106781187));
#12345 = ADVANCED_FACE('',(#12346),#12357,.F.);
#12346 = FACE_BOUND('',#12347,.T.);
#12347 = EDGE_LOOP('',(#12348,#12349,#12350,#12351));
#12348 = ORIENTED_EDGE('',*,*,#9813,.T.);
#12349 = ORIENTED_EDGE('',*,*,#10848,.F.);
#12350 = ORIENTED_EDGE('',*,*,#9917,.T.);
#12351 = ORIENTED_EDGE('',*,*,#12352,.F.);
#12352 = EDGE_CURVE('',#9814,#9910,#12353,.T.);
#12353 = LINE('',#12354,#12355);
#12354 = CARTESIAN_POINT('',(1.95,2.2,11.15));
#12355 = VECTOR('',#12356,1.);
#12356 = DIRECTION('',(0.,0.,1.));
#12357 = PLANE('',#12358);
#12358 = AXIS2_PLACEMENT_3D('',#12359,#12360,#12361);
#12359 = CARTESIAN_POINT('',(1.95,2.5,11.15));
#12360 = DIRECTION('',(-1.,0.,0.));
#12361 = DIRECTION('',(0.,0.,1.));
#12362 = ADVANCED_FACE('',(#12363),#12369,.T.);
#12363 = FACE_BOUND('',#12364,.T.);
#12364 = EDGE_LOOP('',(#12365,#12366,#12367,#12368));
#12365 = ORIENTED_EDGE('',*,*,#9909,.T.);
#12366 = ORIENTED_EDGE('',*,*,#9859,.F.);
#12367 = ORIENTED_EDGE('',*,*,#9821,.T.);
#12368 = ORIENTED_EDGE('',*,*,#12352,.T.);
#12369 = PLANE('',#12370);
#12370 = AXIS2_PLACEMENT_3D('',#12371,#12372,#12373);
#12371 = CARTESIAN_POINT('',(0.,2.2,0.));
#12372 = DIRECTION('',(0.,1.,0.));
#12373 = DIRECTION('',(0.,-0.,1.));
#12374 = ADVANCED_FACE('',(#12375),#12412,.F.);
#12375 = FACE_BOUND('',#12376,.T.);
#12376 = EDGE_LOOP('',(#12377,#12378,#12379,#12380,#12381,#12389,#12397,
    #12405,#12411));
#12377 = ORIENTED_EDGE('',*,*,#9893,.T.);
#12378 = ORIENTED_EDGE('',*,*,#10882,.F.);
#12379 = ORIENTED_EDGE('',*,*,#9986,.T.);
#12380 = ORIENTED_EDGE('',*,*,#9964,.F.);
#12381 = ORIENTED_EDGE('',*,*,#12382,.F.);
#12382 = EDGE_CURVE('',#12383,#9957,#12385,.T.);
#12383 = VERTEX_POINT('',#12384);
#12384 = CARTESIAN_POINT('',(2.65,1.8,11.55));
#12385 = LINE('',#12386,#12387);
#12386 = CARTESIAN_POINT('',(2.65,2.5,11.55));
#12387 = VECTOR('',#12388,1.);
#12388 = DIRECTION('',(0.,-1.,0.));
#12389 = ORIENTED_EDGE('',*,*,#12390,.F.);
#12390 = EDGE_CURVE('',#12391,#12383,#12393,.T.);
#12391 = VERTEX_POINT('',#12392);
#12392 = CARTESIAN_POINT('',(2.65,1.8,12.75));
#12393 = LINE('',#12394,#12395);
#12394 = CARTESIAN_POINT('',(2.65,1.8,13.95));
#12395 = VECTOR('',#12396,1.);
#12396 = DIRECTION('',(0.,0.,-1.));
#12397 = ORIENTED_EDGE('',*,*,#12398,.F.);
#12398 = EDGE_CURVE('',#12399,#12391,#12401,.T.);
#12399 = VERTEX_POINT('',#12400);
#12400 = CARTESIAN_POINT('',(2.65,1.3,13.55));
#12401 = LINE('',#12402,#12403);
#12402 = CARTESIAN_POINT('',(2.65,1.3,13.55));
#12403 = VECTOR('',#12404,1.);
#12404 = DIRECTION('',(0.,0.529998940003,-0.847998304005));
#12405 = ORIENTED_EDGE('',*,*,#12406,.F.);
#12406 = EDGE_CURVE('',#9932,#12399,#12407,.T.);
#12407 = LINE('',#12408,#12409);
#12408 = CARTESIAN_POINT('',(2.65,2.5,13.55));
#12409 = VECTOR('',#12410,1.);
#12410 = DIRECTION('',(0.,1.,0.));
#12411 = ORIENTED_EDGE('',*,*,#9931,.F.);
#12412 = PLANE('',#12413);
#12413 = AXIS2_PLACEMENT_3D('',#12414,#12415,#12416);
#12414 = CARTESIAN_POINT('',(2.65,2.5,13.95));
#12415 = DIRECTION('',(1.,0.,0.));
#12416 = DIRECTION('',(0.,0.,-1.));
#12417 = ADVANCED_FACE('',(#12418),#12429,.F.);
#12418 = FACE_BOUND('',#12419,.T.);
#12419 = EDGE_LOOP('',(#12420,#12421,#12427,#12428));
#12420 = ORIENTED_EDGE('',*,*,#10066,.T.);
#12421 = ORIENTED_EDGE('',*,*,#12422,.F.);
#12422 = EDGE_CURVE('',#10003,#10059,#12423,.T.);
#12423 = LINE('',#12424,#12425);
#12424 = CARTESIAN_POINT('',(1.95,2.2,11.15));
#12425 = VECTOR('',#12426,1.);
#12426 = DIRECTION('',(0.,0.,1.));
#12427 = ORIENTED_EDGE('',*,*,#10002,.T.);
#12428 = ORIENTED_EDGE('',*,*,#10812,.F.);
#12429 = PLANE('',#12430);
#12430 = AXIS2_PLACEMENT_3D('',#12431,#12432,#12433);
#12431 = CARTESIAN_POINT('',(1.95,2.5,11.15));
#12432 = DIRECTION('',(-1.,0.,0.));
#12433 = DIRECTION('',(0.,0.,1.));
#12434 = ADVANCED_FACE('',(#12435),#12441,.T.);
#12435 = FACE_BOUND('',#12436,.T.);
#12436 = EDGE_LOOP('',(#12437,#12438,#12439,#12440));
#12437 = ORIENTED_EDGE('',*,*,#10058,.T.);
#12438 = ORIENTED_EDGE('',*,*,#10036,.F.);
#12439 = ORIENTED_EDGE('',*,*,#10010,.T.);
#12440 = ORIENTED_EDGE('',*,*,#12422,.T.);
#12441 = PLANE('',#12442);
#12442 = AXIS2_PLACEMENT_3D('',#12443,#12444,#12445);
#12443 = CARTESIAN_POINT('',(0.,2.2,0.));
#12444 = DIRECTION('',(0.,1.,0.));
#12445 = DIRECTION('',(0.,-0.,1.));
#12446 = ADVANCED_FACE('',(#12447),#12453,.T.);
#12447 = FACE_BOUND('',#12448,.T.);
#12448 = EDGE_LOOP('',(#12449,#12450,#12451,#12452));
#12449 = ORIENTED_EDGE('',*,*,#9844,.T.);
#12450 = ORIENTED_EDGE('',*,*,#10114,.F.);
#12451 = ORIENTED_EDGE('',*,*,#10089,.T.);
#12452 = ORIENTED_EDGE('',*,*,#7465,.T.);
#12453 = PLANE('',#12454);
#12454 = AXIS2_PLACEMENT_3D('',#12455,#12456,#12457);
#12455 = CARTESIAN_POINT('',(0.,-1.,0.));
#12456 = DIRECTION('',(0.,1.,0.));
#12457 = DIRECTION('',(0.,-0.,1.));
#12458 = ADVANCED_FACE('',(#12459),#12484,.F.);
#12459 = FACE_BOUND('',#12460,.T.);
#12460 = EDGE_LOOP('',(#12461,#12469,#12470,#12478));
#12461 = ORIENTED_EDGE('',*,*,#12462,.F.);
#12462 = EDGE_CURVE('',#10148,#12463,#12465,.T.);
#12463 = VERTEX_POINT('',#12464);
#12464 = CARTESIAN_POINT('',(2.18,1.95,10.7));
#12465 = LINE('',#12466,#12467);
#12466 = CARTESIAN_POINT('',(2.18,1.95,0.));
#12467 = VECTOR('',#12468,1.);
#12468 = DIRECTION('',(0.,0.,1.));
#12469 = ORIENTED_EDGE('',*,*,#10147,.T.);
#12470 = ORIENTED_EDGE('',*,*,#12471,.F.);
#12471 = EDGE_CURVE('',#12472,#10150,#12474,.T.);
#12472 = VERTEX_POINT('',#12473);
#12473 = CARTESIAN_POINT('',(2.45,1.95,10.7));
#12474 = LINE('',#12475,#12476);
#12475 = CARTESIAN_POINT('',(2.45,1.95,0.));
#12476 = VECTOR('',#12477,1.);
#12477 = DIRECTION('',(0.,0.,-1.));
#12478 = ORIENTED_EDGE('',*,*,#12479,.F.);
#12479 = EDGE_CURVE('',#12463,#12472,#12480,.T.);
#12480 = LINE('',#12481,#12482);
#12481 = CARTESIAN_POINT('',(0.,1.95,10.7));
#12482 = VECTOR('',#12483,1.);
#12483 = DIRECTION('',(1.,0.,0.));
#12484 = PLANE('',#12485);
#12485 = AXIS2_PLACEMENT_3D('',#12486,#12487,#12488);
#12486 = CARTESIAN_POINT('',(2.18,1.95,0.));
#12487 = DIRECTION('',(0.,1.,0.));
#12488 = DIRECTION('',(0.,-0.,1.));
#12489 = ADVANCED_FACE('',(#12490),#12501,.T.);
#12490 = FACE_BOUND('',#12491,.T.);
#12491 = EDGE_LOOP('',(#12492,#12493,#12499,#12500));
#12492 = ORIENTED_EDGE('',*,*,#10157,.T.);
#12493 = ORIENTED_EDGE('',*,*,#12494,.T.);
#12494 = EDGE_CURVE('',#10148,#10220,#12495,.T.);
#12495 = LINE('',#12496,#12497);
#12496 = CARTESIAN_POINT('',(2.18,1.95,0.));
#12497 = VECTOR('',#12498,1.);
#12498 = DIRECTION('',(0.,0.,-1.));
#12499 = ORIENTED_EDGE('',*,*,#10219,.T.);
#12500 = ORIENTED_EDGE('',*,*,#11309,.T.);
#12501 = PLANE('',#12502);
#12502 = AXIS2_PLACEMENT_3D('',#12503,#12504,#12505);
#12503 = CARTESIAN_POINT('',(0.,1.95,0.));
#12504 = DIRECTION('',(0.,1.,0.));
#12505 = DIRECTION('',(0.,-0.,1.));
#12506 = ADVANCED_FACE('',(#12507),#12519,.T.);
#12507 = FACE_BOUND('',#12508,.T.);
#12508 = EDGE_LOOP('',(#12509,#12515,#12516,#12517,#12518));
#12509 = ORIENTED_EDGE('',*,*,#12510,.T.);
#12510 = EDGE_CURVE('',#8683,#10499,#12511,.T.);
#12511 = LINE('',#12512,#12513);
#12512 = CARTESIAN_POINT('',(2.45,-1.9,1.875));
#12513 = VECTOR('',#12514,1.);
#12514 = DIRECTION('',(-0.,-0.,-1.));
#12515 = ORIENTED_EDGE('',*,*,#10498,.F.);
#12516 = ORIENTED_EDGE('',*,*,#8844,.T.);
#12517 = ORIENTED_EDGE('',*,*,#10246,.T.);
#12518 = ORIENTED_EDGE('',*,*,#8690,.T.);
#12519 = PLANE('',#12520);
#12520 = AXIS2_PLACEMENT_3D('',#12521,#12522,#12523);
#12521 = CARTESIAN_POINT('',(2.6,-2.05,1.875));
#12522 = DIRECTION('',(-0.707106781187,-0.707106781187,0.));
#12523 = DIRECTION('',(0.707106781187,-0.707106781187,0.));
#12524 = ADVANCED_FACE('',(#12525),#12546,.F.);
#12525 = FACE_BOUND('',#12526,.T.);
#12526 = EDGE_LOOP('',(#12527,#12528,#12529,#12530,#12531,#12532,#12538,
    #12539,#12540));
#12527 = ORIENTED_EDGE('',*,*,#10506,.F.);
#12528 = ORIENTED_EDGE('',*,*,#12510,.F.);
#12529 = ORIENTED_EDGE('',*,*,#8682,.F.);
#12530 = ORIENTED_EDGE('',*,*,#10261,.F.);
#12531 = ORIENTED_EDGE('',*,*,#10293,.T.);
#12532 = ORIENTED_EDGE('',*,*,#12533,.F.);
#12533 = EDGE_CURVE('',#12472,#10286,#12534,.T.);
#12534 = LINE('',#12535,#12536);
#12535 = CARTESIAN_POINT('',(2.45,1.95,10.7));
#12536 = VECTOR('',#12537,1.);
#12537 = DIRECTION('',(0.,-1.,0.));
#12538 = ORIENTED_EDGE('',*,*,#12471,.T.);
#12539 = ORIENTED_EDGE('',*,*,#10197,.F.);
#12540 = ORIENTED_EDGE('',*,*,#12541,.F.);
#12541 = EDGE_CURVE('',#10507,#10190,#12542,.T.);
#12542 = LINE('',#12543,#12544);
#12543 = CARTESIAN_POINT('',(2.45,1.95,0.));
#12544 = VECTOR('',#12545,1.);
#12545 = DIRECTION('',(0.,0.,1.));
#12546 = PLANE('',#12547);
#12547 = AXIS2_PLACEMENT_3D('',#12548,#12549,#12550);
#12548 = CARTESIAN_POINT('',(2.45,1.95,0.));
#12549 = DIRECTION('',(1.,0.,0.));
#12550 = DIRECTION('',(0.,0.,-1.));
#12551 = ADVANCED_FACE('',(#12552),#12563,.F.);
#12552 = FACE_BOUND('',#12553,.F.);
#12553 = EDGE_LOOP('',(#12554,#12555,#12556,#12557));
#12554 = ORIENTED_EDGE('',*,*,#10471,.T.);
#12555 = ORIENTED_EDGE('',*,*,#10326,.F.);
#12556 = ORIENTED_EDGE('',*,*,#10907,.T.);
#12557 = ORIENTED_EDGE('',*,*,#12558,.T.);
#12558 = EDGE_CURVE('',#10908,#10472,#12559,.T.);
#12559 = LINE('',#12560,#12561);
#12560 = CARTESIAN_POINT('',(1.05,-1.462019151721,17.));
#12561 = VECTOR('',#12562,1.);
#12562 = DIRECTION('',(-0.,-0.,-1.));
#12563 = CYLINDRICAL_SURFACE('',#12564,1.8);
#12564 = AXIS2_PLACEMENT_3D('',#12565,#12566,#12567);
#12565 = CARTESIAN_POINT('',(0.,0.,17.));
#12566 = DIRECTION('',(0.,0.,1.));
#12567 = DIRECTION('',(1.,0.,-0.));
#12568 = ADVANCED_FACE('',(#12569),#12588,.F.);
#12569 = FACE_BOUND('',#12570,.F.);
#12570 = EDGE_LOOP('',(#12571,#12572,#12581,#12587));
#12571 = ORIENTED_EDGE('',*,*,#10342,.F.);
#12572 = ORIENTED_EDGE('',*,*,#12573,.T.);
#12573 = EDGE_CURVE('',#10343,#12574,#12576,.T.);
#12574 = VERTEX_POINT('',#12575);
#12575 = CARTESIAN_POINT('',(0.932737898389,1.300000004965,6.70000000251
    ));
#12576 = CIRCLE('',#12577,1.6);
#12577 = AXIS2_PLACEMENT_3D('',#12578,#12579,#12580);
#12578 = CARTESIAN_POINT('',(0.,0.,6.699999933116));
#12579 = DIRECTION('',(0.,0.,-1.));
#12580 = DIRECTION('',(1.,0.,0.));
#12581 = ORIENTED_EDGE('',*,*,#12582,.T.);
#12582 = EDGE_CURVE('',#12574,#10898,#12583,.T.);
#12583 = LINE('',#12584,#12585);
#12584 = CARTESIAN_POINT('',(0.93273789147,1.300000009929,7.1));
#12585 = VECTOR('',#12586,1.);
#12586 = DIRECTION('',(-0.,-0.,-1.));
#12587 = ORIENTED_EDGE('',*,*,#10897,.T.);
#12588 = CYLINDRICAL_SURFACE('',#12589,1.6);
#12589 = AXIS2_PLACEMENT_3D('',#12590,#12591,#12592);
#12590 = CARTESIAN_POINT('',(0.,0.,7.1));
#12591 = DIRECTION('',(0.,0.,1.));
#12592 = DIRECTION('',(1.,0.,-0.));
#12593 = ADVANCED_FACE('',(#12594),#12633,.F.);
#12594 = FACE_BOUND('',#12595,.T.);
#12595 = EDGE_LOOP('',(#12596,#12604,#12612,#12618,#12619,#12625,#12626,
    #12632));
#12596 = ORIENTED_EDGE('',*,*,#12597,.F.);
#12597 = EDGE_CURVE('',#12598,#11168,#12600,.T.);
#12598 = VERTEX_POINT('',#12599);
#12599 = CARTESIAN_POINT('',(-2.55,2.,4.2));
#12600 = LINE('',#12601,#12602);
#12601 = CARTESIAN_POINT('',(-2.55,2.,0.));
#12602 = VECTOR('',#12603,1.);
#12603 = DIRECTION('',(-0.,-0.,-1.));
#12604 = ORIENTED_EDGE('',*,*,#12605,.F.);
#12605 = EDGE_CURVE('',#12606,#12598,#12608,.T.);
#12606 = VERTEX_POINT('',#12607);
#12607 = CARTESIAN_POINT('',(-2.55,-2.,4.2));
#12608 = LINE('',#12609,#12610);
#12609 = CARTESIAN_POINT('',(-2.55,-2.,4.2));
#12610 = VECTOR('',#12611,1.);
#12611 = DIRECTION('',(0.,1.,0.));
#12612 = ORIENTED_EDGE('',*,*,#12613,.F.);
#12613 = EDGE_CURVE('',#10401,#12606,#12614,.T.);
#12614 = LINE('',#12615,#12616);
#12615 = CARTESIAN_POINT('',(-2.55,-2.,0.));
#12616 = VECTOR('',#12617,1.);
#12617 = DIRECTION('',(0.,0.,1.));
#12618 = ORIENTED_EDGE('',*,*,#10417,.F.);
#12619 = ORIENTED_EDGE('',*,*,#12620,.F.);
#12620 = EDGE_CURVE('',#11247,#10410,#12621,.T.);
#12621 = LINE('',#12622,#12623);
#12622 = CARTESIAN_POINT('',(-2.55,2.,0.));
#12623 = VECTOR('',#12624,1.);
#12624 = DIRECTION('',(-0.,-0.,-1.));
#12625 = ORIENTED_EDGE('',*,*,#11246,.T.);
#12626 = ORIENTED_EDGE('',*,*,#12627,.F.);
#12627 = EDGE_CURVE('',#11176,#11237,#12628,.T.);
#12628 = LINE('',#12629,#12630);
#12629 = CARTESIAN_POINT('',(-2.55,1.95,0.));
#12630 = VECTOR('',#12631,1.);
#12631 = DIRECTION('',(-0.,-0.,-1.));
#12632 = ORIENTED_EDGE('',*,*,#11175,.T.);
#12633 = PLANE('',#12634);
#12634 = AXIS2_PLACEMENT_3D('',#12635,#12636,#12637);
#12635 = CARTESIAN_POINT('',(-2.55,-2.,0.));
#12636 = DIRECTION('',(-1.,0.,0.));
#12637 = DIRECTION('',(0.,0.,1.));
#12638 = ADVANCED_FACE('',(#12639),#12673,.T.);
#12639 = FACE_BOUND('',#12640,.T.);
#12640 = EDGE_LOOP('',(#12641,#12652,#12658,#12659,#12667));
#12641 = ORIENTED_EDGE('',*,*,#12642,.T.);
#12642 = EDGE_CURVE('',#12643,#12645,#12647,.T.);
#12643 = VERTEX_POINT('',#12644);
#12644 = CARTESIAN_POINT('',(-0.824621125124,-1.6,0.2));
#12645 = VERTEX_POINT('',#12646);
#12646 = CARTESIAN_POINT('',(0.53,-1.720203476336,0.2));
#12647 = CIRCLE('',#12648,1.8);
#12648 = AXIS2_PLACEMENT_3D('',#12649,#12650,#12651);
#12649 = CARTESIAN_POINT('',(0.,0.,0.2));
#12650 = DIRECTION('',(0.,0.,1.));
#12651 = DIRECTION('',(1.,0.,-0.));
#12652 = ORIENTED_EDGE('',*,*,#12653,.T.);
#12653 = EDGE_CURVE('',#12645,#10440,#12654,.T.);
#12654 = LINE('',#12655,#12656);
#12655 = CARTESIAN_POINT('',(0.53,0.,0.2));
#12656 = VECTOR('',#12657,1.);
#12657 = DIRECTION('',(-0.,-1.,-0.));
#12658 = ORIENTED_EDGE('',*,*,#10439,.F.);
#12659 = ORIENTED_EDGE('',*,*,#12660,.T.);
#12660 = EDGE_CURVE('',#10432,#12661,#12663,.T.);
#12661 = VERTEX_POINT('',#12662);
#12662 = CARTESIAN_POINT('',(-2.,-1.6,0.2));
#12663 = LINE('',#12664,#12665);
#12664 = CARTESIAN_POINT('',(-2.,0.,0.2));
#12665 = VECTOR('',#12666,1.);
#12666 = DIRECTION('',(0.,1.,0.));
#12667 = ORIENTED_EDGE('',*,*,#12668,.T.);
#12668 = EDGE_CURVE('',#12661,#12643,#12669,.T.);
#12669 = LINE('',#12670,#12671);
#12670 = CARTESIAN_POINT('',(-0.491841085271,-1.6,0.2));
#12671 = VECTOR('',#12672,1.);
#12672 = DIRECTION('',(1.,0.,0.));
#12673 = PLANE('',#12674);
#12674 = AXIS2_PLACEMENT_3D('',#12675,#12676,#12677);
#12675 = CARTESIAN_POINT('',(0.,0.,0.2));
#12676 = DIRECTION('',(0.,0.,-1.));
#12677 = DIRECTION('',(-1.,0.,0.));
#12678 = ADVANCED_FACE('',(#12679),#12706,.T.);
#12679 = FACE_BOUND('',#12680,.T.);
#12680 = EDGE_LOOP('',(#12681,#12689,#12690,#12691,#12699));
#12681 = ORIENTED_EDGE('',*,*,#12682,.T.);
#12682 = EDGE_CURVE('',#12683,#10650,#12685,.T.);
#12683 = VERTEX_POINT('',#12684);
#12684 = CARTESIAN_POINT('',(-0.824621125124,1.6,0.2));
#12685 = LINE('',#12686,#12687);
#12686 = CARTESIAN_POINT('',(-2.55,1.6,0.2));
#12687 = VECTOR('',#12688,1.);
#12688 = DIRECTION('',(-1.,-0.,-0.));
#12689 = ORIENTED_EDGE('',*,*,#10649,.F.);
#12690 = ORIENTED_EDGE('',*,*,#10616,.F.);
#12691 = ORIENTED_EDGE('',*,*,#12692,.T.);
#12692 = EDGE_CURVE('',#10617,#12693,#12695,.T.);
#12693 = VERTEX_POINT('',#12694);
#12694 = CARTESIAN_POINT('',(0.53,1.720203476336,0.2));
#12695 = LINE('',#12696,#12697);
#12696 = CARTESIAN_POINT('',(0.53,0.,0.2));
#12697 = VECTOR('',#12698,1.);
#12698 = DIRECTION('',(-0.,-1.,-0.));
#12699 = ORIENTED_EDGE('',*,*,#12700,.T.);
#12700 = EDGE_CURVE('',#12693,#12683,#12701,.T.);
#12701 = CIRCLE('',#12702,1.8);
#12702 = AXIS2_PLACEMENT_3D('',#12703,#12704,#12705);
#12703 = CARTESIAN_POINT('',(0.,0.,0.2));
#12704 = DIRECTION('',(0.,0.,1.));
#12705 = DIRECTION('',(1.,0.,-0.));
#12706 = PLANE('',#12707);
#12707 = AXIS2_PLACEMENT_3D('',#12708,#12709,#12710);
#12708 = CARTESIAN_POINT('',(0.,0.,0.2));
#12709 = DIRECTION('',(0.,0.,-1.));
#12710 = DIRECTION('',(-1.,0.,0.));
#12711 = ADVANCED_FACE('',(#12712),#12730,.T.);
#12712 = FACE_BOUND('',#12713,.T.);
#12713 = EDGE_LOOP('',(#12714,#12715,#12716,#12724));
#12714 = ORIENTED_EDGE('',*,*,#10705,.F.);
#12715 = ORIENTED_EDGE('',*,*,#10680,.F.);
#12716 = ORIENTED_EDGE('',*,*,#12717,.T.);
#12717 = EDGE_CURVE('',#10673,#12718,#12720,.T.);
#12718 = VERTEX_POINT('',#12719);
#12719 = CARTESIAN_POINT('',(-2.,1.6,0.2));
#12720 = LINE('',#12721,#12722);
#12721 = CARTESIAN_POINT('',(-2.55,1.6,0.2));
#12722 = VECTOR('',#12723,1.);
#12723 = DIRECTION('',(-1.,-0.,-0.));
#12724 = ORIENTED_EDGE('',*,*,#12725,.T.);
#12725 = EDGE_CURVE('',#12718,#10706,#12726,.T.);
#12726 = LINE('',#12727,#12728);
#12727 = CARTESIAN_POINT('',(-2.,0.,0.2));
#12728 = VECTOR('',#12729,1.);
#12729 = DIRECTION('',(0.,1.,0.));
#12730 = PLANE('',#12731);
#12731 = AXIS2_PLACEMENT_3D('',#12732,#12733,#12734);
#12732 = CARTESIAN_POINT('',(0.,0.,0.2));
#12733 = DIRECTION('',(0.,0.,-1.));
#12734 = DIRECTION('',(-1.,0.,0.));
#12735 = ADVANCED_FACE('',(#12736),#12747,.T.);
#12736 = FACE_BOUND('',#12737,.T.);
#12737 = EDGE_LOOP('',(#12738,#12739,#12745,#12746));
#12738 = ORIENTED_EDGE('',*,*,#8294,.T.);
#12739 = ORIENTED_EDGE('',*,*,#12740,.T.);
#12740 = EDGE_CURVE('',#8287,#9114,#12741,.T.);
#12741 = LINE('',#12742,#12743);
#12742 = CARTESIAN_POINT('',(-3.,0.,11.45));
#12743 = VECTOR('',#12744,1.);
#12744 = DIRECTION('',(0.,1.,0.));
#12745 = ORIENTED_EDGE('',*,*,#9113,.T.);
#12746 = ORIENTED_EDGE('',*,*,#10772,.F.);
#12747 = PLANE('',#12748);
#12748 = AXIS2_PLACEMENT_3D('',#12749,#12750,#12751);
#12749 = CARTESIAN_POINT('',(-3.05,0.,11.4));
#12750 = DIRECTION('',(-0.707106781187,0.,0.707106781187));
#12751 = DIRECTION('',(0.707106781187,0.,0.707106781187));
#12752 = ADVANCED_FACE('',(#12753),#12764,.T.);
#12753 = FACE_BOUND('',#12754,.T.);
#12754 = EDGE_LOOP('',(#12755,#12756,#12762,#12763));
#12755 = ORIENTED_EDGE('',*,*,#11110,.T.);
#12756 = ORIENTED_EDGE('',*,*,#12757,.T.);
#12757 = EDGE_CURVE('',#11103,#11014,#12758,.T.);
#12758 = LINE('',#12759,#12760);
#12759 = CARTESIAN_POINT('',(1.05,1.95,0.));
#12760 = VECTOR('',#12761,1.);
#12761 = DIRECTION('',(0.,0.,1.));
#12762 = ORIENTED_EDGE('',*,*,#11013,.F.);
#12763 = ORIENTED_EDGE('',*,*,#11052,.T.);
#12764 = PLANE('',#12765);
#12765 = AXIS2_PLACEMENT_3D('',#12766,#12767,#12768);
#12766 = CARTESIAN_POINT('',(0.,1.95,0.));
#12767 = DIRECTION('',(0.,1.,0.));
#12768 = DIRECTION('',(0.,-0.,1.));
#12769 = ADVANCED_FACE('',(#12770),#12781,.T.);
#12770 = FACE_BOUND('',#12771,.T.);
#12771 = EDGE_LOOP('',(#12772,#12773,#12779,#12780));
#12772 = ORIENTED_EDGE('',*,*,#10990,.F.);
#12773 = ORIENTED_EDGE('',*,*,#12774,.T.);
#12774 = EDGE_CURVE('',#10983,#11077,#12775,.T.);
#12775 = LINE('',#12776,#12777);
#12776 = CARTESIAN_POINT('',(0.73,1.95,0.));
#12777 = VECTOR('',#12778,1.);
#12778 = DIRECTION('',(-0.,-0.,-1.));
#12779 = ORIENTED_EDGE('',*,*,#11076,.T.);
#12780 = ORIENTED_EDGE('',*,*,#11132,.T.);
#12781 = PLANE('',#12782);
#12782 = AXIS2_PLACEMENT_3D('',#12783,#12784,#12785);
#12783 = CARTESIAN_POINT('',(0.,1.95,0.));
#12784 = DIRECTION('',(0.,1.,0.));
#12785 = DIRECTION('',(0.,-0.,1.));
#12786 = ADVANCED_FACE('',(#12787),#12858,.F.);
#12787 = FACE_BOUND('',#12788,.T.);
#12788 = EDGE_LOOP('',(#12789,#12797,#12805,#12811,#12812,#12820,#12828,
    #12836,#12844,#12850,#12851,#12857));
#12789 = ORIENTED_EDGE('',*,*,#12790,.F.);
#12790 = EDGE_CURVE('',#12791,#11255,#12793,.T.);
#12791 = VERTEX_POINT('',#12792);
#12792 = CARTESIAN_POINT('',(-2.2,2.,0.4));
#12793 = LINE('',#12794,#12795);
#12794 = CARTESIAN_POINT('',(-2.2,2.,0.));
#12795 = VECTOR('',#12796,1.);
#12796 = DIRECTION('',(0.,0.,1.));
#12797 = ORIENTED_EDGE('',*,*,#12798,.F.);
#12798 = EDGE_CURVE('',#12799,#12791,#12801,.T.);
#12799 = VERTEX_POINT('',#12800);
#12800 = CARTESIAN_POINT('',(-2.2,1.6,0.4));
#12801 = LINE('',#12802,#12803);
#12802 = CARTESIAN_POINT('',(-2.2,2.,0.4));
#12803 = VECTOR('',#12804,1.);
#12804 = DIRECTION('',(0.,1.,0.));
#12805 = ORIENTED_EDGE('',*,*,#12806,.F.);
#12806 = EDGE_CURVE('',#10958,#12799,#12807,.T.);
#12807 = LINE('',#12808,#12809);
#12808 = CARTESIAN_POINT('',(-2.2,1.6,0.));
#12809 = VECTOR('',#12810,1.);
#12810 = DIRECTION('',(0.,0.,-1.));
#12811 = ORIENTED_EDGE('',*,*,#10957,.F.);
#12812 = ORIENTED_EDGE('',*,*,#12813,.F.);
#12813 = EDGE_CURVE('',#12814,#10950,#12816,.T.);
#12814 = VERTEX_POINT('',#12815);
#12815 = CARTESIAN_POINT('',(-2.2,-1.6,0.4));
#12816 = LINE('',#12817,#12818);
#12817 = CARTESIAN_POINT('',(-2.2,-1.6,0.));
#12818 = VECTOR('',#12819,1.);
#12819 = DIRECTION('',(0.,0.,1.));
#12820 = ORIENTED_EDGE('',*,*,#12821,.F.);
#12821 = EDGE_CURVE('',#12822,#12814,#12824,.T.);
#12822 = VERTEX_POINT('',#12823);
#12823 = CARTESIAN_POINT('',(-2.2,-2.,0.4));
#12824 = LINE('',#12825,#12826);
#12825 = CARTESIAN_POINT('',(-2.2,2.,0.4));
#12826 = VECTOR('',#12827,1.);
#12827 = DIRECTION('',(0.,1.,0.));
#12828 = ORIENTED_EDGE('',*,*,#12829,.F.);
#12829 = EDGE_CURVE('',#12830,#12822,#12832,.T.);
#12830 = VERTEX_POINT('',#12831);
#12831 = CARTESIAN_POINT('',(-2.2,-2.,4.2));
#12832 = LINE('',#12833,#12834);
#12833 = CARTESIAN_POINT('',(-2.2,-2.,0.));
#12834 = VECTOR('',#12835,1.);
#12835 = DIRECTION('',(0.,0.,-1.));
#12836 = ORIENTED_EDGE('',*,*,#12837,.F.);
#12837 = EDGE_CURVE('',#12838,#12830,#12840,.T.);
#12838 = VERTEX_POINT('',#12839);
#12839 = CARTESIAN_POINT('',(-2.2,2.,4.2));
#12840 = LINE('',#12841,#12842);
#12841 = CARTESIAN_POINT('',(-2.2,2.,4.2));
#12842 = VECTOR('',#12843,1.);
#12843 = DIRECTION('',(0.,-1.,0.));
#12844 = ORIENTED_EDGE('',*,*,#12845,.F.);
#12845 = EDGE_CURVE('',#11160,#12838,#12846,.T.);
#12846 = LINE('',#12847,#12848);
#12847 = CARTESIAN_POINT('',(-2.2,2.,0.));
#12848 = VECTOR('',#12849,1.);
#12849 = DIRECTION('',(0.,0.,1.));
#12850 = ORIENTED_EDGE('',*,*,#11159,.T.);
#12851 = ORIENTED_EDGE('',*,*,#12852,.F.);
#12852 = EDGE_CURVE('',#11263,#11150,#12853,.T.);
#12853 = LINE('',#12854,#12855);
#12854 = CARTESIAN_POINT('',(-2.2,1.95,0.));
#12855 = VECTOR('',#12856,1.);
#12856 = DIRECTION('',(0.,0.,1.));
#12857 = ORIENTED_EDGE('',*,*,#11262,.T.);
#12858 = PLANE('',#12859);
#12859 = AXIS2_PLACEMENT_3D('',#12860,#12861,#12862);
#12860 = CARTESIAN_POINT('',(-2.2,2.,0.));
#12861 = DIRECTION('',(1.,0.,0.));
#12862 = DIRECTION('',(0.,0.,-1.));
#12863 = ADVANCED_FACE('',(#12864),#12870,.T.);
#12864 = FACE_BOUND('',#12865,.T.);
#12865 = EDGE_LOOP('',(#12866,#12867,#12868,#12869));
#12866 = ORIENTED_EDGE('',*,*,#11270,.T.);
#12867 = ORIENTED_EDGE('',*,*,#12852,.T.);
#12868 = ORIENTED_EDGE('',*,*,#11149,.T.);
#12869 = ORIENTED_EDGE('',*,*,#11212,.T.);
#12870 = PLANE('',#12871);
#12871 = AXIS2_PLACEMENT_3D('',#12872,#12873,#12874);
#12872 = CARTESIAN_POINT('',(0.,1.95,0.));
#12873 = DIRECTION('',(0.,1.,0.));
#12874 = DIRECTION('',(0.,-0.,1.));
#12875 = ADVANCED_FACE('',(#12876),#12887,.F.);
#12876 = FACE_BOUND('',#12877,.T.);
#12877 = EDGE_LOOP('',(#12878,#12884,#12885,#12886));
#12878 = ORIENTED_EDGE('',*,*,#12879,.F.);
#12879 = EDGE_CURVE('',#12598,#12838,#12880,.T.);
#12880 = LINE('',#12881,#12882);
#12881 = CARTESIAN_POINT('',(-2.55,2.,4.2));
#12882 = VECTOR('',#12883,1.);
#12883 = DIRECTION('',(1.,0.,0.));
#12884 = ORIENTED_EDGE('',*,*,#12597,.T.);
#12885 = ORIENTED_EDGE('',*,*,#11167,.T.);
#12886 = ORIENTED_EDGE('',*,*,#12845,.T.);
#12887 = PLANE('',#12888);
#12888 = AXIS2_PLACEMENT_3D('',#12889,#12890,#12891);
#12889 = CARTESIAN_POINT('',(-2.55,2.,0.));
#12890 = DIRECTION('',(0.,1.,0.));
#12891 = DIRECTION('',(0.,-0.,1.));
#12892 = ADVANCED_FACE('',(#12893),#12899,.T.);
#12893 = FACE_BOUND('',#12894,.T.);
#12894 = EDGE_LOOP('',(#12895,#12896,#12897,#12898));
#12895 = ORIENTED_EDGE('',*,*,#11183,.T.);
#12896 = ORIENTED_EDGE('',*,*,#12627,.T.);
#12897 = ORIENTED_EDGE('',*,*,#11236,.T.);
#12898 = ORIENTED_EDGE('',*,*,#11292,.T.);
#12899 = PLANE('',#12900);
#12900 = AXIS2_PLACEMENT_3D('',#12901,#12902,#12903);
#12901 = CARTESIAN_POINT('',(0.,1.95,0.));
#12902 = DIRECTION('',(0.,1.,0.));
#12903 = DIRECTION('',(0.,-0.,1.));
#12904 = ADVANCED_FACE('',(#12905),#12921,.T.);
#12905 = FACE_BOUND('',#12906,.T.);
#12906 = EDGE_LOOP('',(#12907,#12908,#12914,#12915));
#12907 = ORIENTED_EDGE('',*,*,#11336,.F.);
#12908 = ORIENTED_EDGE('',*,*,#12909,.T.);
#12909 = EDGE_CURVE('',#11329,#12391,#12910,.T.);
#12910 = LINE('',#12911,#12912);
#12911 = CARTESIAN_POINT('',(0.,1.8,12.75));
#12912 = VECTOR('',#12913,1.);
#12913 = DIRECTION('',(-1.,-0.,-0.));
#12914 = ORIENTED_EDGE('',*,*,#12390,.T.);
#12915 = ORIENTED_EDGE('',*,*,#12916,.T.);
#12916 = EDGE_CURVE('',#12383,#11337,#12917,.T.);
#12917 = LINE('',#12918,#12919);
#12918 = CARTESIAN_POINT('',(0.,1.8,11.55));
#12919 = VECTOR('',#12920,1.);
#12920 = DIRECTION('',(1.,0.,0.));
#12921 = PLANE('',#12922);
#12922 = AXIS2_PLACEMENT_3D('',#12923,#12924,#12925);
#12923 = CARTESIAN_POINT('',(0.,1.8,0.));
#12924 = DIRECTION('',(0.,-1.,0.));
#12925 = DIRECTION('',(0.,0.,-1.));
#12926 = ADVANCED_FACE('',(#12927),#12938,.T.);
#12927 = FACE_BOUND('',#12928,.T.);
#12928 = EDGE_LOOP('',(#12929,#12930,#12936,#12937));
#12929 = ORIENTED_EDGE('',*,*,#11326,.F.);
#12930 = ORIENTED_EDGE('',*,*,#12931,.T.);
#12931 = EDGE_CURVE('',#11327,#12399,#12932,.T.);
#12932 = LINE('',#12933,#12934);
#12933 = CARTESIAN_POINT('',(3.1,1.3,13.55));
#12934 = VECTOR('',#12935,1.);
#12935 = DIRECTION('',(-1.,-0.,-0.));
#12936 = ORIENTED_EDGE('',*,*,#12398,.T.);
#12937 = ORIENTED_EDGE('',*,*,#12909,.F.);
#12938 = PLANE('',#12939);
#12939 = AXIS2_PLACEMENT_3D('',#12940,#12941,#12942);
#12940 = CARTESIAN_POINT('',(3.1,1.3,13.55));
#12941 = DIRECTION('',(0.,-0.847998304005,-0.529998940003));
#12942 = DIRECTION('',(0.,0.529998940003,-0.847998304005));
#12943 = ADVANCED_FACE('',(#12944),#12952,.F.);
#12944 = FACE_BOUND('',#12945,.T.);
#12945 = EDGE_LOOP('',(#12946,#12947,#12948,#12949,#12950,#12951));
#12946 = ORIENTED_EDGE('',*,*,#8208,.F.);
#12947 = ORIENTED_EDGE('',*,*,#8518,.F.);
#12948 = ORIENTED_EDGE('',*,*,#9939,.F.);
#12949 = ORIENTED_EDGE('',*,*,#12406,.T.);
#12950 = ORIENTED_EDGE('',*,*,#12931,.F.);
#12951 = ORIENTED_EDGE('',*,*,#11360,.F.);
#12952 = PLANE('',#12953);
#12953 = AXIS2_PLACEMENT_3D('',#12954,#12955,#12956);
#12954 = CARTESIAN_POINT('',(3.,-2.5,13.55));
#12955 = DIRECTION('',(0.,0.,1.));
#12956 = DIRECTION('',(1.,0.,-0.));
#12957 = ADVANCED_FACE('',(#12958),#12966,.F.);
#12958 = FACE_BOUND('',#12959,.T.);
#12959 = EDGE_LOOP('',(#12960,#12961,#12962,#12963,#12964,#12965));
#12960 = ORIENTED_EDGE('',*,*,#9956,.F.);
#12961 = ORIENTED_EDGE('',*,*,#8525,.F.);
#12962 = ORIENTED_EDGE('',*,*,#8192,.F.);
#12963 = ORIENTED_EDGE('',*,*,#11344,.F.);
#12964 = ORIENTED_EDGE('',*,*,#12916,.F.);
#12965 = ORIENTED_EDGE('',*,*,#12382,.T.);
#12966 = PLANE('',#12967);
#12967 = AXIS2_PLACEMENT_3D('',#12968,#12969,#12970);
#12968 = CARTESIAN_POINT('',(2.43,-2.5,11.55));
#12969 = DIRECTION('',(0.,0.,-1.));
#12970 = DIRECTION('',(-1.,0.,0.));
#12971 = ADVANCED_FACE('',(#12972),#13045,.F.);
#12972 = FACE_BOUND('',#12973,.T.);
#12973 = EDGE_LOOP('',(#12974,#12984,#12992,#13000,#13008,#13016,#13024,
    #13032,#13038,#13039));
#12974 = ORIENTED_EDGE('',*,*,#12975,.F.);
#12975 = EDGE_CURVE('',#12976,#12978,#12980,.T.);
#12976 = VERTEX_POINT('',#12977);
#12977 = CARTESIAN_POINT('',(-0.850000000003,1.75,13.85));
#12978 = VERTEX_POINT('',#12979);
#12979 = CARTESIAN_POINT('',(-0.630000000004,1.75,13.85));
#12980 = LINE('',#12981,#12982);
#12981 = CARTESIAN_POINT('',(0.,1.75,13.85));
#12982 = VECTOR('',#12983,1.);
#12983 = DIRECTION('',(1.,0.,0.));
#12984 = ORIENTED_EDGE('',*,*,#12985,.T.);
#12985 = EDGE_CURVE('',#12976,#12986,#12988,.T.);
#12986 = VERTEX_POINT('',#12987);
#12987 = CARTESIAN_POINT('',(-0.850000000029,2.050000000113,13.85));
#12988 = LINE('',#12989,#12990);
#12989 = CARTESIAN_POINT('',(-0.85,2.25,13.85));
#12990 = VECTOR('',#12991,1.);
#12991 = DIRECTION('',(0.,1.,0.));
#12992 = ORIENTED_EDGE('',*,*,#12993,.F.);
#12993 = EDGE_CURVE('',#12994,#12986,#12996,.T.);
#12994 = VERTEX_POINT('',#12995);
#12995 = CARTESIAN_POINT('',(-1.04999999989,2.249999999927,13.85));
#12996 = LINE('',#12997,#12998);
#12997 = CARTESIAN_POINT('',(-0.95,2.15,13.85));
#12998 = VECTOR('',#12999,1.);
#12999 = DIRECTION('',(0.707106781187,-0.707106781187,0.));
#13000 = ORIENTED_EDGE('',*,*,#13001,.F.);
#13001 = EDGE_CURVE('',#13002,#12994,#13004,.T.);
#13002 = VERTEX_POINT('',#13003);
#13003 = CARTESIAN_POINT('',(-2.230000000001,2.25,13.85));
#13004 = LINE('',#13005,#13006);
#13005 = CARTESIAN_POINT('',(0.,2.25,13.85));
#13006 = VECTOR('',#13007,1.);
#13007 = DIRECTION('',(1.,0.,0.));
#13008 = ORIENTED_EDGE('',*,*,#13009,.F.);
#13009 = EDGE_CURVE('',#13010,#13002,#13012,.T.);
#13010 = VERTEX_POINT('',#13011);
#13011 = CARTESIAN_POINT('',(-2.43,2.05,13.85));
#13012 = LINE('',#13013,#13014);
#13013 = CARTESIAN_POINT('',(-2.33,2.15,13.85));
#13014 = VECTOR('',#13015,1.);
#13015 = DIRECTION('',(0.707106781187,0.707106781187,0.));
#13016 = ORIENTED_EDGE('',*,*,#13017,.F.);
#13017 = EDGE_CURVE('',#13018,#13010,#13020,.T.);
#13018 = VERTEX_POINT('',#13019);
#13019 = CARTESIAN_POINT('',(-2.43,-2.25,13.85));
#13020 = LINE('',#13021,#13022);
#13021 = CARTESIAN_POINT('',(-2.43,2.5,13.85));
#13022 = VECTOR('',#13023,1.);
#13023 = DIRECTION('',(0.,1.,0.));
#13024 = ORIENTED_EDGE('',*,*,#13025,.F.);
#13025 = EDGE_CURVE('',#13026,#13018,#13028,.T.);
#13026 = VERTEX_POINT('',#13027);
#13027 = CARTESIAN_POINT('',(-2.649999999997,-2.25,13.85));
#13028 = LINE('',#13029,#13030);
#13029 = CARTESIAN_POINT('',(-2.65,-2.25,13.85));
#13030 = VECTOR('',#13031,1.);
#13031 = DIRECTION('',(1.,0.,0.));
#13032 = ORIENTED_EDGE('',*,*,#13033,.F.);
#13033 = EDGE_CURVE('',#11375,#13026,#13034,.T.);
#13034 = LINE('',#13035,#13036);
#13035 = CARTESIAN_POINT('',(-2.649999999991,2.5,13.85));
#13036 = VECTOR('',#13037,1.);
#13037 = DIRECTION('',(0.,-1.,0.));
#13038 = ORIENTED_EDGE('',*,*,#11415,.F.);
#13039 = ORIENTED_EDGE('',*,*,#13040,.F.);
#13040 = EDGE_CURVE('',#12978,#11408,#13041,.T.);
#13041 = LINE('',#13042,#13043);
#13042 = CARTESIAN_POINT('',(-0.630000000006,2.5,13.85));
#13043 = VECTOR('',#13044,1.);
#13044 = DIRECTION('',(0.,1.,0.));
#13045 = PLANE('',#13046);
#13046 = AXIS2_PLACEMENT_3D('',#13047,#13048,#13049);
#13047 = CARTESIAN_POINT('',(-2.65,2.5,13.85));
#13048 = DIRECTION('',(0.,0.,1.));
#13049 = DIRECTION('',(1.,0.,-0.));
#13050 = ADVANCED_FACE('',(#13051),#13069,.F.);
#13051 = FACE_BOUND('',#13052,.T.);
#13052 = EDGE_LOOP('',(#13053,#13061,#13067,#13068));
#13053 = ORIENTED_EDGE('',*,*,#13054,.F.);
#13054 = EDGE_CURVE('',#13055,#11430,#13057,.T.);
#13055 = VERTEX_POINT('',#13056);
#13056 = CARTESIAN_POINT('',(-0.63,1.75,11.49442719112));
#13057 = LINE('',#13058,#13059);
#13058 = CARTESIAN_POINT('',(-0.63,2.5,11.49442719124));
#13059 = VECTOR('',#13060,1.);
#13060 = DIRECTION('',(0.,1.,0.));
#13061 = ORIENTED_EDGE('',*,*,#13062,.F.);
#13062 = EDGE_CURVE('',#12978,#13055,#13063,.T.);
#13063 = LINE('',#13064,#13065);
#13064 = CARTESIAN_POINT('',(-0.63,1.75,13.85));
#13065 = VECTOR('',#13066,1.);
#13066 = DIRECTION('',(0.,0.,-1.));
#13067 = ORIENTED_EDGE('',*,*,#13040,.T.);
#13068 = ORIENTED_EDGE('',*,*,#11437,.F.);
#13069 = PLANE('',#13070);
#13070 = AXIS2_PLACEMENT_3D('',#13071,#13072,#13073);
#13071 = CARTESIAN_POINT('',(-0.63,2.5,13.85));
#13072 = DIRECTION('',(1.,0.,0.));
#13073 = DIRECTION('',(0.,0.,-1.));
#13074 = ADVANCED_FACE('',(#13075),#13094,.F.);
#13075 = FACE_BOUND('',#13076,.F.);
#13076 = EDGE_LOOP('',(#13077,#13085,#13086,#13087));
#13077 = ORIENTED_EDGE('',*,*,#13078,.T.);
#13078 = EDGE_CURVE('',#13079,#11454,#13081,.T.);
#13079 = VERTEX_POINT('',#13080);
#13080 = CARTESIAN_POINT('',(-0.672229123177,1.75,11.315541753646));
#13081 = LINE('',#13082,#13083);
#13082 = CARTESIAN_POINT('',(-0.672229122754,-11.3216,11.315541754491));
#13083 = VECTOR('',#13084,1.);
#13084 = DIRECTION('',(0.,1.,0.));
#13085 = ORIENTED_EDGE('',*,*,#11463,.F.);
#13086 = ORIENTED_EDGE('',*,*,#13054,.F.);
#13087 = ORIENTED_EDGE('',*,*,#13088,.T.);
#13088 = EDGE_CURVE('',#13055,#13079,#13089,.T.);
#13089 = CIRCLE('',#13090,0.4);
#13090 = AXIS2_PLACEMENT_3D('',#13091,#13092,#13093);
#13091 = CARTESIAN_POINT('',(-1.03,1.75,11.494427191));
#13092 = DIRECTION('',(0.,1.,0.));
#13093 = DIRECTION('',(0.,-0.,1.));
#13094 = CYLINDRICAL_SURFACE('',#13095,0.4);
#13095 = AXIS2_PLACEMENT_3D('',#13096,#13097,#13098);
#13096 = CARTESIAN_POINT('',(-1.03,-11.3216,11.494427191));
#13097 = DIRECTION('',(0.,1.,0.));
#13098 = DIRECTION('',(0.,-0.,1.));
#13099 = ADVANCED_FACE('',(#13100),#13118,.F.);
#13100 = FACE_BOUND('',#13101,.T.);
#13101 = EDGE_LOOP('',(#13102,#13110,#13111,#13112));
#13102 = ORIENTED_EDGE('',*,*,#13103,.F.);
#13103 = EDGE_CURVE('',#13079,#13104,#13106,.T.);
#13104 = VERTEX_POINT('',#13105);
#13105 = CARTESIAN_POINT('',(-0.908885438202,1.75,10.842229123595));
#13106 = LINE('',#13107,#13108);
#13107 = CARTESIAN_POINT('',(-0.63,1.75,11.4));
#13108 = VECTOR('',#13109,1.);
#13109 = DIRECTION('',(-0.4472135955,0.,-0.894427191));
#13110 = ORIENTED_EDGE('',*,*,#13078,.T.);
#13111 = ORIENTED_EDGE('',*,*,#11488,.F.);
#13112 = ORIENTED_EDGE('',*,*,#13113,.F.);
#13113 = EDGE_CURVE('',#13104,#11481,#13114,.T.);
#13114 = LINE('',#13115,#13116);
#13115 = CARTESIAN_POINT('',(-0.908885438205,2.5,10.84222912359));
#13116 = VECTOR('',#13117,1.);
#13117 = DIRECTION('',(0.,1.,0.));
#13118 = PLANE('',#13119);
#13119 = AXIS2_PLACEMENT_3D('',#13120,#13121,#13122);
#13120 = CARTESIAN_POINT('',(-0.63,2.5,11.4));
#13121 = DIRECTION('',(0.894427191,0.,-0.4472135955));
#13122 = DIRECTION('',(-0.4472135955,0.,-0.894427191));
#13123 = ADVANCED_FACE('',(#13124),#13143,.T.);
#13124 = FACE_BOUND('',#13125,.T.);
#13125 = EDGE_LOOP('',(#13126,#13127,#13128,#13136));
#13126 = ORIENTED_EDGE('',*,*,#13113,.T.);
#13127 = ORIENTED_EDGE('',*,*,#11513,.F.);
#13128 = ORIENTED_EDGE('',*,*,#13129,.T.);
#13129 = EDGE_CURVE('',#11505,#13130,#13132,.T.);
#13130 = VERTEX_POINT('',#13131);
#13131 = CARTESIAN_POINT('',(-0.93,1.75,10.7527864045));
#13132 = LINE('',#13133,#13134);
#13133 = CARTESIAN_POINT('',(-0.93,-11.3216,10.7527864045));
#13134 = VECTOR('',#13135,1.);
#13135 = DIRECTION('',(-0.,-1.,-0.));
#13136 = ORIENTED_EDGE('',*,*,#13137,.T.);
#13137 = EDGE_CURVE('',#13130,#13104,#13138,.T.);
#13138 = CIRCLE('',#13139,0.2);
#13139 = AXIS2_PLACEMENT_3D('',#13140,#13141,#13142);
#13140 = CARTESIAN_POINT('',(-0.73,1.75,10.7527864045));
#13141 = DIRECTION('',(0.,1.,0.));
#13142 = DIRECTION('',(0.,-0.,1.));
#13143 = CYLINDRICAL_SURFACE('',#13144,0.2);
#13144 = AXIS2_PLACEMENT_3D('',#13145,#13146,#13147);
#13145 = CARTESIAN_POINT('',(-0.73,-11.3216,10.7527864045));
#13146 = DIRECTION('',(0.,1.,0.));
#13147 = DIRECTION('',(0.,-0.,1.));
#13148 = ADVANCED_FACE('',(#13149),#13167,.F.);
#13149 = FACE_BOUND('',#13150,.T.);
#13150 = EDGE_LOOP('',(#13151,#13159,#13160,#13161));
#13151 = ORIENTED_EDGE('',*,*,#13152,.F.);
#13152 = EDGE_CURVE('',#13130,#13153,#13155,.T.);
#13153 = VERTEX_POINT('',#13154);
#13154 = CARTESIAN_POINT('',(-0.929999999995,1.75,8.399999999995));
#13155 = LINE('',#13156,#13157);
#13156 = CARTESIAN_POINT('',(-0.93,1.75,10.8));
#13157 = VECTOR('',#13158,1.);
#13158 = DIRECTION('',(0.,0.,-1.));
#13159 = ORIENTED_EDGE('',*,*,#13129,.F.);
#13160 = ORIENTED_EDGE('',*,*,#11538,.F.);
#13161 = ORIENTED_EDGE('',*,*,#13162,.F.);
#13162 = EDGE_CURVE('',#13153,#11531,#13163,.T.);
#13163 = LINE('',#13164,#13165);
#13164 = CARTESIAN_POINT('',(-0.93,2.5,8.399999999993));
#13165 = VECTOR('',#13166,1.);
#13166 = DIRECTION('',(0.,1.,0.));
#13167 = PLANE('',#13168);
#13168 = AXIS2_PLACEMENT_3D('',#13169,#13170,#13171);
#13169 = CARTESIAN_POINT('',(-0.93,2.5,10.8));
#13170 = DIRECTION('',(1.,0.,0.));
#13171 = DIRECTION('',(0.,0.,-1.));
#13172 = ADVANCED_FACE('',(#13173),#13184,.F.);
#13173 = FACE_BOUND('',#13174,.T.);
#13174 = EDGE_LOOP('',(#13175,#13181,#13182,#13183));
#13175 = ORIENTED_EDGE('',*,*,#13176,.F.);
#13176 = EDGE_CURVE('',#13153,#12215,#13177,.T.);
#13177 = LINE('',#13178,#13179);
#13178 = CARTESIAN_POINT('',(-0.93,1.75,8.4));
#13179 = VECTOR('',#13180,1.);
#13180 = DIRECTION('',(-1.,0.,0.));
#13181 = ORIENTED_EDGE('',*,*,#13162,.T.);
#13182 = ORIENTED_EDGE('',*,*,#11562,.F.);
#13183 = ORIENTED_EDGE('',*,*,#12222,.T.);
#13184 = PLANE('',#13185);
#13185 = AXIS2_PLACEMENT_3D('',#13186,#13187,#13188);
#13186 = CARTESIAN_POINT('',(-0.93,2.5,8.4));
#13187 = DIRECTION('',(0.,0.,-1.));
#13188 = DIRECTION('',(-1.,0.,0.));
#13189 = ADVANCED_FACE('',(#13190),#13209,.F.);
#13190 = FACE_BOUND('',#13191,.F.);
#13191 = EDGE_LOOP('',(#13192,#13200,#13201,#13202));
#13192 = ORIENTED_EDGE('',*,*,#13193,.T.);
#13193 = EDGE_CURVE('',#13194,#11731,#13196,.T.);
#13194 = VERTEX_POINT('',#13195);
#13195 = CARTESIAN_POINT('',(-1.107770876395,1.75,10.93639320226));
#13196 = LINE('',#13197,#13198);
#13197 = CARTESIAN_POINT('',(-1.10777087639,10.3216,10.936393202269));
#13198 = VECTOR('',#13199,1.);
#13199 = DIRECTION('',(0.,1.,0.));
#13200 = ORIENTED_EDGE('',*,*,#11740,.F.);
#13201 = ORIENTED_EDGE('',*,*,#12025,.F.);
#13202 = ORIENTED_EDGE('',*,*,#13203,.T.);
#13203 = EDGE_CURVE('',#12016,#13194,#13204,.T.);
#13204 = CIRCLE('',#13205,0.4);
#13205 = AXIS2_PLACEMENT_3D('',#13206,#13207,#13208);
#13206 = CARTESIAN_POINT('',(-0.75,1.75,10.75750776405));
#13207 = DIRECTION('',(0.,1.,0.));
#13208 = DIRECTION('',(-5.421010862428E-15,0.,-1.));
#13209 = CYLINDRICAL_SURFACE('',#13210,0.4);
#13210 = AXIS2_PLACEMENT_3D('',#13211,#13212,#13213);
#13211 = CARTESIAN_POINT('',(-0.75,10.3216,10.75750776405));
#13212 = DIRECTION('',(0.,-1.,0.));
#13213 = DIRECTION('',(0.,0.,-1.));
#13214 = ADVANCED_FACE('',(#13215),#13233,.F.);
#13215 = FACE_BOUND('',#13216,.T.);
#13216 = EDGE_LOOP('',(#13217,#13225,#13231,#13232));
#13217 = ORIENTED_EDGE('',*,*,#13218,.F.);
#13218 = EDGE_CURVE('',#13219,#11804,#13221,.T.);
#13219 = VERTEX_POINT('',#13220);
#13220 = CARTESIAN_POINT('',(-0.975967477539,2.050000000002,
    11.199999999912));
#13221 = LINE('',#13222,#13223);
#13222 = CARTESIAN_POINT('',(-0.975967477525,2.050000000002,
    11.19999999991));
#13223 = VECTOR('',#13224,1.);
#13224 = DIRECTION('',(0.,0.408248290303,0.912870929247));
#13225 = ORIENTED_EDGE('',*,*,#13226,.F.);
#13226 = EDGE_CURVE('',#11764,#13219,#13227,.T.);
#13227 = LINE('',#13228,#13229);
#13228 = CARTESIAN_POINT('',(-0.975967477525,2.5,11.19999999991));
#13229 = VECTOR('',#13230,1.);
#13230 = DIRECTION('',(0.,-1.,0.));
#13231 = ORIENTED_EDGE('',*,*,#11763,.F.);
#13232 = ORIENTED_EDGE('',*,*,#11811,.T.);
#13233 = PLANE('',#13234);
#13234 = AXIS2_PLACEMENT_3D('',#13235,#13236,#13237);
#13235 = CARTESIAN_POINT('',(-0.975967477525,2.5,11.2));
#13236 = DIRECTION('',(-1.,0.,0.));
#13237 = DIRECTION('',(0.,0.,1.));
#13238 = ADVANCED_FACE('',(#13239),#13266,.F.);
#13239 = FACE_BOUND('',#13240,.T.);
#13240 = EDGE_LOOP('',(#13241,#13249,#13257,#13263,#13264,#13265));
#13241 = ORIENTED_EDGE('',*,*,#13242,.F.);
#13242 = EDGE_CURVE('',#13243,#13219,#13245,.T.);
#13243 = VERTEX_POINT('',#13244);
#13244 = CARTESIAN_POINT('',(-0.871114560955,2.050000000002,
    11.409705833141));
#13245 = LINE('',#13246,#13247);
#13246 = CARTESIAN_POINT('',(-1.15,2.050000000002,10.85193495505));
#13247 = VECTOR('',#13248,1.);
#13248 = DIRECTION('',(-0.4472135955,-0.,-0.894427191));
#13249 = ORIENTED_EDGE('',*,*,#13250,.F.);
#13250 = EDGE_CURVE('',#13251,#13243,#13253,.T.);
#13251 = VERTEX_POINT('',#13252);
#13252 = CARTESIAN_POINT('',(-0.871114561337,1.75,11.409705832375));
#13253 = LINE('',#13254,#13255);
#13254 = CARTESIAN_POINT('',(-0.871114560875,2.5,11.409705833301));
#13255 = VECTOR('',#13256,1.);
#13256 = DIRECTION('',(0.,1.,0.));
#13257 = ORIENTED_EDGE('',*,*,#13258,.F.);
#13258 = EDGE_CURVE('',#13194,#13251,#13259,.T.);
#13259 = LINE('',#13260,#13261);
#13260 = CARTESIAN_POINT('',(-1.15,1.75,10.85193495505));
#13261 = VECTOR('',#13262,1.);
#13262 = DIRECTION('',(0.4472135955,0.,0.894427191));
#13263 = ORIENTED_EDGE('',*,*,#13193,.T.);
#13264 = ORIENTED_EDGE('',*,*,#11771,.F.);
#13265 = ORIENTED_EDGE('',*,*,#13226,.T.);
#13266 = PLANE('',#13267);
#13267 = AXIS2_PLACEMENT_3D('',#13268,#13269,#13270);
#13268 = CARTESIAN_POINT('',(-1.15,2.5,10.85193495505));
#13269 = DIRECTION('',(-0.894427191,0.,0.4472135955));
#13270 = DIRECTION('',(0.4472135955,0.,0.894427191));
#13271 = ADVANCED_FACE('',(#13272),#13291,.T.);
#13272 = FACE_BOUND('',#13273,.T.);
#13273 = EDGE_LOOP('',(#13274,#13282,#13283,#13284,#13285));
#13274 = ORIENTED_EDGE('',*,*,#13275,.T.);
#13275 = EDGE_CURVE('',#13276,#13243,#13278,.T.);
#13276 = VERTEX_POINT('',#13277);
#13277 = CARTESIAN_POINT('',(-1.049999999882,2.249999999902,
    11.499148550365));
#13278 = LINE('',#13279,#13280);
#13279 = CARTESIAN_POINT('',(-1.049999999941,2.249999999827,
    11.49914855028));
#13280 = VECTOR('',#13281,1.);
#13281 = DIRECTION('',(0.632455534514,-0.707106781187,-0.316227761057));
#13282 = ORIENTED_EDGE('',*,*,#13242,.T.);
#13283 = ORIENTED_EDGE('',*,*,#13218,.T.);
#13284 = ORIENTED_EDGE('',*,*,#11803,.T.);
#13285 = ORIENTED_EDGE('',*,*,#13286,.F.);
#13286 = EDGE_CURVE('',#13276,#11796,#13287,.T.);
#13287 = LINE('',#13288,#13289);
#13288 = CARTESIAN_POINT('',(-1.04999999984,2.25,11.49914855023));
#13289 = VECTOR('',#13290,1.);
#13290 = DIRECTION('',(-0.447213597073,0.,-0.894427190213));
#13291 = PLANE('',#13292);
#13292 = AXIS2_PLACEMENT_3D('',#13293,#13294,#13295);
#13293 = CARTESIAN_POINT('',(-0.985344414224,2.15,11.40485292435));
#13294 = DIRECTION('',(0.632455532034,0.707106781187,-0.316227766017));
#13295 = DIRECTION('',(-0.7453559925,0.666666666667,0.));
#13296 = ADVANCED_FACE('',(#13297),#13306,.F.);
#13297 = FACE_BOUND('',#13298,.T.);
#13298 = EDGE_LOOP('',(#13299,#13300,#13301,#13302,#13303,#13304,#13305)
  );
#13299 = ORIENTED_EDGE('',*,*,#11627,.F.);
#13300 = ORIENTED_EDGE('',*,*,#12039,.T.);
#13301 = ORIENTED_EDGE('',*,*,#12185,.F.);
#13302 = ORIENTED_EDGE('',*,*,#12171,.T.);
#13303 = ORIENTED_EDGE('',*,*,#12288,.F.);
#13304 = ORIENTED_EDGE('',*,*,#12262,.F.);
#13305 = ORIENTED_EDGE('',*,*,#12240,.T.);
#13306 = PLANE('',#13307);
#13307 = AXIS2_PLACEMENT_3D('',#13308,#13309,#13310);
#13308 = CARTESIAN_POINT('',(-2.43,2.5,8.35));
#13309 = DIRECTION('',(0.,0.,-1.));
#13310 = DIRECTION('',(-1.,0.,0.));
#13311 = ADVANCED_FACE('',(#13312),#13321,.F.);
#13312 = FACE_BOUND('',#13313,.T.);
#13313 = EDGE_LOOP('',(#13314,#13315,#13316,#13317,#13318,#13319,#13320)
  );
#13314 = ORIENTED_EDGE('',*,*,#12048,.T.);
#13315 = ORIENTED_EDGE('',*,*,#11675,.F.);
#13316 = ORIENTED_EDGE('',*,*,#12000,.F.);
#13317 = ORIENTED_EDGE('',*,*,#11976,.F.);
#13318 = ORIENTED_EDGE('',*,*,#11960,.F.);
#13319 = ORIENTED_EDGE('',*,*,#12119,.T.);
#13320 = ORIENTED_EDGE('',*,*,#12094,.F.);
#13321 = PLANE('',#13322);
#13322 = AXIS2_PLACEMENT_3D('',#13323,#13324,#13325);
#13323 = CARTESIAN_POINT('',(-2.65,2.5,11.15));
#13324 = DIRECTION('',(0.,0.,1.));
#13325 = DIRECTION('',(1.,0.,-0.));
#13326 = ADVANCED_FACE('',(#13327,#13331),#13335,.T.);
#13327 = FACE_BOUND('',#13328,.T.);
#13328 = EDGE_LOOP('',(#13329,#13330));
#13329 = ORIENTED_EDGE('',*,*,#7380,.T.);
#13330 = ORIENTED_EDGE('',*,*,#8092,.T.);
#13331 = FACE_BOUND('',#13332,.T.);
#13332 = EDGE_LOOP('',(#13333,#13334));
#13333 = ORIENTED_EDGE('',*,*,#7546,.F.);
#13334 = ORIENTED_EDGE('',*,*,#7967,.F.);
#13335 = PLANE('',#13336);
#13336 = AXIS2_PLACEMENT_3D('',#13337,#13338,#13339);
#13337 = CARTESIAN_POINT('',(0.,0.,17.));
#13338 = DIRECTION('',(0.,0.,1.));
#13339 = DIRECTION('',(1.,0.,-0.));
#13340 = ADVANCED_FACE('',(#13341),#13352,.F.);
#13341 = FACE_BOUND('',#13342,.T.);
#13342 = EDGE_LOOP('',(#13343,#13349,#13350,#13351));
#13343 = ORIENTED_EDGE('',*,*,#13344,.F.);
#13344 = EDGE_CURVE('',#12306,#13026,#13345,.T.);
#13345 = LINE('',#13346,#13347);
#13346 = CARTESIAN_POINT('',(-2.65,-2.25,12.15));
#13347 = VECTOR('',#13348,1.);
#13348 = DIRECTION('',(0.,0.,1.));
#13349 = ORIENTED_EDGE('',*,*,#12323,.T.);
#13350 = ORIENTED_EDGE('',*,*,#11374,.F.);
#13351 = ORIENTED_EDGE('',*,*,#13033,.T.);
#13352 = PLANE('',#13353);
#13353 = AXIS2_PLACEMENT_3D('',#13354,#13355,#13356);
#13354 = CARTESIAN_POINT('',(-2.65,2.5,12.15));
#13355 = DIRECTION('',(-1.,0.,0.));
#13356 = DIRECTION('',(0.,0.,1.));
#13357 = ADVANCED_FACE('',(#13358),#13369,.T.);
#13358 = FACE_BOUND('',#13359,.T.);
#13359 = EDGE_LOOP('',(#13360,#13366,#13367,#13368));
#13360 = ORIENTED_EDGE('',*,*,#13361,.T.);
#13361 = EDGE_CURVE('',#13018,#12304,#13362,.T.);
#13362 = LINE('',#13363,#13364);
#13363 = CARTESIAN_POINT('',(-2.43,-2.25,0.));
#13364 = VECTOR('',#13365,1.);
#13365 = DIRECTION('',(0.,0.,-1.));
#13366 = ORIENTED_EDGE('',*,*,#12303,.T.);
#13367 = ORIENTED_EDGE('',*,*,#13344,.T.);
#13368 = ORIENTED_EDGE('',*,*,#13025,.T.);
#13369 = PLANE('',#13370);
#13370 = AXIS2_PLACEMENT_3D('',#13371,#13372,#13373);
#13371 = CARTESIAN_POINT('',(0.,-2.25,0.));
#13372 = DIRECTION('',(0.,1.,0.));
#13373 = DIRECTION('',(0.,-0.,1.));
#13374 = ADVANCED_FACE('',(#13375),#13388,.F.);
#13375 = FACE_BOUND('',#13376,.F.);
#13376 = EDGE_LOOP('',(#13377,#13378,#13379,#13380,#13381));
#13377 = ORIENTED_EDGE('',*,*,#12573,.F.);
#13378 = ORIENTED_EDGE('',*,*,#10350,.T.);
#13379 = ORIENTED_EDGE('',*,*,#7531,.F.);
#13380 = ORIENTED_EDGE('',*,*,#8076,.F.);
#13381 = ORIENTED_EDGE('',*,*,#13382,.T.);
#13382 = EDGE_CURVE('',#8069,#12574,#13383,.T.);
#13383 = B_SPLINE_CURVE_WITH_KNOTS('',3,(#13384,#13385,#13386,#13387),
  .UNSPECIFIED.,.F.,.F.,(4,4),(5.626549101096E-11,5.074459575242E-04),
  .PIECEWISE_BEZIER_KNOTS.);
#13384 = CARTESIAN_POINT('',(1.244989960864,1.29999999898,7.099999992741
    ));
#13385 = CARTESIAN_POINT('',(1.145826752272,1.3,6.962825399523));
#13386 = CARTESIAN_POINT('',(1.04297603623,1.3,6.828529164679));
#13387 = CARTESIAN_POINT('',(0.932737898389,1.300000004965,6.70000000251
    ));
#13388 = CONICAL_SURFACE('',#13389,1.800000062128,0.463647607011);
#13389 = AXIS2_PLACEMENT_3D('',#13390,#13391,#13392);
#13390 = CARTESIAN_POINT('',(-4.202773407069E-09,-8.021117711005E-08,
    7.100000062906));
#13391 = DIRECTION('',(0.,0.,1.));
#13392 = DIRECTION('',(1.,0.,-0.));
#13393 = ADVANCED_FACE('',(#13394),#13435,.F.);
#13394 = FACE_BOUND('',#13395,.T.);
#13395 = EDGE_LOOP('',(#13396,#13404,#13405,#13411,#13412,#13413,#13421,
    #13429));
#13396 = ORIENTED_EDGE('',*,*,#13397,.F.);
#13397 = EDGE_CURVE('',#10553,#13398,#13400,.T.);
#13398 = VERTEX_POINT('',#13399);
#13399 = CARTESIAN_POINT('',(2.18,1.299999999987,9.2));
#13400 = LINE('',#13401,#13402);
#13401 = CARTESIAN_POINT('',(2.18,1.299999999974,0.));
#13402 = VECTOR('',#13403,1.);
#13403 = DIRECTION('',(0.,0.,1.));
#13404 = ORIENTED_EDGE('',*,*,#10552,.F.);
#13405 = ORIENTED_EDGE('',*,*,#13406,.F.);
#13406 = EDGE_CURVE('',#10220,#10530,#13407,.T.);
#13407 = LINE('',#13408,#13409);
#13408 = CARTESIAN_POINT('',(2.18,1.95,0.));
#13409 = VECTOR('',#13410,1.);
#13410 = DIRECTION('',(-0.,-0.,-1.));
#13411 = ORIENTED_EDGE('',*,*,#12494,.F.);
#13412 = ORIENTED_EDGE('',*,*,#12462,.T.);
#13413 = ORIENTED_EDGE('',*,*,#13414,.F.);
#13414 = EDGE_CURVE('',#13415,#12463,#13417,.T.);
#13415 = VERTEX_POINT('',#13416);
#13416 = CARTESIAN_POINT('',(2.18,0.5,10.7));
#13417 = LINE('',#13418,#13419);
#13418 = CARTESIAN_POINT('',(2.18,-2.05,10.7));
#13419 = VECTOR('',#13420,1.);
#13420 = DIRECTION('',(0.,1.,0.));
#13421 = ORIENTED_EDGE('',*,*,#13422,.F.);
#13422 = EDGE_CURVE('',#13423,#13415,#13425,.T.);
#13423 = VERTEX_POINT('',#13424);
#13424 = CARTESIAN_POINT('',(2.18,0.5,9.2));
#13425 = LINE('',#13426,#13427);
#13426 = CARTESIAN_POINT('',(2.18,0.5,0.));
#13427 = VECTOR('',#13428,1.);
#13428 = DIRECTION('',(0.,0.,1.));
#13429 = ORIENTED_EDGE('',*,*,#13430,.F.);
#13430 = EDGE_CURVE('',#13398,#13423,#13431,.T.);
#13431 = LINE('',#13432,#13433);
#13432 = CARTESIAN_POINT('',(2.18,-2.05,9.2));
#13433 = VECTOR('',#13434,1.);
#13434 = DIRECTION('',(0.,-1.,0.));
#13435 = PLANE('',#13436);
#13436 = AXIS2_PLACEMENT_3D('',#13437,#13438,#13439);
#13437 = CARTESIAN_POINT('',(2.18,-2.05,0.));
#13438 = DIRECTION('',(-1.,0.,0.));
#13439 = DIRECTION('',(0.,0.,1.));
#13440 = ADVANCED_FACE('',(#13441),#13447,.F.);
#13441 = FACE_BOUND('',#13442,.T.);
#13442 = EDGE_LOOP('',(#13443,#13444,#13445,#13446));
#13443 = ORIENTED_EDGE('',*,*,#13406,.T.);
#13444 = ORIENTED_EDGE('',*,*,#10529,.F.);
#13445 = ORIENTED_EDGE('',*,*,#12541,.T.);
#13446 = ORIENTED_EDGE('',*,*,#10227,.F.);
#13447 = PLANE('',#13448);
#13448 = AXIS2_PLACEMENT_3D('',#13449,#13450,#13451);
#13449 = CARTESIAN_POINT('',(2.18,1.95,0.));
#13450 = DIRECTION('',(0.,1.,0.));
#13451 = DIRECTION('',(0.,-0.,1.));
#13452 = ADVANCED_FACE('',(#13453),#13469,.T.);
#13453 = FACE_BOUND('',#13454,.T.);
#13454 = EDGE_LOOP('',(#13455,#13461,#13462,#13463,#13464,#13465,#13466,
    #13467,#13468));
#13455 = ORIENTED_EDGE('',*,*,#13456,.T.);
#13456 = EDGE_CURVE('',#8043,#13415,#13457,.T.);
#13457 = LINE('',#13458,#13459);
#13458 = CARTESIAN_POINT('',(0.,0.5,10.7));
#13459 = VECTOR('',#13460,1.);
#13460 = DIRECTION('',(1.,0.,0.));
#13461 = ORIENTED_EDGE('',*,*,#13414,.T.);
#13462 = ORIENTED_EDGE('',*,*,#12479,.T.);
#13463 = ORIENTED_EDGE('',*,*,#12533,.T.);
#13464 = ORIENTED_EDGE('',*,*,#10285,.T.);
#13465 = ORIENTED_EDGE('',*,*,#8764,.T.);
#13466 = ORIENTED_EDGE('',*,*,#10384,.T.);
#13467 = ORIENTED_EDGE('',*,*,#7439,.T.);
#13468 = ORIENTED_EDGE('',*,*,#8042,.T.);
#13469 = PLANE('',#13470);
#13470 = AXIS2_PLACEMENT_3D('',#13471,#13472,#13473);
#13471 = CARTESIAN_POINT('',(0.,0.,10.7));
#13472 = DIRECTION('',(0.,0.,-1.));
#13473 = DIRECTION('',(-1.,0.,0.));
#13474 = ADVANCED_FACE('',(#13475),#13486,.F.);
#13475 = FACE_BOUND('',#13476,.T.);
#13476 = EDGE_LOOP('',(#13477,#13478,#13484,#13485));
#13477 = ORIENTED_EDGE('',*,*,#10483,.F.);
#13478 = ORIENTED_EDGE('',*,*,#13479,.F.);
#13479 = EDGE_CURVE('',#10917,#10448,#13480,.T.);
#13480 = LINE('',#13481,#13482);
#13481 = CARTESIAN_POINT('',(1.05,-2.,0.));
#13482 = VECTOR('',#13483,1.);
#13483 = DIRECTION('',(0.,0.,-1.));
#13484 = ORIENTED_EDGE('',*,*,#10916,.F.);
#13485 = ORIENTED_EDGE('',*,*,#12558,.T.);
#13486 = PLANE('',#13487);
#13487 = AXIS2_PLACEMENT_3D('',#13488,#13489,#13490);
#13488 = CARTESIAN_POINT('',(1.05,2.,0.));
#13489 = DIRECTION('',(1.,0.,0.));
#13490 = DIRECTION('',(0.,0.,-1.));
#13491 = ADVANCED_FACE('',(#13492),#13514,.F.);
#13492 = FACE_BOUND('',#13493,.T.);
#13493 = EDGE_LOOP('',(#13494,#13495,#13501,#13502,#13503,#13504,#13505,
    #13511,#13512,#13513));
#13494 = ORIENTED_EDGE('',*,*,#11038,.F.);
#13495 = ORIENTED_EDGE('',*,*,#13496,.F.);
#13496 = EDGE_CURVE('',#10577,#11030,#13497,.T.);
#13497 = LINE('',#13498,#13499);
#13498 = CARTESIAN_POINT('',(1.244989959687,1.3,0.));
#13499 = VECTOR('',#13500,1.);
#13500 = DIRECTION('',(0.,0.,1.));
#13501 = ORIENTED_EDGE('',*,*,#10576,.F.);
#13502 = ORIENTED_EDGE('',*,*,#8876,.F.);
#13503 = ORIENTED_EDGE('',*,*,#10560,.F.);
#13504 = ORIENTED_EDGE('',*,*,#13397,.T.);
#13505 = ORIENTED_EDGE('',*,*,#13506,.F.);
#13506 = EDGE_CURVE('',#8060,#13398,#13507,.T.);
#13507 = LINE('',#13508,#13509);
#13508 = CARTESIAN_POINT('',(0.68,1.3,9.2));
#13509 = VECTOR('',#13510,1.);
#13510 = DIRECTION('',(1.,0.,0.));
#13511 = ORIENTED_EDGE('',*,*,#8068,.T.);
#13512 = ORIENTED_EDGE('',*,*,#13382,.T.);
#13513 = ORIENTED_EDGE('',*,*,#12582,.T.);
#13514 = PLANE('',#13515);
#13515 = AXIS2_PLACEMENT_3D('',#13516,#13517,#13518);
#13516 = CARTESIAN_POINT('',(0.68,1.3,0.));
#13517 = DIRECTION('',(0.,1.,0.));
#13518 = DIRECTION('',(0.,-0.,1.));
#13519 = ADVANCED_FACE('',(#13520),#13531,.T.);
#13520 = FACE_BOUND('',#13521,.T.);
#13521 = EDGE_LOOP('',(#13522,#13523,#13524,#13525));
#13522 = ORIENTED_EDGE('',*,*,#12605,.T.);
#13523 = ORIENTED_EDGE('',*,*,#12879,.T.);
#13524 = ORIENTED_EDGE('',*,*,#12837,.T.);
#13525 = ORIENTED_EDGE('',*,*,#13526,.T.);
#13526 = EDGE_CURVE('',#12830,#12606,#13527,.T.);
#13527 = LINE('',#13528,#13529);
#13528 = CARTESIAN_POINT('',(0.,-2.,4.2));
#13529 = VECTOR('',#13530,1.);
#13530 = DIRECTION('',(-1.,0.,0.));
#13531 = PLANE('',#13532);
#13532 = AXIS2_PLACEMENT_3D('',#13533,#13534,#13535);
#13533 = CARTESIAN_POINT('',(0.,0.,4.2));
#13534 = DIRECTION('',(0.,0.,-1.));
#13535 = DIRECTION('',(-1.,0.,0.));
#13536 = ADVANCED_FACE('',(#13537),#13549,.F.);
#13537 = FACE_BOUND('',#13538,.T.);
#13538 = EDGE_LOOP('',(#13539,#13540,#13541,#13547,#13548));
#13539 = ORIENTED_EDGE('',*,*,#13526,.F.);
#13540 = ORIENTED_EDGE('',*,*,#12829,.T.);
#13541 = ORIENTED_EDGE('',*,*,#13542,.F.);
#13542 = EDGE_CURVE('',#10432,#12822,#13543,.T.);
#13543 = LINE('',#13544,#13545);
#13544 = CARTESIAN_POINT('',(-2.,-2.,0.2));
#13545 = VECTOR('',#13546,1.);
#13546 = DIRECTION('',(-0.707106781187,0.,0.707106781187));
#13547 = ORIENTED_EDGE('',*,*,#10431,.F.);
#13548 = ORIENTED_EDGE('',*,*,#12613,.T.);
#13549 = PLANE('',#13550);
#13550 = AXIS2_PLACEMENT_3D('',#13551,#13552,#13553);
#13551 = CARTESIAN_POINT('',(0.95,-2.,0.));
#13552 = DIRECTION('',(0.,-1.,0.));
#13553 = DIRECTION('',(0.,0.,-1.));
#13554 = ADVANCED_FACE('',(#13555),#13567,.F.);
#13555 = FACE_BOUND('',#13556,.T.);
#13556 = EDGE_LOOP('',(#13557,#13558,#13564,#13565,#13566));
#13557 = ORIENTED_EDGE('',*,*,#10713,.F.);
#13558 = ORIENTED_EDGE('',*,*,#13559,.F.);
#13559 = EDGE_CURVE('',#12791,#10706,#13560,.T.);
#13560 = LINE('',#13561,#13562);
#13561 = CARTESIAN_POINT('',(-2.2,2.,0.4));
#13562 = VECTOR('',#13563,1.);
#13563 = DIRECTION('',(0.707106781187,0.,-0.707106781187));
#13564 = ORIENTED_EDGE('',*,*,#12790,.T.);
#13565 = ORIENTED_EDGE('',*,*,#11254,.F.);
#13566 = ORIENTED_EDGE('',*,*,#12620,.T.);
#13567 = PLANE('',#13568);
#13568 = AXIS2_PLACEMENT_3D('',#13569,#13570,#13571);
#13569 = CARTESIAN_POINT('',(-2.55,2.,0.));
#13570 = DIRECTION('',(0.,1.,0.));
#13571 = DIRECTION('',(0.,-0.,1.));
#13572 = ADVANCED_FACE('',(#13573),#13599,.T.);
#13573 = FACE_BOUND('',#13574,.T.);
#13574 = EDGE_LOOP('',(#13575,#13584,#13592,#13598));
#13575 = ORIENTED_EDGE('',*,*,#13576,.T.);
#13576 = EDGE_CURVE('',#12645,#13577,#13579,.T.);
#13577 = VERTEX_POINT('',#13578);
#13578 = CARTESIAN_POINT('',(0.73,-1.645326715276,0.4));
#13579 = ( BOUNDED_CURVE() B_SPLINE_CURVE(3,(#13580,#13581,#13582,#13583
),.UNSPECIFIED.,.F.,.F.) B_SPLINE_CURVE_WITH_KNOTS((4,4),(5.011263120375
,5.12997551114),.PIECEWISE_BEZIER_KNOTS.) CURVE() 
GEOMETRIC_REPRESENTATION_ITEM() RATIONAL_B_SPLINE_CURVE((1.,
0.998825958778,0.998825958778,1.)) REPRESENTATION_ITEM('') );
#13580 = CARTESIAN_POINT('',(0.53,-1.720203476336,0.2));
#13581 = CARTESIAN_POINT('',(0.598109823084,-1.699218629642,
    0.268109823084));
#13582 = CARTESIAN_POINT('',(0.664854851165,-1.674230372044,
    0.334854851165));
#13583 = CARTESIAN_POINT('',(0.73,-1.645326715276,0.4));
#13584 = ORIENTED_EDGE('',*,*,#13585,.T.);
#13585 = EDGE_CURVE('',#13577,#13586,#13588,.T.);
#13586 = VERTEX_POINT('',#13587);
#13587 = CARTESIAN_POINT('',(0.73,-2.,0.4));
#13588 = LINE('',#13589,#13590);
#13589 = CARTESIAN_POINT('',(0.73,-2.,0.4));
#13590 = VECTOR('',#13591,1.);
#13591 = DIRECTION('',(0.,-1.,0.));
#13592 = ORIENTED_EDGE('',*,*,#13593,.T.);
#13593 = EDGE_CURVE('',#13586,#10440,#13594,.T.);
#13594 = LINE('',#13595,#13596);
#13595 = CARTESIAN_POINT('',(0.63,-2.,0.3));
#13596 = VECTOR('',#13597,1.);
#13597 = DIRECTION('',(-0.707106781187,0.,-0.707106781187));
#13598 = ORIENTED_EDGE('',*,*,#12653,.F.);
#13599 = PLANE('',#13600);
#13600 = AXIS2_PLACEMENT_3D('',#13601,#13602,#13603);
#13601 = CARTESIAN_POINT('',(0.63,-1.860101738168,0.3));
#13602 = DIRECTION('',(0.707106781187,0.,-0.707106781187));
#13603 = DIRECTION('',(-0.707106781187,0.,-0.707106781187));
#13604 = ADVANCED_FACE('',(#13605),#13616,.T.);
#13605 = FACE_BOUND('',#13606,.T.);
#13606 = EDGE_LOOP('',(#13607,#13613,#13614,#13615));
#13607 = ORIENTED_EDGE('',*,*,#13608,.T.);
#13608 = EDGE_CURVE('',#12814,#12661,#13609,.T.);
#13609 = LINE('',#13610,#13611);
#13610 = CARTESIAN_POINT('',(-2.1,-1.6,0.3));
#13611 = VECTOR('',#13612,1.);
#13612 = DIRECTION('',(0.707106781187,0.,-0.707106781187));
#13613 = ORIENTED_EDGE('',*,*,#12660,.F.);
#13614 = ORIENTED_EDGE('',*,*,#13542,.T.);
#13615 = ORIENTED_EDGE('',*,*,#12821,.T.);
#13616 = PLANE('',#13617);
#13617 = AXIS2_PLACEMENT_3D('',#13618,#13619,#13620);
#13618 = CARTESIAN_POINT('',(-2.1,-1.8,0.3));
#13619 = DIRECTION('',(-0.707106781187,0.,-0.707106781187));
#13620 = DIRECTION('',(-0.707106781187,0.,0.707106781187));
#13621 = ADVANCED_FACE('',(#13622),#13648,.T.);
#13622 = FACE_BOUND('',#13623,.T.);
#13623 = EDGE_LOOP('',(#13624,#13633,#13634,#13642));
#13624 = ORIENTED_EDGE('',*,*,#13625,.T.);
#13625 = EDGE_CURVE('',#13626,#12693,#13628,.T.);
#13626 = VERTEX_POINT('',#13627);
#13627 = CARTESIAN_POINT('',(0.73,1.645326715276,0.4));
#13628 = ( BOUNDED_CURVE() B_SPLINE_CURVE(3,(#13629,#13630,#13631,#13632
),.UNSPECIFIED.,.F.,.F.) B_SPLINE_CURVE_WITH_KNOTS((4,4),(1.15320979604,
1.271922186805),.PIECEWISE_BEZIER_KNOTS.) CURVE() 
GEOMETRIC_REPRESENTATION_ITEM() RATIONAL_B_SPLINE_CURVE((1.,
0.998825958778,0.998825958778,1.)) REPRESENTATION_ITEM('') );
#13629 = CARTESIAN_POINT('',(0.73,1.645326715276,0.4));
#13630 = CARTESIAN_POINT('',(0.664854851165,1.674230372044,
    0.334854851165));
#13631 = CARTESIAN_POINT('',(0.598109823084,1.699218629642,
    0.268109823084));
#13632 = CARTESIAN_POINT('',(0.53,1.720203476336,0.2));
#13633 = ORIENTED_EDGE('',*,*,#12692,.F.);
#13634 = ORIENTED_EDGE('',*,*,#13635,.T.);
#13635 = EDGE_CURVE('',#10617,#13636,#13638,.T.);
#13636 = VERTEX_POINT('',#13637);
#13637 = CARTESIAN_POINT('',(0.73,2.,0.4));
#13638 = LINE('',#13639,#13640);
#13639 = CARTESIAN_POINT('',(0.53,2.,0.2));
#13640 = VECTOR('',#13641,1.);
#13641 = DIRECTION('',(0.707106781187,0.,0.707106781187));
#13642 = ORIENTED_EDGE('',*,*,#13643,.T.);
#13643 = EDGE_CURVE('',#13636,#13626,#13644,.T.);
#13644 = LINE('',#13645,#13646);
#13645 = CARTESIAN_POINT('',(0.73,-2.,0.4));
#13646 = VECTOR('',#13647,1.);
#13647 = DIRECTION('',(0.,-1.,0.));
#13648 = PLANE('',#13649);
#13649 = AXIS2_PLACEMENT_3D('',#13650,#13651,#13652);
#13650 = CARTESIAN_POINT('',(0.63,1.860101738168,0.3));
#13651 = DIRECTION('',(0.707106781187,0.,-0.707106781187));
#13652 = DIRECTION('',(-0.707106781187,0.,-0.707106781187));
#13653 = ADVANCED_FACE('',(#13654),#13665,.T.);
#13654 = FACE_BOUND('',#13655,.T.);
#13655 = EDGE_LOOP('',(#13656,#13662,#13663,#13664));
#13656 = ORIENTED_EDGE('',*,*,#13657,.T.);
#13657 = EDGE_CURVE('',#12718,#12799,#13658,.T.);
#13658 = LINE('',#13659,#13660);
#13659 = CARTESIAN_POINT('',(-2.1,1.6,0.3));
#13660 = VECTOR('',#13661,1.);
#13661 = DIRECTION('',(-0.707106781187,0.,0.707106781187));
#13662 = ORIENTED_EDGE('',*,*,#12798,.T.);
#13663 = ORIENTED_EDGE('',*,*,#13559,.T.);
#13664 = ORIENTED_EDGE('',*,*,#12725,.F.);
#13665 = PLANE('',#13666);
#13666 = AXIS2_PLACEMENT_3D('',#13667,#13668,#13669);
#13667 = CARTESIAN_POINT('',(-2.1,1.8,0.3));
#13668 = DIRECTION('',(-0.707106781187,0.,-0.707106781187));
#13669 = DIRECTION('',(-0.707106781187,0.,0.707106781187));
#13670 = ADVANCED_FACE('',(#13671),#13682,.T.);
#13671 = FACE_BOUND('',#13672,.T.);
#13672 = EDGE_LOOP('',(#13673,#13674,#13675,#13676));
#13673 = ORIENTED_EDGE('',*,*,#9121,.T.);
#13674 = ORIENTED_EDGE('',*,*,#12740,.F.);
#13675 = ORIENTED_EDGE('',*,*,#8286,.T.);
#13676 = ORIENTED_EDGE('',*,*,#13677,.T.);
#13677 = EDGE_CURVE('',#8279,#9122,#13678,.T.);
#13678 = LINE('',#13679,#13680);
#13679 = CARTESIAN_POINT('',(-3.,2.5,12.5));
#13680 = VECTOR('',#13681,1.);
#13681 = DIRECTION('',(0.,1.,0.));
#13682 = PLANE('',#13683);
#13683 = AXIS2_PLACEMENT_3D('',#13684,#13685,#13686);
#13684 = CARTESIAN_POINT('',(-3.,2.5,0.));
#13685 = DIRECTION('',(-1.,0.,0.));
#13686 = DIRECTION('',(0.,0.,1.));
#13687 = ADVANCED_FACE('',(#13688),#13704,.F.);
#13688 = FACE_BOUND('',#13689,.T.);
#13689 = EDGE_LOOP('',(#13690,#13691,#13692,#13693,#13694,#13695,#13696,
    #13697,#13698));
#13690 = ORIENTED_EDGE('',*,*,#10965,.F.);
#13691 = ORIENTED_EDGE('',*,*,#12806,.T.);
#13692 = ORIENTED_EDGE('',*,*,#13657,.F.);
#13693 = ORIENTED_EDGE('',*,*,#12717,.F.);
#13694 = ORIENTED_EDGE('',*,*,#10672,.F.);
#13695 = ORIENTED_EDGE('',*,*,#8908,.F.);
#13696 = ORIENTED_EDGE('',*,*,#10657,.F.);
#13697 = ORIENTED_EDGE('',*,*,#12682,.F.);
#13698 = ORIENTED_EDGE('',*,*,#13699,.F.);
#13699 = EDGE_CURVE('',#10966,#12683,#13700,.T.);
#13700 = LINE('',#13701,#13702);
#13701 = CARTESIAN_POINT('',(-0.824621125124,1.6,0.));
#13702 = VECTOR('',#13703,1.);
#13703 = DIRECTION('',(0.,0.,-1.));
#13704 = PLANE('',#13705);
#13705 = AXIS2_PLACEMENT_3D('',#13706,#13707,#13708);
#13706 = CARTESIAN_POINT('',(-2.55,1.6,0.));
#13707 = DIRECTION('',(0.,1.,0.));
#13708 = DIRECTION('',(0.,-0.,1.));
#13709 = ADVANCED_FACE('',(#13710),#13722,.F.);
#13710 = FACE_BOUND('',#13711,.T.);
#13711 = EDGE_LOOP('',(#13712,#13713,#13714,#13715,#13716));
#13712 = ORIENTED_EDGE('',*,*,#12668,.F.);
#13713 = ORIENTED_EDGE('',*,*,#13608,.F.);
#13714 = ORIENTED_EDGE('',*,*,#12813,.T.);
#13715 = ORIENTED_EDGE('',*,*,#10949,.F.);
#13716 = ORIENTED_EDGE('',*,*,#13717,.F.);
#13717 = EDGE_CURVE('',#12643,#10941,#13718,.T.);
#13718 = LINE('',#13719,#13720);
#13719 = CARTESIAN_POINT('',(-0.824621125124,-1.6,0.));
#13720 = VECTOR('',#13721,1.);
#13721 = DIRECTION('',(0.,0.,1.));
#13722 = PLANE('',#13723);
#13723 = AXIS2_PLACEMENT_3D('',#13724,#13725,#13726);
#13724 = CARTESIAN_POINT('',(-0.491841085271,-1.6,0.));
#13725 = DIRECTION('',(0.,-1.,0.));
#13726 = DIRECTION('',(0.,0.,-1.));
#13727 = ADVANCED_FACE('',(#13728),#13764,.F.);
#13728 = FACE_BOUND('',#13729,.T.);
#13729 = EDGE_LOOP('',(#13730,#13738,#13746,#13754,#13760,#13761,#13762,
    #13763));
#13730 = ORIENTED_EDGE('',*,*,#13731,.F.);
#13731 = EDGE_CURVE('',#13732,#13010,#13734,.T.);
#13732 = VERTEX_POINT('',#13733);
#13733 = CARTESIAN_POINT('',(-2.43,2.05,12.15));
#13734 = LINE('',#13735,#13736);
#13735 = CARTESIAN_POINT('',(-2.43,2.05,13.85));
#13736 = VECTOR('',#13737,1.);
#13737 = DIRECTION('',(0.,0.,1.));
#13738 = ORIENTED_EDGE('',*,*,#13739,.F.);
#13739 = EDGE_CURVE('',#13740,#13732,#13742,.T.);
#13740 = VERTEX_POINT('',#13741);
#13741 = CARTESIAN_POINT('',(-2.43,-2.25,12.15));
#13742 = LINE('',#13743,#13744);
#13743 = CARTESIAN_POINT('',(-2.43,2.5,12.15));
#13744 = VECTOR('',#13745,1.);
#13745 = DIRECTION('',(0.,1.,0.));
#13746 = ORIENTED_EDGE('',*,*,#13747,.F.);
#13747 = EDGE_CURVE('',#13748,#13740,#13750,.T.);
#13748 = VERTEX_POINT('',#13749);
#13749 = CARTESIAN_POINT('',(-2.43,-2.25,12.5));
#13750 = LINE('',#13751,#13752);
#13751 = CARTESIAN_POINT('',(-2.43,-2.25,13.85));
#13752 = VECTOR('',#13753,1.);
#13753 = DIRECTION('',(0.,0.,-1.));
#13754 = ORIENTED_EDGE('',*,*,#13755,.F.);
#13755 = EDGE_CURVE('',#8271,#13748,#13756,.T.);
#13756 = LINE('',#13757,#13758);
#13757 = CARTESIAN_POINT('',(-2.43,2.5,12.5));
#13758 = VECTOR('',#13759,1.);
#13759 = DIRECTION('',(0.,1.,0.));
#13760 = ORIENTED_EDGE('',*,*,#8270,.F.);
#13761 = ORIENTED_EDGE('',*,*,#12313,.F.);
#13762 = ORIENTED_EDGE('',*,*,#13361,.F.);
#13763 = ORIENTED_EDGE('',*,*,#13017,.T.);
#13764 = PLANE('',#13765);
#13765 = AXIS2_PLACEMENT_3D('',#13766,#13767,#13768);
#13766 = CARTESIAN_POINT('',(-2.43,2.5,13.85));
#13767 = DIRECTION('',(1.,0.,0.));
#13768 = DIRECTION('',(0.,0.,-1.));
#13769 = ADVANCED_FACE('',(#13770),#13804,.T.);
#13770 = FACE_BOUND('',#13771,.T.);
#13771 = EDGE_LOOP('',(#13772,#13773,#13774,#13775,#13784,#13790,#13791,
    #13792,#13793,#13794,#13795,#13796,#13797,#13798));
#13772 = ORIENTED_EDGE('',*,*,#12015,.T.);
#13773 = ORIENTED_EDGE('',*,*,#13203,.T.);
#13774 = ORIENTED_EDGE('',*,*,#13258,.T.);
#13775 = ORIENTED_EDGE('',*,*,#13776,.T.);
#13776 = EDGE_CURVE('',#13251,#13777,#13779,.T.);
#13777 = VERTEX_POINT('',#13778);
#13778 = CARTESIAN_POINT('',(-0.850000000003,1.75,11.49914855055));
#13779 = CIRCLE('',#13780,0.2);
#13780 = AXIS2_PLACEMENT_3D('',#13781,#13782,#13783);
#13781 = CARTESIAN_POINT('',(-1.05,1.75,11.49914855055));
#13782 = DIRECTION('',(-0.,-1.,0.));
#13783 = DIRECTION('',(-1.409462824231E-14,0.,1.));
#13784 = ORIENTED_EDGE('',*,*,#13785,.T.);
#13785 = EDGE_CURVE('',#13777,#12976,#13786,.T.);
#13786 = LINE('',#13787,#13788);
#13787 = CARTESIAN_POINT('',(-0.850000000005,1.75,0.));
#13788 = VECTOR('',#13789,1.);
#13789 = DIRECTION('',(0.,0.,1.));
#13790 = ORIENTED_EDGE('',*,*,#12975,.T.);
#13791 = ORIENTED_EDGE('',*,*,#13062,.T.);
#13792 = ORIENTED_EDGE('',*,*,#13088,.T.);
#13793 = ORIENTED_EDGE('',*,*,#13103,.T.);
#13794 = ORIENTED_EDGE('',*,*,#13137,.F.);
#13795 = ORIENTED_EDGE('',*,*,#13152,.T.);
#13796 = ORIENTED_EDGE('',*,*,#13176,.T.);
#13797 = ORIENTED_EDGE('',*,*,#12214,.T.);
#13798 = ORIENTED_EDGE('',*,*,#13799,.T.);
#13799 = EDGE_CURVE('',#9686,#9493,#13800,.T.);
#13800 = LINE('',#13801,#13802);
#13801 = CARTESIAN_POINT('',(-1.15,1.75,0.));
#13802 = VECTOR('',#13803,1.);
#13803 = DIRECTION('',(0.,0.,1.));
#13804 = PLANE('',#13805);
#13805 = AXIS2_PLACEMENT_3D('',#13806,#13807,#13808);
#13806 = CARTESIAN_POINT('',(0.,1.75,0.));
#13807 = DIRECTION('',(0.,1.,0.));
#13808 = DIRECTION('',(0.,-0.,1.));
#13809 = ADVANCED_FACE('',(#13810),#13829,.T.);
#13810 = FACE_BOUND('',#13811,.T.);
#13811 = EDGE_LOOP('',(#13812,#13813,#13822,#13828));
#13812 = ORIENTED_EDGE('',*,*,#13250,.T.);
#13813 = ORIENTED_EDGE('',*,*,#13814,.T.);
#13814 = EDGE_CURVE('',#13243,#13815,#13817,.T.);
#13815 = VERTEX_POINT('',#13816);
#13816 = CARTESIAN_POINT('',(-0.850000000022,2.050000000054,
    11.49914855055));
#13817 = CIRCLE('',#13818,0.2);
#13818 = AXIS2_PLACEMENT_3D('',#13819,#13820,#13821);
#13819 = CARTESIAN_POINT('',(-1.05,2.050000000002,11.49914855055));
#13820 = DIRECTION('',(0.,-1.,0.));
#13821 = DIRECTION('',(0.,0.,1.));
#13822 = ORIENTED_EDGE('',*,*,#13823,.T.);
#13823 = EDGE_CURVE('',#13815,#13777,#13824,.T.);
#13824 = LINE('',#13825,#13826);
#13825 = CARTESIAN_POINT('',(-0.85,-11.3216,11.49914855055));
#13826 = VECTOR('',#13827,1.);
#13827 = DIRECTION('',(-0.,-1.,-0.));
#13828 = ORIENTED_EDGE('',*,*,#13776,.F.);
#13829 = CYLINDRICAL_SURFACE('',#13830,0.2);
#13830 = AXIS2_PLACEMENT_3D('',#13831,#13832,#13833);
#13831 = CARTESIAN_POINT('',(-1.05,-11.3216,11.49914855055));
#13832 = DIRECTION('',(0.,1.,0.));
#13833 = DIRECTION('',(0.,-0.,1.));
#13834 = ADVANCED_FACE('',(#13835),#13845,.T.);
#13835 = FACE_BOUND('',#13836,.T.);
#13836 = EDGE_LOOP('',(#13837,#13843,#13844));
#13837 = ORIENTED_EDGE('',*,*,#13838,.F.);
#13838 = EDGE_CURVE('',#13815,#13276,#13839,.T.);
#13839 = LINE('',#13840,#13841);
#13840 = CARTESIAN_POINT('',(-0.95,2.15,11.49914855055));
#13841 = VECTOR('',#13842,1.);
#13842 = DIRECTION('',(-0.707106781187,0.707106781187,0.));
#13843 = ORIENTED_EDGE('',*,*,#13814,.F.);
#13844 = ORIENTED_EDGE('',*,*,#13275,.F.);
#13845 = CONICAL_SURFACE('',#13846,0.19999999993,0.785398163299);
#13846 = AXIS2_PLACEMENT_3D('',#13847,#13848,#13849);
#13847 = CARTESIAN_POINT('',(-1.05,2.050000000111,11.49914855055));
#13848 = DIRECTION('',(0.,-1.,0.));
#13849 = DIRECTION('',(0.,0.,-1.));
#13850 = ADVANCED_FACE('',(#13851),#13862,.T.);
#13851 = FACE_BOUND('',#13852,.T.);
#13852 = EDGE_LOOP('',(#13853,#13854,#13860,#13861));
#13853 = ORIENTED_EDGE('',*,*,#13430,.T.);
#13854 = ORIENTED_EDGE('',*,*,#13855,.T.);
#13855 = EDGE_CURVE('',#13423,#8052,#13856,.T.);
#13856 = LINE('',#13857,#13858);
#13857 = CARTESIAN_POINT('',(0.,0.5,9.2));
#13858 = VECTOR('',#13859,1.);
#13859 = DIRECTION('',(-1.,0.,0.));
#13860 = ORIENTED_EDGE('',*,*,#8059,.T.);
#13861 = ORIENTED_EDGE('',*,*,#13506,.T.);
#13862 = PLANE('',#13863);
#13863 = AXIS2_PLACEMENT_3D('',#13864,#13865,#13866);
#13864 = CARTESIAN_POINT('',(0.,0.,9.2));
#13865 = DIRECTION('',(0.,0.,-1.));
#13866 = DIRECTION('',(-1.,0.,0.));
#13867 = ADVANCED_FACE('',(#13868),#13874,.F.);
#13868 = FACE_BOUND('',#13869,.T.);
#13869 = EDGE_LOOP('',(#13870,#13871,#13872,#13873));
#13870 = ORIENTED_EDGE('',*,*,#13422,.T.);
#13871 = ORIENTED_EDGE('',*,*,#13456,.F.);
#13872 = ORIENTED_EDGE('',*,*,#8051,.T.);
#13873 = ORIENTED_EDGE('',*,*,#13855,.F.);
#13874 = PLANE('',#13875);
#13875 = AXIS2_PLACEMENT_3D('',#13876,#13877,#13878);
#13876 = CARTESIAN_POINT('',(1.655342755493,0.5,9.2));
#13877 = DIRECTION('',(0.,1.,0.));
#13878 = DIRECTION('',(0.,-0.,1.));
#13879 = ADVANCED_FACE('',(#13880),#13886,.F.);
#13880 = FACE_BOUND('',#13881,.T.);
#13881 = EDGE_LOOP('',(#13882,#13883,#13884,#13885));
#13882 = ORIENTED_EDGE('',*,*,#13799,.F.);
#13883 = ORIENTED_EDGE('',*,*,#9685,.F.);
#13884 = ORIENTED_EDGE('',*,*,#7993,.T.);
#13885 = ORIENTED_EDGE('',*,*,#9500,.F.);
#13886 = PLANE('',#13887);
#13887 = AXIS2_PLACEMENT_3D('',#13888,#13889,#13890);
#13888 = CARTESIAN_POINT('',(-1.15,2.5,10.525));
#13889 = DIRECTION('',(1.,0.,0.));
#13890 = DIRECTION('',(0.,0.,-1.));
#13891 = ADVANCED_FACE('',(#13892),#13904,.F.);
#13892 = FACE_BOUND('',#13893,.T.);
#13893 = EDGE_LOOP('',(#13894,#13895,#13896,#13897,#13903));
#13894 = ORIENTED_EDGE('',*,*,#13479,.T.);
#13895 = ORIENTED_EDGE('',*,*,#10447,.F.);
#13896 = ORIENTED_EDGE('',*,*,#13593,.F.);
#13897 = ORIENTED_EDGE('',*,*,#13898,.F.);
#13898 = EDGE_CURVE('',#10925,#13586,#13899,.T.);
#13899 = LINE('',#13900,#13901);
#13900 = CARTESIAN_POINT('',(0.73,-2.,0.));
#13901 = VECTOR('',#13902,1.);
#13902 = DIRECTION('',(0.,0.,-1.));
#13903 = ORIENTED_EDGE('',*,*,#10924,.F.);
#13904 = PLANE('',#13905);
#13905 = AXIS2_PLACEMENT_3D('',#13906,#13907,#13908);
#13906 = CARTESIAN_POINT('',(0.95,-2.,0.));
#13907 = DIRECTION('',(0.,-1.,0.));
#13908 = DIRECTION('',(0.,0.,-1.));
#13909 = ADVANCED_FACE('',(#13910),#13921,.F.);
#13910 = FACE_BOUND('',#13911,.F.);
#13911 = EDGE_LOOP('',(#13912,#13913,#13914,#13915));
#13912 = ORIENTED_EDGE('',*,*,#11029,.T.);
#13913 = ORIENTED_EDGE('',*,*,#13496,.F.);
#13914 = ORIENTED_EDGE('',*,*,#10584,.T.);
#13915 = ORIENTED_EDGE('',*,*,#13916,.T.);
#13916 = EDGE_CURVE('',#10585,#11022,#13917,.T.);
#13917 = LINE('',#13918,#13919);
#13918 = CARTESIAN_POINT('',(1.05,1.462019151721,17.));
#13919 = VECTOR('',#13920,1.);
#13920 = DIRECTION('',(0.,0.,1.));
#13921 = CYLINDRICAL_SURFACE('',#13922,1.8);
#13922 = AXIS2_PLACEMENT_3D('',#13923,#13924,#13925);
#13923 = CARTESIAN_POINT('',(0.,0.,17.));
#13924 = DIRECTION('',(0.,0.,1.));
#13925 = DIRECTION('',(1.,0.,-0.));
#13926 = ADVANCED_FACE('',(#13927),#13948,.F.);
#13927 = FACE_BOUND('',#13928,.T.);
#13928 = EDGE_LOOP('',(#13929,#13930,#13931,#13932,#13940,#13946,#13947)
  );
#13929 = ORIENTED_EDGE('',*,*,#13677,.F.);
#13930 = ORIENTED_EDGE('',*,*,#8278,.F.);
#13931 = ORIENTED_EDGE('',*,*,#13755,.T.);
#13932 = ORIENTED_EDGE('',*,*,#13933,.F.);
#13933 = EDGE_CURVE('',#13934,#13748,#13936,.T.);
#13934 = VERTEX_POINT('',#13935);
#13935 = CARTESIAN_POINT('',(-2.65,-2.25,12.5));
#13936 = LINE('',#13937,#13938);
#13937 = CARTESIAN_POINT('',(-3.,-2.25,12.5));
#13938 = VECTOR('',#13939,1.);
#13939 = DIRECTION('',(1.,0.,0.));
#13940 = ORIENTED_EDGE('',*,*,#13941,.F.);
#13941 = EDGE_CURVE('',#11909,#13934,#13942,.T.);
#13942 = LINE('',#13943,#13944);
#13943 = CARTESIAN_POINT('',(-2.65,2.5,12.5));
#13944 = VECTOR('',#13945,1.);
#13945 = DIRECTION('',(-0.,-1.,-0.));
#13946 = ORIENTED_EDGE('',*,*,#11908,.F.);
#13947 = ORIENTED_EDGE('',*,*,#9129,.F.);
#13948 = PLANE('',#13949);
#13949 = AXIS2_PLACEMENT_3D('',#13950,#13951,#13952);
#13950 = CARTESIAN_POINT('',(-3.,2.5,12.5));
#13951 = DIRECTION('',(0.,0.,-1.));
#13952 = DIRECTION('',(-1.,0.,0.));
#13953 = ADVANCED_FACE('',(#13954),#13966,.F.);
#13954 = FACE_BOUND('',#13955,.F.);
#13955 = EDGE_LOOP('',(#13956,#13957,#13958,#13964,#13965));
#13956 = ORIENTED_EDGE('',*,*,#13699,.F.);
#13957 = ORIENTED_EDGE('',*,*,#10973,.T.);
#13958 = ORIENTED_EDGE('',*,*,#13959,.T.);
#13959 = EDGE_CURVE('',#10974,#13626,#13960,.T.);
#13960 = LINE('',#13961,#13962);
#13961 = CARTESIAN_POINT('',(0.73,1.645326715276,17.));
#13962 = VECTOR('',#13963,1.);
#13963 = DIRECTION('',(-0.,-0.,-1.));
#13964 = ORIENTED_EDGE('',*,*,#13625,.T.);
#13965 = ORIENTED_EDGE('',*,*,#12700,.T.);
#13966 = CYLINDRICAL_SURFACE('',#13967,1.8);
#13967 = AXIS2_PLACEMENT_3D('',#13968,#13969,#13970);
#13968 = CARTESIAN_POINT('',(0.,0.,17.));
#13969 = DIRECTION('',(0.,0.,1.));
#13970 = DIRECTION('',(1.,0.,-0.));
#13971 = ADVANCED_FACE('',(#13972),#13984,.F.);
#13972 = FACE_BOUND('',#13973,.F.);
#13973 = EDGE_LOOP('',(#13974,#13980,#13981,#13982,#13983));
#13974 = ORIENTED_EDGE('',*,*,#13975,.T.);
#13975 = EDGE_CURVE('',#13577,#10933,#13976,.T.);
#13976 = LINE('',#13977,#13978);
#13977 = CARTESIAN_POINT('',(0.73,-1.645326715276,17.));
#13978 = VECTOR('',#13979,1.);
#13979 = DIRECTION('',(0.,0.,1.));
#13980 = ORIENTED_EDGE('',*,*,#10940,.T.);
#13981 = ORIENTED_EDGE('',*,*,#13717,.F.);
#13982 = ORIENTED_EDGE('',*,*,#12642,.T.);
#13983 = ORIENTED_EDGE('',*,*,#13576,.T.);
#13984 = CYLINDRICAL_SURFACE('',#13985,1.8);
#13985 = AXIS2_PLACEMENT_3D('',#13986,#13987,#13988);
#13986 = CARTESIAN_POINT('',(0.,0.,17.));
#13987 = DIRECTION('',(0.,0.,1.));
#13988 = DIRECTION('',(1.,0.,-0.));
#13989 = ADVANCED_FACE('',(#13990),#14008,.T.);
#13990 = FACE_BOUND('',#13991,.T.);
#13991 = EDGE_LOOP('',(#13992,#13993,#14001,#14007));
#13992 = ORIENTED_EDGE('',*,*,#13009,.T.);
#13993 = ORIENTED_EDGE('',*,*,#13994,.F.);
#13994 = EDGE_CURVE('',#13995,#13002,#13997,.T.);
#13995 = VERTEX_POINT('',#13996);
#13996 = CARTESIAN_POINT('',(-2.230000000002,2.25,12.15));
#13997 = LINE('',#13998,#13999);
#13998 = CARTESIAN_POINT('',(-2.230000000001,2.25,0.));
#13999 = VECTOR('',#14000,1.);
#14000 = DIRECTION('',(0.,0.,1.));
#14001 = ORIENTED_EDGE('',*,*,#14002,.T.);
#14002 = EDGE_CURVE('',#13995,#13732,#14003,.T.);
#14003 = LINE('',#14004,#14005);
#14004 = CARTESIAN_POINT('',(-2.33,2.15,12.15));
#14005 = VECTOR('',#14006,1.);
#14006 = DIRECTION('',(-0.707106781187,-0.707106781187,0.));
#14007 = ORIENTED_EDGE('',*,*,#13731,.T.);
#14008 = PLANE('',#14009);
#14009 = AXIS2_PLACEMENT_3D('',#14010,#14011,#14012);
#14010 = CARTESIAN_POINT('',(-2.33,2.15,13.));
#14011 = DIRECTION('',(-0.707106781187,0.707106781187,0.));
#14012 = DIRECTION('',(-0.707106781187,-0.707106781187,0.));
#14013 = ADVANCED_FACE('',(#14014),#14040,.F.);
#14014 = FACE_BOUND('',#14015,.T.);
#14015 = EDGE_LOOP('',(#14016,#14024,#14025,#14026,#14032,#14033,#14034)
  );
#14016 = ORIENTED_EDGE('',*,*,#14017,.F.);
#14017 = EDGE_CURVE('',#13740,#14018,#14020,.T.);
#14018 = VERTEX_POINT('',#14019);
#14019 = CARTESIAN_POINT('',(-2.65,-2.25,12.15));
#14020 = LINE('',#14021,#14022);
#14021 = CARTESIAN_POINT('',(-2.43,-2.25,12.15));
#14022 = VECTOR('',#14023,1.);
#14023 = DIRECTION('',(-1.,0.,0.));
#14024 = ORIENTED_EDGE('',*,*,#13739,.T.);
#14025 = ORIENTED_EDGE('',*,*,#14002,.F.);
#14026 = ORIENTED_EDGE('',*,*,#14027,.F.);
#14027 = EDGE_CURVE('',#11861,#13995,#14028,.T.);
#14028 = LINE('',#14029,#14030);
#14029 = CARTESIAN_POINT('',(0.,2.25,12.15));
#14030 = VECTOR('',#14031,1.);
#14031 = DIRECTION('',(-1.,0.,0.));
#14032 = ORIENTED_EDGE('',*,*,#11860,.F.);
#14033 = ORIENTED_EDGE('',*,*,#11883,.F.);
#14034 = ORIENTED_EDGE('',*,*,#14035,.F.);
#14035 = EDGE_CURVE('',#14018,#11884,#14036,.T.);
#14036 = LINE('',#14037,#14038);
#14037 = CARTESIAN_POINT('',(-2.65,2.5,12.15));
#14038 = VECTOR('',#14039,1.);
#14039 = DIRECTION('',(0.,1.,0.));
#14040 = PLANE('',#14041);
#14041 = AXIS2_PLACEMENT_3D('',#14042,#14043,#14044);
#14042 = CARTESIAN_POINT('',(-2.43,2.5,12.15));
#14043 = DIRECTION('',(0.,0.,-1.));
#14044 = DIRECTION('',(-1.,0.,0.));
#14045 = ADVANCED_FACE('',(#14046),#14057,.T.);
#14046 = FACE_BOUND('',#14047,.T.);
#14047 = EDGE_LOOP('',(#14048,#14054,#14055,#14056));
#14048 = ORIENTED_EDGE('',*,*,#14049,.T.);
#14049 = EDGE_CURVE('',#14018,#13934,#14050,.T.);
#14050 = LINE('',#14051,#14052);
#14051 = CARTESIAN_POINT('',(-2.65,-2.25,0.));
#14052 = VECTOR('',#14053,1.);
#14053 = DIRECTION('',(0.,0.,1.));
#14054 = ORIENTED_EDGE('',*,*,#13933,.T.);
#14055 = ORIENTED_EDGE('',*,*,#13747,.T.);
#14056 = ORIENTED_EDGE('',*,*,#14017,.T.);
#14057 = PLANE('',#14058);
#14058 = AXIS2_PLACEMENT_3D('',#14059,#14060,#14061);
#14059 = CARTESIAN_POINT('',(0.,-2.25,0.));
#14060 = DIRECTION('',(0.,1.,0.));
#14061 = DIRECTION('',(0.,-0.,1.));
#14062 = ADVANCED_FACE('',(#14063),#14074,.F.);
#14063 = FACE_BOUND('',#14064,.T.);
#14064 = EDGE_LOOP('',(#14065,#14066,#14067,#14073));
#14065 = ORIENTED_EDGE('',*,*,#13785,.F.);
#14066 = ORIENTED_EDGE('',*,*,#13823,.F.);
#14067 = ORIENTED_EDGE('',*,*,#14068,.F.);
#14068 = EDGE_CURVE('',#12986,#13815,#14069,.T.);
#14069 = LINE('',#14070,#14071);
#14070 = CARTESIAN_POINT('',(-0.85,2.050000000127,11.4));
#14071 = VECTOR('',#14072,1.);
#14072 = DIRECTION('',(-0.,-0.,-1.));
#14073 = ORIENTED_EDGE('',*,*,#12985,.F.);
#14074 = PLANE('',#14075);
#14075 = AXIS2_PLACEMENT_3D('',#14076,#14077,#14078);
#14076 = CARTESIAN_POINT('',(-0.85,2.25,11.4));
#14077 = DIRECTION('',(-1.,0.,0.));
#14078 = DIRECTION('',(0.,0.,1.));
#14079 = ADVANCED_FACE('',(#14080),#14086,.F.);
#14080 = FACE_BOUND('',#14081,.T.);
#14081 = EDGE_LOOP('',(#14082,#14083,#14084,#14085));
#14082 = ORIENTED_EDGE('',*,*,#13585,.F.);
#14083 = ORIENTED_EDGE('',*,*,#13975,.T.);
#14084 = ORIENTED_EDGE('',*,*,#10932,.F.);
#14085 = ORIENTED_EDGE('',*,*,#13898,.T.);
#14086 = PLANE('',#14087);
#14087 = AXIS2_PLACEMENT_3D('',#14088,#14089,#14090);
#14088 = CARTESIAN_POINT('',(0.73,-2.,0.));
#14089 = DIRECTION('',(-1.,0.,0.));
#14090 = DIRECTION('',(0.,0.,1.));
#14091 = ADVANCED_FACE('',(#14092),#14105,.F.);
#14092 = FACE_BOUND('',#14093,.T.);
#14093 = EDGE_LOOP('',(#14094,#14095,#14101,#14102,#14103,#14104));
#14094 = ORIENTED_EDGE('',*,*,#11102,.F.);
#14095 = ORIENTED_EDGE('',*,*,#14096,.F.);
#14096 = EDGE_CURVE('',#10594,#11095,#14097,.T.);
#14097 = LINE('',#14098,#14099);
#14098 = CARTESIAN_POINT('',(1.05,2.,0.));
#14099 = VECTOR('',#14100,1.);
#14100 = DIRECTION('',(0.,0.,1.));
#14101 = ORIENTED_EDGE('',*,*,#10593,.F.);
#14102 = ORIENTED_EDGE('',*,*,#13916,.T.);
#14103 = ORIENTED_EDGE('',*,*,#11021,.F.);
#14104 = ORIENTED_EDGE('',*,*,#12757,.F.);
#14105 = PLANE('',#14106);
#14106 = AXIS2_PLACEMENT_3D('',#14107,#14108,#14109);
#14107 = CARTESIAN_POINT('',(1.05,2.,0.));
#14108 = DIRECTION('',(1.,0.,0.));
#14109 = DIRECTION('',(0.,0.,-1.));
#14110 = ADVANCED_FACE('',(#14111),#14117,.F.);
#14111 = FACE_BOUND('',#14112,.T.);
#14112 = EDGE_LOOP('',(#14113,#14114,#14115,#14116));
#14113 = ORIENTED_EDGE('',*,*,#14049,.F.);
#14114 = ORIENTED_EDGE('',*,*,#14035,.T.);
#14115 = ORIENTED_EDGE('',*,*,#11916,.F.);
#14116 = ORIENTED_EDGE('',*,*,#13941,.T.);
#14117 = PLANE('',#14118);
#14118 = AXIS2_PLACEMENT_3D('',#14119,#14120,#14121);
#14119 = CARTESIAN_POINT('',(-2.65,2.5,12.15));
#14120 = DIRECTION('',(-1.,0.,0.));
#14121 = DIRECTION('',(0.,0.,1.));
#14122 = ADVANCED_FACE('',(#14123),#14136,.F.);
#14123 = FACE_BOUND('',#14124,.T.);
#14124 = EDGE_LOOP('',(#14125,#14126,#14132,#14133,#14134,#14135));
#14125 = ORIENTED_EDGE('',*,*,#13643,.F.);
#14126 = ORIENTED_EDGE('',*,*,#14127,.F.);
#14127 = EDGE_CURVE('',#11087,#13636,#14128,.T.);
#14128 = LINE('',#14129,#14130);
#14129 = CARTESIAN_POINT('',(0.73,2.,0.));
#14130 = VECTOR('',#14131,1.);
#14131 = DIRECTION('',(-0.,-0.,-1.));
#14132 = ORIENTED_EDGE('',*,*,#11086,.F.);
#14133 = ORIENTED_EDGE('',*,*,#12774,.F.);
#14134 = ORIENTED_EDGE('',*,*,#10982,.F.);
#14135 = ORIENTED_EDGE('',*,*,#13959,.T.);
#14136 = PLANE('',#14137);
#14137 = AXIS2_PLACEMENT_3D('',#14138,#14139,#14140);
#14138 = CARTESIAN_POINT('',(0.73,-2.,0.));
#14139 = DIRECTION('',(-1.,0.,0.));
#14140 = DIRECTION('',(0.,0.,1.));
#14141 = ADVANCED_FACE('',(#14142),#14153,.T.);
#14142 = FACE_BOUND('',#14143,.T.);
#14143 = EDGE_LOOP('',(#14144,#14145,#14151,#14152));
#14144 = ORIENTED_EDGE('',*,*,#13838,.T.);
#14145 = ORIENTED_EDGE('',*,*,#14146,.T.);
#14146 = EDGE_CURVE('',#13276,#12994,#14147,.T.);
#14147 = LINE('',#14148,#14149);
#14148 = CARTESIAN_POINT('',(-1.04999999989,2.24999999989,12.67457426552
    ));
#14149 = VECTOR('',#14150,1.);
#14150 = DIRECTION('',(0.,0.,1.));
#14151 = ORIENTED_EDGE('',*,*,#12993,.T.);
#14152 = ORIENTED_EDGE('',*,*,#14068,.T.);
#14153 = PLANE('',#14154);
#14154 = AXIS2_PLACEMENT_3D('',#14155,#14156,#14157);
#14155 = CARTESIAN_POINT('',(-0.95,2.15,12.67457426552));
#14156 = DIRECTION('',(0.707106781187,0.707106781187,0.));
#14157 = DIRECTION('',(-0.707106781187,0.707106781187,0.));
#14158 = ADVANCED_FACE('',(#14159),#14166,.F.);
#14159 = FACE_BOUND('',#14160,.T.);
#14160 = EDGE_LOOP('',(#14161,#14162,#14163,#14164,#14165));
#14161 = ORIENTED_EDGE('',*,*,#13635,.F.);
#14162 = ORIENTED_EDGE('',*,*,#10634,.F.);
#14163 = ORIENTED_EDGE('',*,*,#14096,.T.);
#14164 = ORIENTED_EDGE('',*,*,#11094,.F.);
#14165 = ORIENTED_EDGE('',*,*,#14127,.T.);
#14166 = PLANE('',#14167);
#14167 = AXIS2_PLACEMENT_3D('',#14168,#14169,#14170);
#14168 = CARTESIAN_POINT('',(-2.55,2.,0.));
#14169 = DIRECTION('',(0.,1.,0.));
#14170 = DIRECTION('',(0.,-0.,1.));
#14171 = ADVANCED_FACE('',(#14172),#14182,.T.);
#14172 = FACE_BOUND('',#14173,.T.);
#14173 = EDGE_LOOP('',(#14174,#14175,#14176,#14177,#14178,#14179,#14180,
    #14181));
#14174 = ORIENTED_EDGE('',*,*,#14027,.T.);
#14175 = ORIENTED_EDGE('',*,*,#13994,.T.);
#14176 = ORIENTED_EDGE('',*,*,#13001,.T.);
#14177 = ORIENTED_EDGE('',*,*,#14146,.F.);
#14178 = ORIENTED_EDGE('',*,*,#13286,.T.);
#14179 = ORIENTED_EDGE('',*,*,#11795,.T.);
#14180 = ORIENTED_EDGE('',*,*,#11837,.T.);
#14181 = ORIENTED_EDGE('',*,*,#11868,.T.);
#14182 = PLANE('',#14183);
#14183 = AXIS2_PLACEMENT_3D('',#14184,#14185,#14186);
#14184 = CARTESIAN_POINT('',(0.,2.25,0.));
#14185 = DIRECTION('',(0.,1.,0.));
#14186 = DIRECTION('',(0.,-0.,1.));
#14187 = MANIFOLD_SOLID_BREP('',#14188);
#14188 = CLOSED_SHELL('',(#14189,#14231,#14273,#14315,#14348,#14381,
    #14414,#14635,#14684,#14749,#14774,#14799,#14823,#14847,#14871,
    #14895,#14919,#14943,#14960,#14984,#15008,#15032,#15056,#15080,
    #15104,#15128,#15153,#15178,#15236,#15294,#15319,#15344,#15375,
    #15434,#15463,#15495,#15524,#15576,#15598,#15609,#15660,#15677,
    #15724,#15759,#15794,#15834,#15869,#15881,#15898,#15915,#16015,
    #16044,#16056,#16080,#16105,#16122,#16194,#16211,#16228,#16253,
    #16270,#16294,#16312,#16371,#16396,#16446,#16463,#16481,#16513,
    #16524,#16617,#16629,#16639,#16674,#16729,#16754,#16799));
#14189 = ADVANCED_FACE('',(#14190),#14226,.F.);
#14190 = FACE_BOUND('',#14191,.F.);
#14191 = EDGE_LOOP('',(#14192,#14202,#14211,#14219));
#14192 = ORIENTED_EDGE('',*,*,#14193,.F.);
#14193 = EDGE_CURVE('',#14194,#14196,#14198,.T.);
#14194 = VERTEX_POINT('',#14195);
#14195 = CARTESIAN_POINT('',(1.007494619688,1.751142070027,12.51));
#14196 = VERTEX_POINT('',#14197);
#14197 = CARTESIAN_POINT('',(0.998025194451,1.747928040518,12.51));
#14198 = LINE('',#14199,#14200);
#14199 = CARTESIAN_POINT('',(1.007494619688,1.751142070027,12.51));
#14200 = VECTOR('',#14201,1.);
#14201 = DIRECTION('',(-0.946942523697,-0.321402950849,0.));
#14202 = ORIENTED_EDGE('',*,*,#14203,.F.);
#14203 = EDGE_CURVE('',#14204,#14194,#14206,.T.);
#14204 = VERTEX_POINT('',#14205);
#14205 = CARTESIAN_POINT('',(1.020350737724,1.71326436908,12.55));
#14206 = CIRCLE('',#14207,4.E-02);
#14207 = AXIS2_PLACEMENT_3D('',#14208,#14209,#14210);
#14208 = CARTESIAN_POINT('',(1.007494619688,1.751142070027,12.55));
#14209 = DIRECTION('',(0.94694252368,0.321402950898,0.));
#14210 = DIRECTION('',(0.321402950898,-0.94694252368,0.));
#14211 = ORIENTED_EDGE('',*,*,#14212,.F.);
#14212 = EDGE_CURVE('',#14213,#14204,#14215,.T.);
#14213 = VERTEX_POINT('',#14214);
#14214 = CARTESIAN_POINT('',(1.010881312487,1.710050339571,12.55));
#14215 = LINE('',#14216,#14217);
#14216 = CARTESIAN_POINT('',(0.294064760912,1.4667547338,12.55));
#14217 = VECTOR('',#14218,1.);
#14218 = DIRECTION('',(0.94694252368,0.321402950898,0.));
#14219 = ORIENTED_EDGE('',*,*,#14220,.T.);
#14220 = EDGE_CURVE('',#14213,#14196,#14221,.T.);
#14221 = CIRCLE('',#14222,4.E-02);
#14222 = AXIS2_PLACEMENT_3D('',#14223,#14224,#14225);
#14223 = CARTESIAN_POINT('',(0.998025194451,1.747928040518,12.55));
#14224 = DIRECTION('',(0.94694252368,0.321402950898,0.));
#14225 = DIRECTION('',(0.321402950898,-0.94694252368,0.));
#14226 = CYLINDRICAL_SURFACE('',#14227,4.E-02);
#14227 = AXIS2_PLACEMENT_3D('',#14228,#14229,#14230);
#14228 = CARTESIAN_POINT('',(0.281208642876,1.504632434747,12.55));
#14229 = DIRECTION('',(0.94694252368,0.321402950898,0.));
#14230 = DIRECTION('',(0.321402950898,-0.94694252368,0.));
#14231 = ADVANCED_FACE('',(#14232),#14268,.F.);
#14232 = FACE_BOUND('',#14233,.F.);
#14233 = EDGE_LOOP('',(#14234,#14244,#14253,#14261));
#14234 = ORIENTED_EDGE('',*,*,#14235,.T.);
#14235 = EDGE_CURVE('',#14236,#14238,#14240,.T.);
#14236 = VERTEX_POINT('',#14237);
#14237 = CARTESIAN_POINT('',(1.477779261749,0.178871111135,12.4));
#14238 = VERTEX_POINT('',#14239);
#14239 = CARTESIAN_POINT('',(1.534595813168,0.198155288189,
    12.400000000005));
#14240 = LINE('',#14241,#14242);
#14241 = CARTESIAN_POINT('',(0.481103670731,-0.159412965748,
    12.400000000016));
#14242 = VECTOR('',#14243,1.);
#14243 = DIRECTION('',(0.94694252368,0.321402950898,0.));
#14244 = ORIENTED_EDGE('',*,*,#14245,.F.);
#14245 = EDGE_CURVE('',#14246,#14238,#14248,.T.);
#14246 = VERTEX_POINT('',#14247);
#14247 = CARTESIAN_POINT('',(1.582805901796,5.611495263943E-02,12.55));
#14248 = CIRCLE('',#14249,0.15);
#14249 = AXIS2_PLACEMENT_3D('',#14250,#14251,#14252);
#14250 = CARTESIAN_POINT('',(1.534595459162,0.198156331191,12.55));
#14251 = DIRECTION('',(0.94694252368,0.321402950898,0.));
#14252 = DIRECTION('',(0.321402950898,-0.94694252368,0.));
#14253 = ORIENTED_EDGE('',*,*,#14254,.F.);
#14254 = EDGE_CURVE('',#14255,#14246,#14257,.T.);
#14255 = VERTEX_POINT('',#14256);
#14256 = CARTESIAN_POINT('',(1.525989350377,3.683077558601E-02,12.55));
#14257 = LINE('',#14258,#14259);
#14258 = CARTESIAN_POINT('',(0.529313405352,-0.301452258294,12.55));
#14259 = VECTOR('',#14260,1.);
#14260 = DIRECTION('',(0.94694252368,0.321402950898,0.));
#14261 = ORIENTED_EDGE('',*,*,#14262,.T.);
#14262 = EDGE_CURVE('',#14255,#14236,#14263,.T.);
#14263 = CIRCLE('',#14264,0.15);
#14264 = AXIS2_PLACEMENT_3D('',#14265,#14266,#14267);
#14265 = CARTESIAN_POINT('',(1.477778907742,0.178872154138,12.55));
#14266 = DIRECTION('',(0.94694252368,0.321402950898,0.));
#14267 = DIRECTION('',(0.321402950898,-0.94694252368,0.));
#14268 = CYLINDRICAL_SURFACE('',#14269,0.15);
#14269 = AXIS2_PLACEMENT_3D('',#14270,#14271,#14272);
#14270 = CARTESIAN_POINT('',(0.481102962717,-0.159410879742,12.55));
#14271 = DIRECTION('',(0.94694252368,0.321402950898,0.));
#14272 = DIRECTION('',(0.321402950898,-0.94694252368,0.));
#14273 = ADVANCED_FACE('',(#14274),#14310,.T.);
#14274 = FACE_BOUND('',#14275,.T.);
#14275 = EDGE_LOOP('',(#14276,#14287,#14295,#14304));
#14276 = ORIENTED_EDGE('',*,*,#14277,.T.);
#14277 = EDGE_CURVE('',#14278,#14280,#14282,.T.);
#14278 = VERTEX_POINT('',#14279);
#14279 = CARTESIAN_POINT('',(2.44,-3.6,12.6));
#14280 = VERTEX_POINT('',#14281);
#14281 = CARTESIAN_POINT('',(2.44,-4.1,12.1));
#14282 = CIRCLE('',#14283,0.5);
#14283 = AXIS2_PLACEMENT_3D('',#14284,#14285,#14286);
#14284 = CARTESIAN_POINT('',(2.44,-3.6,12.1));
#14285 = DIRECTION('',(1.,0.,0.));
#14286 = DIRECTION('',(0.,-1.,0.));
#14287 = ORIENTED_EDGE('',*,*,#14288,.T.);
#14288 = EDGE_CURVE('',#14280,#14289,#14291,.T.);
#14289 = VERTEX_POINT('',#14290);
#14290 = CARTESIAN_POINT('',(2.64,-4.1,12.1));
#14291 = LINE('',#14292,#14293);
#14292 = CARTESIAN_POINT('',(2.64,-4.1,12.1));
#14293 = VECTOR('',#14294,1.);
#14294 = DIRECTION('',(1.,0.,0.));
#14295 = ORIENTED_EDGE('',*,*,#14296,.F.);
#14296 = EDGE_CURVE('',#14297,#14289,#14299,.T.);
#14297 = VERTEX_POINT('',#14298);
#14298 = CARTESIAN_POINT('',(2.64,-3.6,12.6));
#14299 = CIRCLE('',#14300,0.5);
#14300 = AXIS2_PLACEMENT_3D('',#14301,#14302,#14303);
#14301 = CARTESIAN_POINT('',(2.64,-3.6,12.1));
#14302 = DIRECTION('',(1.,0.,0.));
#14303 = DIRECTION('',(0.,-1.,0.));
#14304 = ORIENTED_EDGE('',*,*,#14305,.T.);
#14305 = EDGE_CURVE('',#14297,#14278,#14306,.T.);
#14306 = LINE('',#14307,#14308);
#14307 = CARTESIAN_POINT('',(2.64,-3.6,12.6));
#14308 = VECTOR('',#14309,1.);
#14309 = DIRECTION('',(-1.,-0.,-0.));
#14310 = CYLINDRICAL_SURFACE('',#14311,0.5);
#14311 = AXIS2_PLACEMENT_3D('',#14312,#14313,#14314);
#14312 = CARTESIAN_POINT('',(2.64,-3.6,12.1));
#14313 = DIRECTION('',(1.,0.,0.));
#14314 = DIRECTION('',(0.,-1.,0.));
#14315 = ADVANCED_FACE('',(#14316),#14343,.T.);
#14316 = FACE_BOUND('',#14317,.T.);
#14317 = EDGE_LOOP('',(#14318,#14319,#14328,#14336));
#14318 = ORIENTED_EDGE('',*,*,#14288,.F.);
#14319 = ORIENTED_EDGE('',*,*,#14320,.T.);
#14320 = EDGE_CURVE('',#14280,#14321,#14323,.T.);
#14321 = VERTEX_POINT('',#14322);
#14322 = CARTESIAN_POINT('',(2.44,-3.6,11.6));
#14323 = CIRCLE('',#14324,0.5);
#14324 = AXIS2_PLACEMENT_3D('',#14325,#14326,#14327);
#14325 = CARTESIAN_POINT('',(2.44,-3.6,12.1));
#14326 = DIRECTION('',(1.,0.,0.));
#14327 = DIRECTION('',(0.,-1.,0.));
#14328 = ORIENTED_EDGE('',*,*,#14329,.F.);
#14329 = EDGE_CURVE('',#14330,#14321,#14332,.T.);
#14330 = VERTEX_POINT('',#14331);
#14331 = CARTESIAN_POINT('',(2.64,-3.6,11.6));
#14332 = LINE('',#14333,#14334);
#14333 = CARTESIAN_POINT('',(2.54,-3.6,11.6));
#14334 = VECTOR('',#14335,1.);
#14335 = DIRECTION('',(-1.,0.,0.));
#14336 = ORIENTED_EDGE('',*,*,#14337,.F.);
#14337 = EDGE_CURVE('',#14289,#14330,#14338,.T.);
#14338 = CIRCLE('',#14339,0.5);
#14339 = AXIS2_PLACEMENT_3D('',#14340,#14341,#14342);
#14340 = CARTESIAN_POINT('',(2.64,-3.6,12.1));
#14341 = DIRECTION('',(1.,0.,0.));
#14342 = DIRECTION('',(0.,-1.,0.));
#14343 = CYLINDRICAL_SURFACE('',#14344,0.5);
#14344 = AXIS2_PLACEMENT_3D('',#14345,#14346,#14347);
#14345 = CARTESIAN_POINT('',(2.64,-3.6,12.1));
#14346 = DIRECTION('',(1.,0.,0.));
#14347 = DIRECTION('',(0.,-1.,0.));
#14348 = ADVANCED_FACE('',(#14349),#14376,.F.);
#14349 = FACE_BOUND('',#14350,.F.);
#14350 = EDGE_LOOP('',(#14351,#14360,#14368,#14375));
#14351 = ORIENTED_EDGE('',*,*,#14352,.F.);
#14352 = EDGE_CURVE('',#14353,#14246,#14355,.T.);
#14353 = VERTEX_POINT('',#14354);
#14354 = CARTESIAN_POINT('',(1.534595523124,0.19815614274,12.7));
#14355 = CIRCLE('',#14356,0.15);
#14356 = AXIS2_PLACEMENT_3D('',#14357,#14358,#14359);
#14357 = CARTESIAN_POINT('',(1.534595459162,0.198156331191,12.55));
#14358 = DIRECTION('',(0.94694252368,0.321402950898,0.));
#14359 = DIRECTION('',(0.321402950898,-0.94694252368,0.));
#14360 = ORIENTED_EDGE('',*,*,#14361,.T.);
#14361 = EDGE_CURVE('',#14353,#14362,#14364,.T.);
#14362 = VERTEX_POINT('',#14363);
#14363 = CARTESIAN_POINT('',(1.477779206709,0.178871273295,
    12.699999999998));
#14364 = LINE('',#14365,#14366);
#14365 = CARTESIAN_POINT('',(0.481103090642,-0.159411256645,
    12.699999999999));
#14366 = VECTOR('',#14367,1.);
#14367 = DIRECTION('',(-0.94694252368,-0.321402950898,-0.));
#14368 = ORIENTED_EDGE('',*,*,#14369,.T.);
#14369 = EDGE_CURVE('',#14362,#14255,#14370,.T.);
#14370 = CIRCLE('',#14371,0.15);
#14371 = AXIS2_PLACEMENT_3D('',#14372,#14373,#14374);
#14372 = CARTESIAN_POINT('',(1.477778907742,0.178872154138,12.55));
#14373 = DIRECTION('',(0.94694252368,0.321402950898,0.));
#14374 = DIRECTION('',(0.321402950898,-0.94694252368,0.));
#14375 = ORIENTED_EDGE('',*,*,#14254,.T.);
#14376 = CYLINDRICAL_SURFACE('',#14377,0.15);
#14377 = AXIS2_PLACEMENT_3D('',#14378,#14379,#14380);
#14378 = CARTESIAN_POINT('',(0.481102962717,-0.159410879742,12.55));
#14379 = DIRECTION('',(0.94694252368,0.321402950898,0.));
#14380 = DIRECTION('',(0.321402950898,-0.94694252368,0.));
#14381 = ADVANCED_FACE('',(#14382),#14409,.F.);
#14382 = FACE_BOUND('',#14383,.F.);
#14383 = EDGE_LOOP('',(#14384,#14393,#14401,#14408));
#14384 = ORIENTED_EDGE('',*,*,#14385,.F.);
#14385 = EDGE_CURVE('',#14386,#14204,#14388,.T.);
#14386 = VERTEX_POINT('',#14387);
#14387 = CARTESIAN_POINT('',(1.007494619688,1.751142070027,12.59));
#14388 = CIRCLE('',#14389,4.E-02);
#14389 = AXIS2_PLACEMENT_3D('',#14390,#14391,#14392);
#14390 = CARTESIAN_POINT('',(1.007494619688,1.751142070027,12.55));
#14391 = DIRECTION('',(0.94694252368,0.321402950898,0.));
#14392 = DIRECTION('',(0.321402950898,-0.94694252368,0.));
#14393 = ORIENTED_EDGE('',*,*,#14394,.T.);
#14394 = EDGE_CURVE('',#14386,#14395,#14397,.T.);
#14395 = VERTEX_POINT('',#14396);
#14396 = CARTESIAN_POINT('',(0.998025195342,1.747928040821,12.59));
#14397 = LINE('',#14398,#14399);
#14398 = CARTESIAN_POINT('',(0.281208642876,1.504632434747,12.59));
#14399 = VECTOR('',#14400,1.);
#14400 = DIRECTION('',(-0.94694252368,-0.321402950898,-0.));
#14401 = ORIENTED_EDGE('',*,*,#14402,.T.);
#14402 = EDGE_CURVE('',#14395,#14213,#14403,.T.);
#14403 = CIRCLE('',#14404,4.E-02);
#14404 = AXIS2_PLACEMENT_3D('',#14405,#14406,#14407);
#14405 = CARTESIAN_POINT('',(0.998025194451,1.747928040518,12.55));
#14406 = DIRECTION('',(0.94694252368,0.321402950898,0.));
#14407 = DIRECTION('',(0.321402950898,-0.94694252368,0.));
#14408 = ORIENTED_EDGE('',*,*,#14212,.T.);
#14409 = CYLINDRICAL_SURFACE('',#14410,4.E-02);
#14410 = AXIS2_PLACEMENT_3D('',#14411,#14412,#14413);
#14411 = CARTESIAN_POINT('',(0.281208642876,1.504632434747,12.55));
#14412 = DIRECTION('',(0.94694252368,0.321402950898,0.));
#14413 = DIRECTION('',(0.321402950898,-0.94694252368,0.));
#14414 = ADVANCED_FACE('',(#14415),#14630,.T.);
#14415 = FACE_BOUND('',#14416,.T.);
#14416 = EDGE_LOOP('',(#14417,#14427,#14435,#14444,#14452,#14460,#14468,
    #14476,#14485,#14494,#14502,#14510,#14518,#14526,#14534,#14542,
    #14548,#14549,#14550,#14558,#14566,#14574,#14582,#14590,#14598,
    #14606,#14615,#14624));
#14417 = ORIENTED_EDGE('',*,*,#14418,.F.);
#14418 = EDGE_CURVE('',#14419,#14421,#14423,.T.);
#14419 = VERTEX_POINT('',#14420);
#14420 = CARTESIAN_POINT('',(2.64,2.15,11.675));
#14421 = VERTEX_POINT('',#14422);
#14422 = CARTESIAN_POINT('',(2.64,2.15,11.175));
#14423 = LINE('',#14424,#14425);
#14424 = CARTESIAN_POINT('',(2.64,2.15,13.99503423732));
#14425 = VECTOR('',#14426,1.);
#14426 = DIRECTION('',(0.,0.,-1.));
#14427 = ORIENTED_EDGE('',*,*,#14428,.T.);
#14428 = EDGE_CURVE('',#14419,#14429,#14431,.T.);
#14429 = VERTEX_POINT('',#14430);
#14430 = CARTESIAN_POINT('',(2.64,-1.405723885867,11.675));
#14431 = LINE('',#14432,#14433);
#14432 = CARTESIAN_POINT('',(2.64,-2.05,11.675));
#14433 = VECTOR('',#14434,1.);
#14434 = DIRECTION('',(0.,-1.,0.));
#14435 = ORIENTED_EDGE('',*,*,#14436,.T.);
#14436 = EDGE_CURVE('',#14429,#14437,#14439,.T.);
#14437 = VERTEX_POINT('',#14438);
#14438 = CARTESIAN_POINT('',(2.64,-1.405723885867,11.975));
#14439 = CIRCLE('',#14440,0.15);
#14440 = AXIS2_PLACEMENT_3D('',#14441,#14442,#14443);
#14441 = CARTESIAN_POINT('',(2.64,-1.405723885867,11.825));
#14442 = DIRECTION('',(-1.,0.,0.));
#14443 = DIRECTION('',(0.,1.,0.));
#14444 = ORIENTED_EDGE('',*,*,#14445,.T.);
#14445 = EDGE_CURVE('',#14437,#14446,#14448,.T.);
#14446 = VERTEX_POINT('',#14447);
#14447 = CARTESIAN_POINT('',(2.64,-1.405723885867,13.125));
#14448 = LINE('',#14449,#14450);
#14449 = CARTESIAN_POINT('',(2.64,-1.405723885867,12.55));
#14450 = VECTOR('',#14451,1.);
#14451 = DIRECTION('',(0.,0.,1.));
#14452 = ORIENTED_EDGE('',*,*,#14453,.T.);
#14453 = EDGE_CURVE('',#14446,#14454,#14456,.T.);
#14454 = VERTEX_POINT('',#14455);
#14455 = CARTESIAN_POINT('',(2.64,2.15,13.125));
#14456 = LINE('',#14457,#14458);
#14457 = CARTESIAN_POINT('',(2.64,-2.05,13.125));
#14458 = VECTOR('',#14459,1.);
#14459 = DIRECTION('',(0.,1.,0.));
#14460 = ORIENTED_EDGE('',*,*,#14461,.F.);
#14461 = EDGE_CURVE('',#14462,#14454,#14464,.T.);
#14462 = VERTEX_POINT('',#14463);
#14463 = CARTESIAN_POINT('',(2.64,2.15,13.925));
#14464 = LINE('',#14465,#14466);
#14465 = CARTESIAN_POINT('',(2.64,2.15,13.99503423732));
#14466 = VECTOR('',#14467,1.);
#14467 = DIRECTION('',(0.,0.,-1.));
#14468 = ORIENTED_EDGE('',*,*,#14469,.T.);
#14469 = EDGE_CURVE('',#14462,#14470,#14472,.T.);
#14470 = VERTEX_POINT('',#14471);
#14471 = CARTESIAN_POINT('',(2.64,1.42360679775,13.925));
#14472 = LINE('',#14473,#14474);
#14473 = CARTESIAN_POINT('',(2.64,-2.05,13.925));
#14474 = VECTOR('',#14475,1.);
#14475 = DIRECTION('',(0.,-1.,0.));
#14476 = ORIENTED_EDGE('',*,*,#14477,.T.);
#14477 = EDGE_CURVE('',#14470,#14478,#14480,.T.);
#14478 = VERTEX_POINT('',#14479);
#14479 = CARTESIAN_POINT('',(2.64,1.274535599252,13.858333333335));
#14480 = CIRCLE('',#14481,0.2);
#14481 = AXIS2_PLACEMENT_3D('',#14482,#14483,#14484);
#14482 = CARTESIAN_POINT('',(2.64,1.42360679775,13.725));
#14483 = DIRECTION('',(1.,0.,0.));
#14484 = DIRECTION('',(0.,-1.,0.));
#14485 = ORIENTED_EDGE('',*,*,#14486,.T.);
#14486 = EDGE_CURVE('',#14478,#14487,#14489,.T.);
#14487 = VERTEX_POINT('',#14488);
#14488 = CARTESIAN_POINT('',(2.64,1.1,13.925));
#14489 = CIRCLE('',#14490,0.1);
#14490 = AXIS2_PLACEMENT_3D('',#14491,#14492,#14493);
#14491 = CARTESIAN_POINT('',(2.64,1.2,13.925));
#14492 = DIRECTION('',(-1.,0.,0.));
#14493 = DIRECTION('',(0.,1.,0.));
#14494 = ORIENTED_EDGE('',*,*,#14495,.T.);
#14495 = EDGE_CURVE('',#14487,#14496,#14498,.T.);
#14496 = VERTEX_POINT('',#14497);
#14497 = CARTESIAN_POINT('',(2.64,1.1,14.025));
#14498 = LINE('',#14499,#14500);
#14499 = CARTESIAN_POINT('',(2.64,1.1,12.55));
#14500 = VECTOR('',#14501,1.);
#14501 = DIRECTION('',(0.,0.,1.));
#14502 = ORIENTED_EDGE('',*,*,#14503,.T.);
#14503 = EDGE_CURVE('',#14496,#14504,#14506,.T.);
#14504 = VERTEX_POINT('',#14505);
#14505 = CARTESIAN_POINT('',(2.64,0.903620602558,14.025));
#14506 = LINE('',#14507,#14508);
#14507 = CARTESIAN_POINT('',(2.64,-2.05,14.025));
#14508 = VECTOR('',#14509,1.);
#14509 = DIRECTION('',(0.,-1.,0.));
#14510 = ORIENTED_EDGE('',*,*,#14511,.T.);
#14511 = EDGE_CURVE('',#14504,#14512,#14514,.T.);
#14512 = VERTEX_POINT('',#14513);
#14513 = CARTESIAN_POINT('',(2.64,0.6,13.925));
#14514 = LINE('',#14515,#14516);
#14515 = CARTESIAN_POINT('',(2.64,0.903620602558,14.025));
#14516 = VECTOR('',#14517,1.);
#14517 = DIRECTION('',(0.,-0.949809838342,-0.312827861594));
#14518 = ORIENTED_EDGE('',*,*,#14519,.T.);
#14519 = EDGE_CURVE('',#14512,#14520,#14522,.T.);
#14520 = VERTEX_POINT('',#14521);
#14521 = CARTESIAN_POINT('',(2.64,-1.9,13.925));
#14522 = LINE('',#14523,#14524);
#14523 = CARTESIAN_POINT('',(2.64,-2.05,13.925));
#14524 = VECTOR('',#14525,1.);
#14525 = DIRECTION('',(0.,-1.,0.));
#14526 = ORIENTED_EDGE('',*,*,#14527,.T.);
#14527 = EDGE_CURVE('',#14520,#14528,#14530,.T.);
#14528 = VERTEX_POINT('',#14529);
#14529 = CARTESIAN_POINT('',(2.64,-2.1,13.725));
#14530 = LINE('',#14531,#14532);
#14531 = CARTESIAN_POINT('',(2.64,-1.9,13.925));
#14532 = VECTOR('',#14533,1.);
#14533 = DIRECTION('',(0.,-0.707106781187,-0.707106781187));
#14534 = ORIENTED_EDGE('',*,*,#14535,.T.);
#14535 = EDGE_CURVE('',#14528,#14536,#14538,.T.);
#14536 = VERTEX_POINT('',#14537);
#14537 = CARTESIAN_POINT('',(2.64,-2.1,12.6));
#14538 = LINE('',#14539,#14540);
#14539 = CARTESIAN_POINT('',(2.64,-2.1,12.55));
#14540 = VECTOR('',#14541,1.);
#14541 = DIRECTION('',(0.,0.,-1.));
#14542 = ORIENTED_EDGE('',*,*,#14543,.T.);
#14543 = EDGE_CURVE('',#14536,#14297,#14544,.T.);
#14544 = LINE('',#14545,#14546);
#14545 = CARTESIAN_POINT('',(2.64,-2.05,12.6));
#14546 = VECTOR('',#14547,1.);
#14547 = DIRECTION('',(0.,-1.,0.));
#14548 = ORIENTED_EDGE('',*,*,#14296,.T.);
#14549 = ORIENTED_EDGE('',*,*,#14337,.T.);
#14550 = ORIENTED_EDGE('',*,*,#14551,.T.);
#14551 = EDGE_CURVE('',#14330,#14552,#14554,.T.);
#14552 = VERTEX_POINT('',#14553);
#14553 = CARTESIAN_POINT('',(2.64,-2.1,11.6));
#14554 = LINE('',#14555,#14556);
#14555 = CARTESIAN_POINT('',(2.64,-2.05,11.6));
#14556 = VECTOR('',#14557,1.);
#14557 = DIRECTION('',(0.,1.,0.));
#14558 = ORIENTED_EDGE('',*,*,#14559,.T.);
#14559 = EDGE_CURVE('',#14552,#14560,#14562,.T.);
#14560 = VERTEX_POINT('',#14561);
#14561 = CARTESIAN_POINT('',(2.64,-2.1,11.375));
#14562 = LINE('',#14563,#14564);
#14563 = CARTESIAN_POINT('',(2.64,-2.1,12.55));
#14564 = VECTOR('',#14565,1.);
#14565 = DIRECTION('',(0.,0.,-1.));
#14566 = ORIENTED_EDGE('',*,*,#14567,.T.);
#14567 = EDGE_CURVE('',#14560,#14568,#14570,.T.);
#14568 = VERTEX_POINT('',#14569);
#14569 = CARTESIAN_POINT('',(2.64,-1.9,11.175));
#14570 = LINE('',#14571,#14572);
#14571 = CARTESIAN_POINT('',(2.64,-2.1,11.375));
#14572 = VECTOR('',#14573,1.);
#14573 = DIRECTION('',(0.,0.707106781187,-0.707106781187));
#14574 = ORIENTED_EDGE('',*,*,#14575,.T.);
#14575 = EDGE_CURVE('',#14568,#14576,#14578,.T.);
#14576 = VERTEX_POINT('',#14577);
#14577 = CARTESIAN_POINT('',(2.64,0.6,11.175));
#14578 = LINE('',#14579,#14580);
#14579 = CARTESIAN_POINT('',(2.64,-2.05,11.175));
#14580 = VECTOR('',#14581,1.);
#14581 = DIRECTION('',(0.,1.,0.));
#14582 = ORIENTED_EDGE('',*,*,#14583,.T.);
#14583 = EDGE_CURVE('',#14576,#14584,#14586,.T.);
#14584 = VERTEX_POINT('',#14585);
#14585 = CARTESIAN_POINT('',(2.64,0.95,11.075));
#14586 = LINE('',#14587,#14588);
#14587 = CARTESIAN_POINT('',(2.64,0.6,11.175));
#14588 = VECTOR('',#14589,1.);
#14589 = DIRECTION('',(0.,0.961523947641,-0.274721127897));
#14590 = ORIENTED_EDGE('',*,*,#14591,.T.);
#14591 = EDGE_CURVE('',#14584,#14592,#14594,.T.);
#14592 = VERTEX_POINT('',#14593);
#14593 = CARTESIAN_POINT('',(2.64,1.1,11.075));
#14594 = LINE('',#14595,#14596);
#14595 = CARTESIAN_POINT('',(2.64,-2.05,11.075));
#14596 = VECTOR('',#14597,1.);
#14597 = DIRECTION('',(0.,1.,0.));
#14598 = ORIENTED_EDGE('',*,*,#14599,.T.);
#14599 = EDGE_CURVE('',#14592,#14600,#14602,.T.);
#14600 = VERTEX_POINT('',#14601);
#14601 = CARTESIAN_POINT('',(2.64,1.1,11.175));
#14602 = LINE('',#14603,#14604);
#14603 = CARTESIAN_POINT('',(2.64,1.1,12.55));
#14604 = VECTOR('',#14605,1.);
#14605 = DIRECTION('',(0.,0.,1.));
#14606 = ORIENTED_EDGE('',*,*,#14607,.T.);
#14607 = EDGE_CURVE('',#14600,#14608,#14610,.T.);
#14608 = VERTEX_POINT('',#14609);
#14609 = CARTESIAN_POINT('',(2.64,1.27453559925,11.241666666667));
#14610 = CIRCLE('',#14611,0.1);
#14611 = AXIS2_PLACEMENT_3D('',#14612,#14613,#14614);
#14612 = CARTESIAN_POINT('',(2.64,1.2,11.175));
#14613 = DIRECTION('',(-1.,0.,0.));
#14614 = DIRECTION('',(0.,1.,0.));
#14615 = ORIENTED_EDGE('',*,*,#14616,.T.);
#14616 = EDGE_CURVE('',#14608,#14617,#14619,.T.);
#14617 = VERTEX_POINT('',#14618);
#14618 = CARTESIAN_POINT('',(2.64,1.42360679775,11.175));
#14619 = CIRCLE('',#14620,0.2);
#14620 = AXIS2_PLACEMENT_3D('',#14621,#14622,#14623);
#14621 = CARTESIAN_POINT('',(2.64,1.42360679775,11.375));
#14622 = DIRECTION('',(1.,0.,0.));
#14623 = DIRECTION('',(0.,-1.,0.));
#14624 = ORIENTED_EDGE('',*,*,#14625,.T.);
#14625 = EDGE_CURVE('',#14617,#14421,#14626,.T.);
#14626 = LINE('',#14627,#14628);
#14627 = CARTESIAN_POINT('',(2.64,-2.05,11.175));
#14628 = VECTOR('',#14629,1.);
#14629 = DIRECTION('',(0.,1.,0.));
#14630 = PLANE('',#14631);
#14631 = AXIS2_PLACEMENT_3D('',#14632,#14633,#14634);
#14632 = CARTESIAN_POINT('',(2.64,-2.05,12.55));
#14633 = DIRECTION('',(1.,0.,0.));
#14634 = DIRECTION('',(0.,-1.,0.));
#14635 = ADVANCED_FACE('',(#14636),#14679,.F.);
#14636 = FACE_BOUND('',#14637,.T.);
#14637 = EDGE_LOOP('',(#14638,#14639,#14648,#14656,#14665,#14673));
#14638 = ORIENTED_EDGE('',*,*,#14428,.F.);
#14639 = ORIENTED_EDGE('',*,*,#14640,.F.);
#14640 = EDGE_CURVE('',#14641,#14419,#14643,.T.);
#14641 = VERTEX_POINT('',#14642);
#14642 = CARTESIAN_POINT('',(2.39,2.445803989155,11.675));
#14643 = CIRCLE('',#14644,0.3);
#14644 = AXIS2_PLACEMENT_3D('',#14645,#14646,#14647);
#14645 = CARTESIAN_POINT('',(2.34,2.15,11.675));
#14646 = DIRECTION('',(0.,0.,-1.));
#14647 = DIRECTION('',(0.,-1.,0.));
#14648 = ORIENTED_EDGE('',*,*,#14649,.F.);
#14649 = EDGE_CURVE('',#14650,#14641,#14652,.T.);
#14650 = VERTEX_POINT('',#14651);
#14651 = CARTESIAN_POINT('',(2.39,2.236602540378,11.675));
#14652 = LINE('',#14653,#14654);
#14653 = CARTESIAN_POINT('',(2.39,0.394276114133,11.675));
#14654 = VECTOR('',#14655,1.);
#14655 = DIRECTION('',(0.,1.,0.));
#14656 = ORIENTED_EDGE('',*,*,#14657,.T.);
#14657 = EDGE_CURVE('',#14650,#14658,#14660,.T.);
#14658 = VERTEX_POINT('',#14659);
#14659 = CARTESIAN_POINT('',(2.44,2.15,11.675));
#14660 = CIRCLE('',#14661,1.E-01);
#14661 = AXIS2_PLACEMENT_3D('',#14662,#14663,#14664);
#14662 = CARTESIAN_POINT('',(2.34,2.15,11.675));
#14663 = DIRECTION('',(0.,0.,-1.));
#14664 = DIRECTION('',(0.,-1.,0.));
#14665 = ORIENTED_EDGE('',*,*,#14666,.F.);
#14666 = EDGE_CURVE('',#14667,#14658,#14669,.T.);
#14667 = VERTEX_POINT('',#14668);
#14668 = CARTESIAN_POINT('',(2.44,-1.405723885867,11.675));
#14669 = LINE('',#14670,#14671);
#14670 = CARTESIAN_POINT('',(2.44,0.394276114133,11.675));
#14671 = VECTOR('',#14672,1.);
#14672 = DIRECTION('',(0.,1.,0.));
#14673 = ORIENTED_EDGE('',*,*,#14674,.F.);
#14674 = EDGE_CURVE('',#14429,#14667,#14675,.T.);
#14675 = LINE('',#14676,#14677);
#14676 = CARTESIAN_POINT('',(2.44,-1.405723885867,11.675));
#14677 = VECTOR('',#14678,1.);
#14678 = DIRECTION('',(-1.,0.,0.));
#14679 = PLANE('',#14680);
#14680 = AXIS2_PLACEMENT_3D('',#14681,#14682,#14683);
#14681 = CARTESIAN_POINT('',(2.44,0.394276114133,11.675));
#14682 = DIRECTION('',(0.,0.,-1.));
#14683 = DIRECTION('',(0.,-1.,0.));
#14684 = ADVANCED_FACE('',(#14685),#14744,.T.);
#14685 = FACE_BOUND('',#14686,.T.);
#14686 = EDGE_LOOP('',(#14687,#14688,#14696,#14704,#14713,#14721,#14729,
    #14737));
#14687 = ORIENTED_EDGE('',*,*,#14625,.F.);
#14688 = ORIENTED_EDGE('',*,*,#14689,.T.);
#14689 = EDGE_CURVE('',#14617,#14690,#14692,.T.);
#14690 = VERTEX_POINT('',#14691);
#14691 = CARTESIAN_POINT('',(2.44,1.42360679775,11.175));
#14692 = LINE('',#14693,#14694);
#14693 = CARTESIAN_POINT('',(2.54,1.42360679775,11.175));
#14694 = VECTOR('',#14695,1.);
#14695 = DIRECTION('',(-1.,0.,0.));
#14696 = ORIENTED_EDGE('',*,*,#14697,.T.);
#14697 = EDGE_CURVE('',#14690,#14698,#14700,.T.);
#14698 = VERTEX_POINT('',#14699);
#14699 = CARTESIAN_POINT('',(2.44,2.15,11.175));
#14700 = LINE('',#14701,#14702);
#14701 = CARTESIAN_POINT('',(2.44,2.,11.175));
#14702 = VECTOR('',#14703,1.);
#14703 = DIRECTION('',(0.,1.,0.));
#14704 = ORIENTED_EDGE('',*,*,#14705,.T.);
#14705 = EDGE_CURVE('',#14698,#14706,#14708,.T.);
#14706 = VERTEX_POINT('',#14707);
#14707 = CARTESIAN_POINT('',(2.34,2.25,11.175));
#14708 = CIRCLE('',#14709,1.E-01);
#14709 = AXIS2_PLACEMENT_3D('',#14710,#14711,#14712);
#14710 = CARTESIAN_POINT('',(2.34,2.15,11.175));
#14711 = DIRECTION('',(0.,0.,1.));
#14712 = DIRECTION('',(0.,-1.,0.));
#14713 = ORIENTED_EDGE('',*,*,#14714,.T.);
#14714 = EDGE_CURVE('',#14706,#14715,#14717,.T.);
#14715 = VERTEX_POINT('',#14716);
#14716 = CARTESIAN_POINT('',(2.247079632679,2.25,11.175));
#14717 = LINE('',#14718,#14719);
#14718 = CARTESIAN_POINT('',(2.747079632679,2.25,11.175));
#14719 = VECTOR('',#14720,1.);
#14720 = DIRECTION('',(-1.,0.,0.));
#14721 = ORIENTED_EDGE('',*,*,#14722,.T.);
#14722 = EDGE_CURVE('',#14715,#14723,#14725,.T.);
#14723 = VERTEX_POINT('',#14724);
#14724 = CARTESIAN_POINT('',(2.247079632679,2.45,11.175));
#14725 = LINE('',#14726,#14727);
#14726 = CARTESIAN_POINT('',(2.247079632679,2.35,11.175));
#14727 = VECTOR('',#14728,1.);
#14728 = DIRECTION('',(0.,1.,0.));
#14729 = ORIENTED_EDGE('',*,*,#14730,.T.);
#14730 = EDGE_CURVE('',#14723,#14731,#14733,.T.);
#14731 = VERTEX_POINT('',#14732);
#14732 = CARTESIAN_POINT('',(2.34,2.45,11.175));
#14733 = LINE('',#14734,#14735);
#14734 = CARTESIAN_POINT('',(2.747079632679,2.45,11.175));
#14735 = VECTOR('',#14736,1.);
#14736 = DIRECTION('',(1.,0.,0.));
#14737 = ORIENTED_EDGE('',*,*,#14738,.T.);
#14738 = EDGE_CURVE('',#14731,#14421,#14739,.T.);
#14739 = CIRCLE('',#14740,0.3);
#14740 = AXIS2_PLACEMENT_3D('',#14741,#14742,#14743);
#14741 = CARTESIAN_POINT('',(2.34,2.15,11.175));
#14742 = DIRECTION('',(0.,0.,-1.));
#14743 = DIRECTION('',(0.,-1.,0.));
#14744 = PLANE('',#14745);
#14745 = AXIS2_PLACEMENT_3D('',#14746,#14747,#14748);
#14746 = CARTESIAN_POINT('',(2.54,2.,11.175));
#14747 = DIRECTION('',(0.,0.,-1.));
#14748 = DIRECTION('',(0.,-1.,0.));
#14749 = ADVANCED_FACE('',(#14750),#14769,.T.);
#14750 = FACE_BOUND('',#14751,.T.);
#14751 = EDGE_LOOP('',(#14752,#14753,#14754,#14762));
#14752 = ORIENTED_EDGE('',*,*,#14689,.F.);
#14753 = ORIENTED_EDGE('',*,*,#14616,.F.);
#14754 = ORIENTED_EDGE('',*,*,#14755,.T.);
#14755 = EDGE_CURVE('',#14608,#14756,#14758,.T.);
#14756 = VERTEX_POINT('',#14757);
#14757 = CARTESIAN_POINT('',(2.44,1.27453559925,11.241666666667));
#14758 = LINE('',#14759,#14760);
#14759 = CARTESIAN_POINT('',(-3.667795359511,1.274535599249,
    11.241666666667));
#14760 = VECTOR('',#14761,1.);
#14761 = DIRECTION('',(-1.,-0.,-0.));
#14762 = ORIENTED_EDGE('',*,*,#14763,.T.);
#14763 = EDGE_CURVE('',#14756,#14690,#14764,.T.);
#14764 = CIRCLE('',#14765,0.2);
#14765 = AXIS2_PLACEMENT_3D('',#14766,#14767,#14768);
#14766 = CARTESIAN_POINT('',(2.44,1.42360679775,11.375));
#14767 = DIRECTION('',(1.,0.,0.));
#14768 = DIRECTION('',(0.,-1.,0.));
#14769 = CYLINDRICAL_SURFACE('',#14770,0.2);
#14770 = AXIS2_PLACEMENT_3D('',#14771,#14772,#14773);
#14771 = CARTESIAN_POINT('',(-3.667795359511,1.42360679775,11.375));
#14772 = DIRECTION('',(1.,0.,0.));
#14773 = DIRECTION('',(0.,-1.,0.));
#14774 = ADVANCED_FACE('',(#14775),#14794,.F.);
#14775 = FACE_BOUND('',#14776,.F.);
#14776 = EDGE_LOOP('',(#14777,#14778,#14779,#14788));
#14777 = ORIENTED_EDGE('',*,*,#14607,.T.);
#14778 = ORIENTED_EDGE('',*,*,#14755,.T.);
#14779 = ORIENTED_EDGE('',*,*,#14780,.T.);
#14780 = EDGE_CURVE('',#14756,#14781,#14783,.T.);
#14781 = VERTEX_POINT('',#14782);
#14782 = CARTESIAN_POINT('',(2.44,1.1,11.175));
#14783 = CIRCLE('',#14784,0.1);
#14784 = AXIS2_PLACEMENT_3D('',#14785,#14786,#14787);
#14785 = CARTESIAN_POINT('',(2.44,1.2,11.175));
#14786 = DIRECTION('',(1.,0.,0.));
#14787 = DIRECTION('',(-0.,1.,0.));
#14788 = ORIENTED_EDGE('',*,*,#14789,.T.);
#14789 = EDGE_CURVE('',#14781,#14600,#14790,.T.);
#14790 = LINE('',#14791,#14792);
#14791 = CARTESIAN_POINT('',(2.54,1.1,11.175));
#14792 = VECTOR('',#14793,1.);
#14793 = DIRECTION('',(1.,0.,0.));
#14794 = CYLINDRICAL_SURFACE('',#14795,0.1);
#14795 = AXIS2_PLACEMENT_3D('',#14796,#14797,#14798);
#14796 = CARTESIAN_POINT('',(2.54,1.2,11.175));
#14797 = DIRECTION('',(-1.,0.,0.));
#14798 = DIRECTION('',(0.,1.,0.));
#14799 = ADVANCED_FACE('',(#14800),#14818,.T.);
#14800 = FACE_BOUND('',#14801,.T.);
#14801 = EDGE_LOOP('',(#14802,#14803,#14804,#14812));
#14802 = ORIENTED_EDGE('',*,*,#14789,.T.);
#14803 = ORIENTED_EDGE('',*,*,#14599,.F.);
#14804 = ORIENTED_EDGE('',*,*,#14805,.T.);
#14805 = EDGE_CURVE('',#14592,#14806,#14808,.T.);
#14806 = VERTEX_POINT('',#14807);
#14807 = CARTESIAN_POINT('',(2.44,1.1,11.075));
#14808 = LINE('',#14809,#14810);
#14809 = CARTESIAN_POINT('',(2.54,1.1,11.075));
#14810 = VECTOR('',#14811,1.);
#14811 = DIRECTION('',(-1.,0.,0.));
#14812 = ORIENTED_EDGE('',*,*,#14813,.T.);
#14813 = EDGE_CURVE('',#14806,#14781,#14814,.T.);
#14814 = LINE('',#14815,#14816);
#14815 = CARTESIAN_POINT('',(2.44,1.1,11.125));
#14816 = VECTOR('',#14817,1.);
#14817 = DIRECTION('',(0.,0.,1.));
#14818 = PLANE('',#14819);
#14819 = AXIS2_PLACEMENT_3D('',#14820,#14821,#14822);
#14820 = CARTESIAN_POINT('',(2.54,1.1,11.125));
#14821 = DIRECTION('',(0.,1.,0.));
#14822 = DIRECTION('',(0.,0.,-1.));
#14823 = ADVANCED_FACE('',(#14824),#14842,.T.);
#14824 = FACE_BOUND('',#14825,.T.);
#14825 = EDGE_LOOP('',(#14826,#14827,#14828,#14836));
#14826 = ORIENTED_EDGE('',*,*,#14805,.F.);
#14827 = ORIENTED_EDGE('',*,*,#14591,.F.);
#14828 = ORIENTED_EDGE('',*,*,#14829,.T.);
#14829 = EDGE_CURVE('',#14584,#14830,#14832,.T.);
#14830 = VERTEX_POINT('',#14831);
#14831 = CARTESIAN_POINT('',(2.44,0.95,11.075));
#14832 = LINE('',#14833,#14834);
#14833 = CARTESIAN_POINT('',(2.54,0.95,11.075));
#14834 = VECTOR('',#14835,1.);
#14835 = DIRECTION('',(-1.,0.,0.));
#14836 = ORIENTED_EDGE('',*,*,#14837,.T.);
#14837 = EDGE_CURVE('',#14830,#14806,#14838,.T.);
#14838 = LINE('',#14839,#14840);
#14839 = CARTESIAN_POINT('',(2.44,1.025,11.075));
#14840 = VECTOR('',#14841,1.);
#14841 = DIRECTION('',(0.,1.,0.));
#14842 = PLANE('',#14843);
#14843 = AXIS2_PLACEMENT_3D('',#14844,#14845,#14846);
#14844 = CARTESIAN_POINT('',(2.54,1.025,11.075));
#14845 = DIRECTION('',(0.,0.,-1.));
#14846 = DIRECTION('',(0.,-1.,0.));
#14847 = ADVANCED_FACE('',(#14848),#14866,.T.);
#14848 = FACE_BOUND('',#14849,.T.);
#14849 = EDGE_LOOP('',(#14850,#14851,#14852,#14860));
#14850 = ORIENTED_EDGE('',*,*,#14829,.F.);
#14851 = ORIENTED_EDGE('',*,*,#14583,.F.);
#14852 = ORIENTED_EDGE('',*,*,#14853,.T.);
#14853 = EDGE_CURVE('',#14576,#14854,#14856,.T.);
#14854 = VERTEX_POINT('',#14855);
#14855 = CARTESIAN_POINT('',(2.44,0.6,11.175));
#14856 = LINE('',#14857,#14858);
#14857 = CARTESIAN_POINT('',(2.54,0.6,11.175));
#14858 = VECTOR('',#14859,1.);
#14859 = DIRECTION('',(-1.,0.,0.));
#14860 = ORIENTED_EDGE('',*,*,#14861,.T.);
#14861 = EDGE_CURVE('',#14854,#14830,#14862,.T.);
#14862 = LINE('',#14863,#14864);
#14863 = CARTESIAN_POINT('',(2.44,0.775,11.125));
#14864 = VECTOR('',#14865,1.);
#14865 = DIRECTION('',(0.,0.961523947641,-0.274721127897));
#14866 = PLANE('',#14867);
#14867 = AXIS2_PLACEMENT_3D('',#14868,#14869,#14870);
#14868 = CARTESIAN_POINT('',(2.54,0.775,11.125));
#14869 = DIRECTION('',(0.,-0.274721127897,-0.961523947641));
#14870 = DIRECTION('',(0.,-0.961523947641,0.274721127897));
#14871 = ADVANCED_FACE('',(#14872),#14890,.T.);
#14872 = FACE_BOUND('',#14873,.T.);
#14873 = EDGE_LOOP('',(#14874,#14875,#14883,#14889));
#14874 = ORIENTED_EDGE('',*,*,#14575,.F.);
#14875 = ORIENTED_EDGE('',*,*,#14876,.T.);
#14876 = EDGE_CURVE('',#14568,#14877,#14879,.T.);
#14877 = VERTEX_POINT('',#14878);
#14878 = CARTESIAN_POINT('',(2.44,-1.9,11.175));
#14879 = LINE('',#14880,#14881);
#14880 = CARTESIAN_POINT('',(2.54,-1.9,11.175));
#14881 = VECTOR('',#14882,1.);
#14882 = DIRECTION('',(-1.,0.,0.));
#14883 = ORIENTED_EDGE('',*,*,#14884,.T.);
#14884 = EDGE_CURVE('',#14877,#14854,#14885,.T.);
#14885 = LINE('',#14886,#14887);
#14886 = CARTESIAN_POINT('',(2.44,-0.725,11.175));
#14887 = VECTOR('',#14888,1.);
#14888 = DIRECTION('',(0.,1.,0.));
#14889 = ORIENTED_EDGE('',*,*,#14853,.F.);
#14890 = PLANE('',#14891);
#14891 = AXIS2_PLACEMENT_3D('',#14892,#14893,#14894);
#14892 = CARTESIAN_POINT('',(2.54,-0.725,11.175));
#14893 = DIRECTION('',(0.,0.,-1.));
#14894 = DIRECTION('',(0.,-1.,0.));
#14895 = ADVANCED_FACE('',(#14896),#14914,.T.);
#14896 = FACE_BOUND('',#14897,.T.);
#14897 = EDGE_LOOP('',(#14898,#14899,#14900,#14908));
#14898 = ORIENTED_EDGE('',*,*,#14876,.F.);
#14899 = ORIENTED_EDGE('',*,*,#14567,.F.);
#14900 = ORIENTED_EDGE('',*,*,#14901,.T.);
#14901 = EDGE_CURVE('',#14560,#14902,#14904,.T.);
#14902 = VERTEX_POINT('',#14903);
#14903 = CARTESIAN_POINT('',(2.44,-2.1,11.375));
#14904 = LINE('',#14905,#14906);
#14905 = CARTESIAN_POINT('',(2.54,-2.1,11.375));
#14906 = VECTOR('',#14907,1.);
#14907 = DIRECTION('',(-1.,0.,0.));
#14908 = ORIENTED_EDGE('',*,*,#14909,.T.);
#14909 = EDGE_CURVE('',#14902,#14877,#14910,.T.);
#14910 = LINE('',#14911,#14912);
#14911 = CARTESIAN_POINT('',(2.44,-2.,11.275));
#14912 = VECTOR('',#14913,1.);
#14913 = DIRECTION('',(0.,0.707106781187,-0.707106781187));
#14914 = PLANE('',#14915);
#14915 = AXIS2_PLACEMENT_3D('',#14916,#14917,#14918);
#14916 = CARTESIAN_POINT('',(2.54,-2.,11.275));
#14917 = DIRECTION('',(0.,-0.707106781187,-0.707106781187));
#14918 = DIRECTION('',(0.,-0.707106781187,0.707106781187));
#14919 = ADVANCED_FACE('',(#14920),#14938,.F.);
#14920 = FACE_BOUND('',#14921,.T.);
#14921 = EDGE_LOOP('',(#14922,#14930,#14931,#14932));
#14922 = ORIENTED_EDGE('',*,*,#14923,.F.);
#14923 = EDGE_CURVE('',#14902,#14924,#14926,.T.);
#14924 = VERTEX_POINT('',#14925);
#14925 = CARTESIAN_POINT('',(2.44,-2.1,11.6));
#14926 = LINE('',#14927,#14928);
#14927 = CARTESIAN_POINT('',(2.44,-2.1,11.3875));
#14928 = VECTOR('',#14929,1.);
#14929 = DIRECTION('',(0.,0.,1.));
#14930 = ORIENTED_EDGE('',*,*,#14901,.F.);
#14931 = ORIENTED_EDGE('',*,*,#14559,.F.);
#14932 = ORIENTED_EDGE('',*,*,#14933,.F.);
#14933 = EDGE_CURVE('',#14924,#14552,#14934,.T.);
#14934 = LINE('',#14935,#14936);
#14935 = CARTESIAN_POINT('',(2.54,-2.1,11.6));
#14936 = VECTOR('',#14937,1.);
#14937 = DIRECTION('',(1.,0.,0.));
#14938 = PLANE('',#14939);
#14939 = AXIS2_PLACEMENT_3D('',#14940,#14941,#14942);
#14940 = CARTESIAN_POINT('',(2.54,-2.1,11.3875));
#14941 = DIRECTION('',(0.,1.,0.));
#14942 = DIRECTION('',(0.,0.,-1.));
#14943 = ADVANCED_FACE('',(#14944),#14955,.T.);
#14944 = FACE_BOUND('',#14945,.T.);
#14945 = EDGE_LOOP('',(#14946,#14947,#14948,#14949));
#14946 = ORIENTED_EDGE('',*,*,#14933,.T.);
#14947 = ORIENTED_EDGE('',*,*,#14551,.F.);
#14948 = ORIENTED_EDGE('',*,*,#14329,.T.);
#14949 = ORIENTED_EDGE('',*,*,#14950,.T.);
#14950 = EDGE_CURVE('',#14321,#14924,#14951,.T.);
#14951 = LINE('',#14952,#14953);
#14952 = CARTESIAN_POINT('',(2.44,-3.2,11.6));
#14953 = VECTOR('',#14954,1.);
#14954 = DIRECTION('',(0.,1.,0.));
#14955 = PLANE('',#14956);
#14956 = AXIS2_PLACEMENT_3D('',#14957,#14958,#14959);
#14957 = CARTESIAN_POINT('',(2.54,-3.2,11.6));
#14958 = DIRECTION('',(0.,0.,-1.));
#14959 = DIRECTION('',(0.,-1.,0.));
#14960 = ADVANCED_FACE('',(#14961),#14979,.F.);
#14961 = FACE_BOUND('',#14962,.T.);
#14962 = EDGE_LOOP('',(#14963,#14971,#14972,#14973));
#14963 = ORIENTED_EDGE('',*,*,#14964,.F.);
#14964 = EDGE_CURVE('',#14278,#14965,#14967,.T.);
#14965 = VERTEX_POINT('',#14966);
#14966 = CARTESIAN_POINT('',(2.44,-2.1,12.6));
#14967 = LINE('',#14968,#14969);
#14968 = CARTESIAN_POINT('',(2.44,-2.125,12.6));
#14969 = VECTOR('',#14970,1.);
#14970 = DIRECTION('',(0.,1.,0.));
#14971 = ORIENTED_EDGE('',*,*,#14305,.F.);
#14972 = ORIENTED_EDGE('',*,*,#14543,.F.);
#14973 = ORIENTED_EDGE('',*,*,#14974,.F.);
#14974 = EDGE_CURVE('',#14965,#14536,#14975,.T.);
#14975 = LINE('',#14976,#14977);
#14976 = CARTESIAN_POINT('',(2.54,-2.1,12.6));
#14977 = VECTOR('',#14978,1.);
#14978 = DIRECTION('',(1.,0.,0.));
#14979 = PLANE('',#14980);
#14980 = AXIS2_PLACEMENT_3D('',#14981,#14982,#14983);
#14981 = CARTESIAN_POINT('',(2.54,-2.125,12.6));
#14982 = DIRECTION('',(0.,0.,-1.));
#14983 = DIRECTION('',(0.,-1.,0.));
#14984 = ADVANCED_FACE('',(#14985),#15003,.T.);
#14985 = FACE_BOUND('',#14986,.T.);
#14986 = EDGE_LOOP('',(#14987,#14988,#14989,#14997));
#14987 = ORIENTED_EDGE('',*,*,#14974,.T.);
#14988 = ORIENTED_EDGE('',*,*,#14535,.F.);
#14989 = ORIENTED_EDGE('',*,*,#14990,.T.);
#14990 = EDGE_CURVE('',#14528,#14991,#14993,.T.);
#14991 = VERTEX_POINT('',#14992);
#14992 = CARTESIAN_POINT('',(2.44,-2.1,13.725));
#14993 = LINE('',#14994,#14995);
#14994 = CARTESIAN_POINT('',(2.54,-2.1,13.725));
#14995 = VECTOR('',#14996,1.);
#14996 = DIRECTION('',(-1.,0.,0.));
#14997 = ORIENTED_EDGE('',*,*,#14998,.T.);
#14998 = EDGE_CURVE('',#14991,#14965,#14999,.T.);
#14999 = LINE('',#15000,#15001);
#15000 = CARTESIAN_POINT('',(2.44,-2.1,13.2625));
#15001 = VECTOR('',#15002,1.);
#15002 = DIRECTION('',(0.,0.,-1.));
#15003 = PLANE('',#15004);
#15004 = AXIS2_PLACEMENT_3D('',#15005,#15006,#15007);
#15005 = CARTESIAN_POINT('',(2.54,-2.1,13.2625));
#15006 = DIRECTION('',(0.,-1.,0.));
#15007 = DIRECTION('',(0.,0.,1.));
#15008 = ADVANCED_FACE('',(#15009),#15027,.T.);
#15009 = FACE_BOUND('',#15010,.T.);
#15010 = EDGE_LOOP('',(#15011,#15012,#15013,#15021));
#15011 = ORIENTED_EDGE('',*,*,#14990,.F.);
#15012 = ORIENTED_EDGE('',*,*,#14527,.F.);
#15013 = ORIENTED_EDGE('',*,*,#15014,.T.);
#15014 = EDGE_CURVE('',#14520,#15015,#15017,.T.);
#15015 = VERTEX_POINT('',#15016);
#15016 = CARTESIAN_POINT('',(2.44,-1.9,13.925));
#15017 = LINE('',#15018,#15019);
#15018 = CARTESIAN_POINT('',(2.54,-1.9,13.925));
#15019 = VECTOR('',#15020,1.);
#15020 = DIRECTION('',(-1.,0.,0.));
#15021 = ORIENTED_EDGE('',*,*,#15022,.T.);
#15022 = EDGE_CURVE('',#15015,#14991,#15023,.T.);
#15023 = LINE('',#15024,#15025);
#15024 = CARTESIAN_POINT('',(2.44,-2.,13.825));
#15025 = VECTOR('',#15026,1.);
#15026 = DIRECTION('',(-0.,-0.707106781187,-0.707106781187));
#15027 = PLANE('',#15028);
#15028 = AXIS2_PLACEMENT_3D('',#15029,#15030,#15031);
#15029 = CARTESIAN_POINT('',(2.54,-2.,13.825));
#15030 = DIRECTION('',(0.,-0.707106781187,0.707106781187));
#15031 = DIRECTION('',(0.,0.707106781187,0.707106781187));
#15032 = ADVANCED_FACE('',(#15033),#15051,.T.);
#15033 = FACE_BOUND('',#15034,.T.);
#15034 = EDGE_LOOP('',(#15035,#15043,#15044,#15045));
#15035 = ORIENTED_EDGE('',*,*,#15036,.T.);
#15036 = EDGE_CURVE('',#15037,#15015,#15039,.T.);
#15037 = VERTEX_POINT('',#15038);
#15038 = CARTESIAN_POINT('',(2.44,0.6,13.925));
#15039 = LINE('',#15040,#15041);
#15040 = CARTESIAN_POINT('',(2.44,-0.725,13.925));
#15041 = VECTOR('',#15042,1.);
#15042 = DIRECTION('',(-0.,-1.,-0.));
#15043 = ORIENTED_EDGE('',*,*,#15014,.F.);
#15044 = ORIENTED_EDGE('',*,*,#14519,.F.);
#15045 = ORIENTED_EDGE('',*,*,#15046,.T.);
#15046 = EDGE_CURVE('',#14512,#15037,#15047,.T.);
#15047 = LINE('',#15048,#15049);
#15048 = CARTESIAN_POINT('',(2.54,0.6,13.925));
#15049 = VECTOR('',#15050,1.);
#15050 = DIRECTION('',(-1.,0.,0.));
#15051 = PLANE('',#15052);
#15052 = AXIS2_PLACEMENT_3D('',#15053,#15054,#15055);
#15053 = CARTESIAN_POINT('',(2.54,-0.725,13.925));
#15054 = DIRECTION('',(0.,-0.,1.));
#15055 = DIRECTION('',(0.,1.,0.));
#15056 = ADVANCED_FACE('',(#15057),#15075,.T.);
#15057 = FACE_BOUND('',#15058,.T.);
#15058 = EDGE_LOOP('',(#15059,#15060,#15061,#15069));
#15059 = ORIENTED_EDGE('',*,*,#15046,.F.);
#15060 = ORIENTED_EDGE('',*,*,#14511,.F.);
#15061 = ORIENTED_EDGE('',*,*,#15062,.T.);
#15062 = EDGE_CURVE('',#14504,#15063,#15065,.T.);
#15063 = VERTEX_POINT('',#15064);
#15064 = CARTESIAN_POINT('',(2.44,0.903620602558,14.025));
#15065 = LINE('',#15066,#15067);
#15066 = CARTESIAN_POINT('',(2.54,0.903620602558,14.025));
#15067 = VECTOR('',#15068,1.);
#15068 = DIRECTION('',(-1.,0.,0.));
#15069 = ORIENTED_EDGE('',*,*,#15070,.T.);
#15070 = EDGE_CURVE('',#15063,#15037,#15071,.T.);
#15071 = LINE('',#15072,#15073);
#15072 = CARTESIAN_POINT('',(2.44,0.751810301279,13.975));
#15073 = VECTOR('',#15074,1.);
#15074 = DIRECTION('',(-0.,-0.949809838342,-0.312827861594));
#15075 = PLANE('',#15076);
#15076 = AXIS2_PLACEMENT_3D('',#15077,#15078,#15079);
#15077 = CARTESIAN_POINT('',(2.54,0.751810301279,13.975));
#15078 = DIRECTION('',(0.,-0.312827861594,0.949809838342));
#15079 = DIRECTION('',(0.,0.949809838342,0.312827861594));
#15080 = ADVANCED_FACE('',(#15081),#15099,.T.);
#15081 = FACE_BOUND('',#15082,.T.);
#15082 = EDGE_LOOP('',(#15083,#15084,#15085,#15093));
#15083 = ORIENTED_EDGE('',*,*,#15062,.F.);
#15084 = ORIENTED_EDGE('',*,*,#14503,.F.);
#15085 = ORIENTED_EDGE('',*,*,#15086,.T.);
#15086 = EDGE_CURVE('',#14496,#15087,#15089,.T.);
#15087 = VERTEX_POINT('',#15088);
#15088 = CARTESIAN_POINT('',(2.44,1.1,14.025));
#15089 = LINE('',#15090,#15091);
#15090 = CARTESIAN_POINT('',(2.54,1.1,14.025));
#15091 = VECTOR('',#15092,1.);
#15092 = DIRECTION('',(-1.,0.,0.));
#15093 = ORIENTED_EDGE('',*,*,#15094,.T.);
#15094 = EDGE_CURVE('',#15087,#15063,#15095,.T.);
#15095 = LINE('',#15096,#15097);
#15096 = CARTESIAN_POINT('',(2.44,1.001810301279,14.025));
#15097 = VECTOR('',#15098,1.);
#15098 = DIRECTION('',(-0.,-1.,-0.));
#15099 = PLANE('',#15100);
#15100 = AXIS2_PLACEMENT_3D('',#15101,#15102,#15103);
#15101 = CARTESIAN_POINT('',(2.54,1.001810301279,14.025));
#15102 = DIRECTION('',(0.,-0.,1.));
#15103 = DIRECTION('',(0.,1.,0.));
#15104 = ADVANCED_FACE('',(#15105),#15123,.T.);
#15105 = FACE_BOUND('',#15106,.T.);
#15106 = EDGE_LOOP('',(#15107,#15108,#15109,#15117));
#15107 = ORIENTED_EDGE('',*,*,#15086,.F.);
#15108 = ORIENTED_EDGE('',*,*,#14495,.F.);
#15109 = ORIENTED_EDGE('',*,*,#15110,.T.);
#15110 = EDGE_CURVE('',#14487,#15111,#15113,.T.);
#15111 = VERTEX_POINT('',#15112);
#15112 = CARTESIAN_POINT('',(2.44,1.1,13.925));
#15113 = LINE('',#15114,#15115);
#15114 = CARTESIAN_POINT('',(2.54,1.1,13.925));
#15115 = VECTOR('',#15116,1.);
#15116 = DIRECTION('',(-1.,0.,0.));
#15117 = ORIENTED_EDGE('',*,*,#15118,.T.);
#15118 = EDGE_CURVE('',#15111,#15087,#15119,.T.);
#15119 = LINE('',#15120,#15121);
#15120 = CARTESIAN_POINT('',(2.44,1.1,13.975));
#15121 = VECTOR('',#15122,1.);
#15122 = DIRECTION('',(0.,0.,1.));
#15123 = PLANE('',#15124);
#15124 = AXIS2_PLACEMENT_3D('',#15125,#15126,#15127);
#15125 = CARTESIAN_POINT('',(2.54,1.1,13.975));
#15126 = DIRECTION('',(0.,1.,0.));
#15127 = DIRECTION('',(0.,0.,-1.));
#15128 = ADVANCED_FACE('',(#15129),#15148,.F.);
#15129 = FACE_BOUND('',#15130,.F.);
#15130 = EDGE_LOOP('',(#15131,#15140,#15146,#15147));
#15131 = ORIENTED_EDGE('',*,*,#15132,.T.);
#15132 = EDGE_CURVE('',#15111,#15133,#15135,.T.);
#15133 = VERTEX_POINT('',#15134);
#15134 = CARTESIAN_POINT('',(2.44,1.274535599252,13.858333333335));
#15135 = CIRCLE('',#15136,0.1);
#15136 = AXIS2_PLACEMENT_3D('',#15137,#15138,#15139);
#15137 = CARTESIAN_POINT('',(2.44,1.2,13.925));
#15138 = DIRECTION('',(1.,0.,0.));
#15139 = DIRECTION('',(-0.,1.,0.));
#15140 = ORIENTED_EDGE('',*,*,#15141,.T.);
#15141 = EDGE_CURVE('',#15133,#14478,#15142,.T.);
#15142 = LINE('',#15143,#15144);
#15143 = CARTESIAN_POINT('',(2.54,1.274535599254,13.858333333337));
#15144 = VECTOR('',#15145,1.);
#15145 = DIRECTION('',(1.,0.,0.));
#15146 = ORIENTED_EDGE('',*,*,#14486,.T.);
#15147 = ORIENTED_EDGE('',*,*,#15110,.T.);
#15148 = CYLINDRICAL_SURFACE('',#15149,0.1);
#15149 = AXIS2_PLACEMENT_3D('',#15150,#15151,#15152);
#15150 = CARTESIAN_POINT('',(2.54,1.2,13.925));
#15151 = DIRECTION('',(-1.,0.,0.));
#15152 = DIRECTION('',(0.,1.,0.));
#15153 = ADVANCED_FACE('',(#15154),#15173,.T.);
#15154 = FACE_BOUND('',#15155,.T.);
#15155 = EDGE_LOOP('',(#15156,#15157,#15158,#15166));
#15156 = ORIENTED_EDGE('',*,*,#15141,.T.);
#15157 = ORIENTED_EDGE('',*,*,#14477,.F.);
#15158 = ORIENTED_EDGE('',*,*,#15159,.T.);
#15159 = EDGE_CURVE('',#14470,#15160,#15162,.T.);
#15160 = VERTEX_POINT('',#15161);
#15161 = CARTESIAN_POINT('',(2.44,1.42360679775,13.925));
#15162 = LINE('',#15163,#15164);
#15163 = CARTESIAN_POINT('',(-3.667795359511,1.42360679775,13.925));
#15164 = VECTOR('',#15165,1.);
#15165 = DIRECTION('',(-1.,-0.,-0.));
#15166 = ORIENTED_EDGE('',*,*,#15167,.T.);
#15167 = EDGE_CURVE('',#15160,#15133,#15168,.T.);
#15168 = CIRCLE('',#15169,0.2);
#15169 = AXIS2_PLACEMENT_3D('',#15170,#15171,#15172);
#15170 = CARTESIAN_POINT('',(2.44,1.42360679775,13.725));
#15171 = DIRECTION('',(1.,0.,0.));
#15172 = DIRECTION('',(0.,-1.,0.));
#15173 = CYLINDRICAL_SURFACE('',#15174,0.2);
#15174 = AXIS2_PLACEMENT_3D('',#15175,#15176,#15177);
#15175 = CARTESIAN_POINT('',(-3.667795359511,1.42360679775,13.725));
#15176 = DIRECTION('',(1.,0.,0.));
#15177 = DIRECTION('',(0.,-1.,0.));
#15178 = ADVANCED_FACE('',(#15179),#15231,.T.);
#15179 = FACE_BOUND('',#15180,.T.);
#15180 = EDGE_LOOP('',(#15181,#15189,#15190,#15191,#15200,#15208,#15216,
    #15224));
#15181 = ORIENTED_EDGE('',*,*,#15182,.T.);
#15182 = EDGE_CURVE('',#15183,#15160,#15185,.T.);
#15183 = VERTEX_POINT('',#15184);
#15184 = CARTESIAN_POINT('',(2.44,2.15,13.925));
#15185 = LINE('',#15186,#15187);
#15186 = CARTESIAN_POINT('',(2.44,2.,13.925));
#15187 = VECTOR('',#15188,1.);
#15188 = DIRECTION('',(-0.,-1.,-0.));
#15189 = ORIENTED_EDGE('',*,*,#15159,.F.);
#15190 = ORIENTED_EDGE('',*,*,#14469,.F.);
#15191 = ORIENTED_EDGE('',*,*,#15192,.T.);
#15192 = EDGE_CURVE('',#14462,#15193,#15195,.T.);
#15193 = VERTEX_POINT('',#15194);
#15194 = CARTESIAN_POINT('',(2.34,2.45,13.925));
#15195 = CIRCLE('',#15196,0.3);
#15196 = AXIS2_PLACEMENT_3D('',#15197,#15198,#15199);
#15197 = CARTESIAN_POINT('',(2.34,2.15,13.925));
#15198 = DIRECTION('',(0.,0.,1.));
#15199 = DIRECTION('',(0.,-1.,0.));
#15200 = ORIENTED_EDGE('',*,*,#15201,.T.);
#15201 = EDGE_CURVE('',#15193,#15202,#15204,.T.);
#15202 = VERTEX_POINT('',#15203);
#15203 = CARTESIAN_POINT('',(2.247079632679,2.45,13.925));
#15204 = LINE('',#15205,#15206);
#15205 = CARTESIAN_POINT('',(2.747079632679,2.45,13.925));
#15206 = VECTOR('',#15207,1.);
#15207 = DIRECTION('',(-1.,0.,0.));
#15208 = ORIENTED_EDGE('',*,*,#15209,.T.);
#15209 = EDGE_CURVE('',#15202,#15210,#15212,.T.);
#15210 = VERTEX_POINT('',#15211);
#15211 = CARTESIAN_POINT('',(2.247079632679,2.25,13.925));
#15212 = LINE('',#15213,#15214);
#15213 = CARTESIAN_POINT('',(2.247079632679,2.35,13.925));
#15214 = VECTOR('',#15215,1.);
#15215 = DIRECTION('',(-0.,-1.,-0.));
#15216 = ORIENTED_EDGE('',*,*,#15217,.T.);
#15217 = EDGE_CURVE('',#15210,#15218,#15220,.T.);
#15218 = VERTEX_POINT('',#15219);
#15219 = CARTESIAN_POINT('',(2.34,2.25,13.925));
#15220 = LINE('',#15221,#15222);
#15221 = CARTESIAN_POINT('',(2.747079632679,2.25,13.925));
#15222 = VECTOR('',#15223,1.);
#15223 = DIRECTION('',(1.,0.,0.));
#15224 = ORIENTED_EDGE('',*,*,#15225,.T.);
#15225 = EDGE_CURVE('',#15218,#15183,#15226,.T.);
#15226 = CIRCLE('',#15227,1.E-01);
#15227 = AXIS2_PLACEMENT_3D('',#15228,#15229,#15230);
#15228 = CARTESIAN_POINT('',(2.34,2.15,13.925));
#15229 = DIRECTION('',(0.,0.,-1.));
#15230 = DIRECTION('',(0.,-1.,0.));
#15231 = PLANE('',#15232);
#15232 = AXIS2_PLACEMENT_3D('',#15233,#15234,#15235);
#15233 = CARTESIAN_POINT('',(2.54,2.,13.925));
#15234 = DIRECTION('',(0.,-0.,1.));
#15235 = DIRECTION('',(0.,1.,0.));
#15236 = ADVANCED_FACE('',(#15237),#15289,.F.);
#15237 = FACE_BOUND('',#15238,.T.);
#15238 = EDGE_LOOP('',(#15239,#15248,#15249,#15258,#15266,#15274,#15283)
  );
#15239 = ORIENTED_EDGE('',*,*,#15240,.F.);
#15240 = EDGE_CURVE('',#14454,#15241,#15243,.T.);
#15241 = VERTEX_POINT('',#15242);
#15242 = CARTESIAN_POINT('',(2.389999999999,2.445803989156,13.125));
#15243 = CIRCLE('',#15244,0.3);
#15244 = AXIS2_PLACEMENT_3D('',#15245,#15246,#15247);
#15245 = CARTESIAN_POINT('',(2.34,2.15,13.125));
#15246 = DIRECTION('',(0.,0.,1.));
#15247 = DIRECTION('',(1.445602896647E-15,-1.,0.));
#15248 = ORIENTED_EDGE('',*,*,#14453,.F.);
#15249 = ORIENTED_EDGE('',*,*,#15250,.F.);
#15250 = EDGE_CURVE('',#15251,#14446,#15253,.T.);
#15251 = VERTEX_POINT('',#15252);
#15252 = CARTESIAN_POINT('',(2.444470748667,-0.985187932185,13.125));
#15253 = CIRCLE('',#15254,0.55);
#15254 = AXIS2_PLACEMENT_3D('',#15255,#15256,#15257);
#15255 = CARTESIAN_POINT('',(2.09,-1.405723885867,13.125));
#15256 = DIRECTION('',(0.,0.,-1.));
#15257 = DIRECTION('',(0.,-1.,0.));
#15258 = ORIENTED_EDGE('',*,*,#15259,.F.);
#15259 = EDGE_CURVE('',#15260,#15251,#15262,.T.);
#15260 = VERTEX_POINT('',#15261);
#15261 = CARTESIAN_POINT('',(2.44,-0.981419527574,13.125));
#15262 = LINE('',#15263,#15264);
#15263 = CARTESIAN_POINT('',(2.44,-0.981419527574,13.125));
#15264 = VECTOR('',#15265,1.);
#15265 = DIRECTION('',(0.764610824927,-0.644492270245,0.));
#15266 = ORIENTED_EDGE('',*,*,#15267,.F.);
#15267 = EDGE_CURVE('',#15268,#15260,#15270,.T.);
#15268 = VERTEX_POINT('',#15269);
#15269 = CARTESIAN_POINT('',(2.44,2.15,13.125));
#15270 = LINE('',#15271,#15272);
#15271 = CARTESIAN_POINT('',(2.44,2.279099444874,13.125));
#15272 = VECTOR('',#15273,1.);
#15273 = DIRECTION('',(-0.,-1.,-0.));
#15274 = ORIENTED_EDGE('',*,*,#15275,.F.);
#15275 = EDGE_CURVE('',#15276,#15268,#15278,.T.);
#15276 = VERTEX_POINT('',#15277);
#15277 = CARTESIAN_POINT('',(2.356666666666,2.248601329718,13.125));
#15278 = CIRCLE('',#15279,1.E-01);
#15279 = AXIS2_PLACEMENT_3D('',#15280,#15281,#15282);
#15280 = CARTESIAN_POINT('',(2.34,2.15,13.125));
#15281 = DIRECTION('',(0.,0.,-1.));
#15282 = DIRECTION('',(0.,-1.,0.));
#15283 = ORIENTED_EDGE('',*,*,#15284,.F.);
#15284 = EDGE_CURVE('',#15241,#15276,#15285,.T.);
#15285 = LINE('',#15286,#15287);
#15286 = CARTESIAN_POINT('',(2.389999999999,2.445803989155,13.125));
#15287 = VECTOR('',#15288,1.);
#15288 = DIRECTION('',(-0.166666666665,-0.986013297184,0.));
#15289 = PLANE('',#15290);
#15290 = AXIS2_PLACEMENT_3D('',#15291,#15292,#15293);
#15291 = CARTESIAN_POINT('',(2.492752523165,2.279099444874,13.125));
#15292 = DIRECTION('',(0.,-0.,1.));
#15293 = DIRECTION('',(0.,1.,0.));
#15294 = ADVANCED_FACE('',(#15295),#15314,.T.);
#15295 = FACE_BOUND('',#15296,.T.);
#15296 = EDGE_LOOP('',(#15297,#15305,#15306,#15307));
#15297 = ORIENTED_EDGE('',*,*,#15298,.T.);
#15298 = EDGE_CURVE('',#15299,#15251,#15301,.T.);
#15299 = VERTEX_POINT('',#15300);
#15300 = CARTESIAN_POINT('',(2.444470748699,-0.985187932212,11.975));
#15301 = LINE('',#15302,#15303);
#15302 = CARTESIAN_POINT('',(2.444470748699,-0.985187932212,13.125));
#15303 = VECTOR('',#15304,1.);
#15304 = DIRECTION('',(0.,0.,1.));
#15305 = ORIENTED_EDGE('',*,*,#15250,.T.);
#15306 = ORIENTED_EDGE('',*,*,#14445,.F.);
#15307 = ORIENTED_EDGE('',*,*,#15308,.T.);
#15308 = EDGE_CURVE('',#14437,#15299,#15309,.T.);
#15309 = CIRCLE('',#15310,0.55);
#15310 = AXIS2_PLACEMENT_3D('',#15311,#15312,#15313);
#15311 = CARTESIAN_POINT('',(2.09,-1.405723885867,11.975));
#15312 = DIRECTION('',(0.,0.,1.));
#15313 = DIRECTION('',(0.,-1.,0.));
#15314 = CYLINDRICAL_SURFACE('',#15315,0.55);
#15315 = AXIS2_PLACEMENT_3D('',#15316,#15317,#15318);
#15316 = CARTESIAN_POINT('',(2.09,-1.405723885867,13.125));
#15317 = DIRECTION('',(0.,0.,-1.));
#15318 = DIRECTION('',(0.,-1.,0.));
#15319 = ADVANCED_FACE('',(#15320),#15339,.F.);
#15320 = FACE_BOUND('',#15321,.F.);
#15321 = EDGE_LOOP('',(#15322,#15323,#15324,#15332));
#15322 = ORIENTED_EDGE('',*,*,#14674,.F.);
#15323 = ORIENTED_EDGE('',*,*,#14436,.T.);
#15324 = ORIENTED_EDGE('',*,*,#15325,.T.);
#15325 = EDGE_CURVE('',#14437,#15326,#15328,.T.);
#15326 = VERTEX_POINT('',#15327);
#15327 = CARTESIAN_POINT('',(2.44,-1.405723885867,11.975));
#15328 = LINE('',#15329,#15330);
#15329 = CARTESIAN_POINT('',(2.44,-1.405723885867,11.975));
#15330 = VECTOR('',#15331,1.);
#15331 = DIRECTION('',(-1.,0.,0.));
#15332 = ORIENTED_EDGE('',*,*,#15333,.T.);
#15333 = EDGE_CURVE('',#15326,#14667,#15334,.T.);
#15334 = CIRCLE('',#15335,0.15);
#15335 = AXIS2_PLACEMENT_3D('',#15336,#15337,#15338);
#15336 = CARTESIAN_POINT('',(2.44,-1.405723885867,11.825));
#15337 = DIRECTION('',(1.,0.,0.));
#15338 = DIRECTION('',(-0.,1.,0.));
#15339 = CYLINDRICAL_SURFACE('',#15340,0.15);
#15340 = AXIS2_PLACEMENT_3D('',#15341,#15342,#15343);
#15341 = CARTESIAN_POINT('',(2.44,-1.405723885867,11.825));
#15342 = DIRECTION('',(-1.,0.,0.));
#15343 = DIRECTION('',(0.,1.,0.));
#15344 = ADVANCED_FACE('',(#15345),#15370,.T.);
#15345 = FACE_BOUND('',#15346,.T.);
#15346 = EDGE_LOOP('',(#15347,#15348,#15356,#15364));
#15347 = ORIENTED_EDGE('',*,*,#14649,.T.);
#15348 = ORIENTED_EDGE('',*,*,#15349,.T.);
#15349 = EDGE_CURVE('',#14641,#15350,#15352,.T.);
#15350 = VERTEX_POINT('',#15351);
#15351 = CARTESIAN_POINT('',(2.39,2.445803989155,11.975));
#15352 = LINE('',#15353,#15354);
#15353 = CARTESIAN_POINT('',(2.39,2.445803989155,12.55));
#15354 = VECTOR('',#15355,1.);
#15355 = DIRECTION('',(0.,0.,1.));
#15356 = ORIENTED_EDGE('',*,*,#15357,.T.);
#15357 = EDGE_CURVE('',#15350,#15358,#15360,.T.);
#15358 = VERTEX_POINT('',#15359);
#15359 = CARTESIAN_POINT('',(2.39,2.236602540378,11.975));
#15360 = LINE('',#15361,#15362);
#15361 = CARTESIAN_POINT('',(2.39,2.45,11.975));
#15362 = VECTOR('',#15363,1.);
#15363 = DIRECTION('',(0.,-1.,0.));
#15364 = ORIENTED_EDGE('',*,*,#15365,.T.);
#15365 = EDGE_CURVE('',#15358,#14650,#15366,.T.);
#15366 = LINE('',#15367,#15368);
#15367 = CARTESIAN_POINT('',(2.39,2.236602540379,12.55));
#15368 = VECTOR('',#15369,1.);
#15369 = DIRECTION('',(0.,0.,-1.));
#15370 = PLANE('',#15371);
#15371 = AXIS2_PLACEMENT_3D('',#15372,#15373,#15374);
#15372 = CARTESIAN_POINT('',(2.39,2.45,12.55));
#15373 = DIRECTION('',(1.,0.,0.));
#15374 = DIRECTION('',(0.,-1.,0.));
#15375 = ADVANCED_FACE('',(#15376),#15429,.F.);
#15376 = FACE_BOUND('',#15377,.T.);
#15377 = EDGE_LOOP('',(#15378,#15379,#15380,#15381,#15382,#15383,#15384,
    #15385,#15386,#15387,#15388,#15389,#15390,#15391,#15392,#15393,
    #15394,#15395,#15396,#15397,#15398,#15399,#15400,#15406,#15407,
    #15415,#15421,#15422,#15423));
#15378 = ORIENTED_EDGE('',*,*,#14697,.F.);
#15379 = ORIENTED_EDGE('',*,*,#14763,.F.);
#15380 = ORIENTED_EDGE('',*,*,#14780,.T.);
#15381 = ORIENTED_EDGE('',*,*,#14813,.F.);
#15382 = ORIENTED_EDGE('',*,*,#14837,.F.);
#15383 = ORIENTED_EDGE('',*,*,#14861,.F.);
#15384 = ORIENTED_EDGE('',*,*,#14884,.F.);
#15385 = ORIENTED_EDGE('',*,*,#14909,.F.);
#15386 = ORIENTED_EDGE('',*,*,#14923,.T.);
#15387 = ORIENTED_EDGE('',*,*,#14950,.F.);
#15388 = ORIENTED_EDGE('',*,*,#14320,.F.);
#15389 = ORIENTED_EDGE('',*,*,#14277,.F.);
#15390 = ORIENTED_EDGE('',*,*,#14964,.T.);
#15391 = ORIENTED_EDGE('',*,*,#14998,.F.);
#15392 = ORIENTED_EDGE('',*,*,#15022,.F.);
#15393 = ORIENTED_EDGE('',*,*,#15036,.F.);
#15394 = ORIENTED_EDGE('',*,*,#15070,.F.);
#15395 = ORIENTED_EDGE('',*,*,#15094,.F.);
#15396 = ORIENTED_EDGE('',*,*,#15118,.F.);
#15397 = ORIENTED_EDGE('',*,*,#15132,.T.);
#15398 = ORIENTED_EDGE('',*,*,#15167,.F.);
#15399 = ORIENTED_EDGE('',*,*,#15182,.F.);
#15400 = ORIENTED_EDGE('',*,*,#15401,.F.);
#15401 = EDGE_CURVE('',#15268,#15183,#15402,.T.);
#15402 = LINE('',#15403,#15404);
#15403 = CARTESIAN_POINT('',(2.44,2.15,12.55));
#15404 = VECTOR('',#15405,1.);
#15405 = DIRECTION('',(0.,0.,1.));
#15406 = ORIENTED_EDGE('',*,*,#15267,.T.);
#15407 = ORIENTED_EDGE('',*,*,#15408,.F.);
#15408 = EDGE_CURVE('',#15409,#15260,#15411,.T.);
#15409 = VERTEX_POINT('',#15410);
#15410 = CARTESIAN_POINT('',(2.44,-1.405723885867,13.125));
#15411 = LINE('',#15412,#15413);
#15412 = CARTESIAN_POINT('',(2.44,-2.05,13.125));
#15413 = VECTOR('',#15414,1.);
#15414 = DIRECTION('',(0.,1.,0.));
#15415 = ORIENTED_EDGE('',*,*,#15416,.F.);
#15416 = EDGE_CURVE('',#15326,#15409,#15417,.T.);
#15417 = LINE('',#15418,#15419);
#15418 = CARTESIAN_POINT('',(2.44,-1.405723885867,12.55));
#15419 = VECTOR('',#15420,1.);
#15420 = DIRECTION('',(0.,0.,1.));
#15421 = ORIENTED_EDGE('',*,*,#15333,.T.);
#15422 = ORIENTED_EDGE('',*,*,#14666,.T.);
#15423 = ORIENTED_EDGE('',*,*,#15424,.F.);
#15424 = EDGE_CURVE('',#14698,#14658,#15425,.T.);
#15425 = LINE('',#15426,#15427);
#15426 = CARTESIAN_POINT('',(2.44,2.15,12.55));
#15427 = VECTOR('',#15428,1.);
#15428 = DIRECTION('',(0.,0.,1.));
#15429 = PLANE('',#15430);
#15430 = AXIS2_PLACEMENT_3D('',#15431,#15432,#15433);
#15431 = CARTESIAN_POINT('',(2.44,-2.05,12.55));
#15432 = DIRECTION('',(1.,0.,0.));
#15433 = DIRECTION('',(0.,-1.,0.));
#15434 = ADVANCED_FACE('',(#15435),#15458,.T.);
#15435 = FACE_BOUND('',#15436,.T.);
#15436 = EDGE_LOOP('',(#15437,#15445,#15451,#15452));
#15437 = ORIENTED_EDGE('',*,*,#15438,.T.);
#15438 = EDGE_CURVE('',#15439,#15350,#15441,.T.);
#15439 = VERTEX_POINT('',#15440);
#15440 = CARTESIAN_POINT('',(2.356666666666,2.248601329718,11.975));
#15441 = LINE('',#15442,#15443);
#15442 = CARTESIAN_POINT('',(2.373333333333,2.347202659437,11.975));
#15443 = VECTOR('',#15444,1.);
#15444 = DIRECTION('',(0.166666666667,0.986013297183,0.));
#15445 = ORIENTED_EDGE('',*,*,#15446,.T.);
#15446 = EDGE_CURVE('',#15350,#15241,#15447,.T.);
#15447 = LINE('',#15448,#15449);
#15448 = CARTESIAN_POINT('',(2.39,2.445803989156,12.55));
#15449 = VECTOR('',#15450,1.);
#15450 = DIRECTION('',(0.,0.,1.));
#15451 = ORIENTED_EDGE('',*,*,#15284,.T.);
#15452 = ORIENTED_EDGE('',*,*,#15453,.T.);
#15453 = EDGE_CURVE('',#15276,#15439,#15454,.T.);
#15454 = LINE('',#15455,#15456);
#15455 = CARTESIAN_POINT('',(2.356666666666,2.248601329718,12.55));
#15456 = VECTOR('',#15457,1.);
#15457 = DIRECTION('',(0.,0.,-1.));
#15458 = PLANE('',#15459);
#15459 = AXIS2_PLACEMENT_3D('',#15460,#15461,#15462);
#15460 = CARTESIAN_POINT('',(2.373333333333,2.347202659437,12.55));
#15461 = DIRECTION('',(0.986013297183,-0.166666666667,0.));
#15462 = DIRECTION('',(-0.166666666667,-0.986013297183,0.));
#15463 = ADVANCED_FACE('',(#15464),#15490,.F.);
#15464 = FACE_BOUND('',#15465,.T.);
#15465 = EDGE_LOOP('',(#15466,#15474,#15482,#15488,#15489));
#15466 = ORIENTED_EDGE('',*,*,#15467,.F.);
#15467 = EDGE_CURVE('',#15468,#15299,#15470,.T.);
#15468 = VERTEX_POINT('',#15469);
#15469 = CARTESIAN_POINT('',(1.94550772964,-0.564610824831,
    11.975000002134));
#15470 = LINE('',#15471,#15472);
#15471 = CARTESIAN_POINT('',(2.444470748698,-0.985187932212,11.975));
#15472 = VECTOR('',#15473,1.);
#15473 = DIRECTION('',(0.764610824828,-0.644492270361,0.));
#15474 = ORIENTED_EDGE('',*,*,#15475,.F.);
#15475 = EDGE_CURVE('',#15476,#15468,#15478,.T.);
#15476 = VERTEX_POINT('',#15477);
#15477 = CARTESIAN_POINT('',(1.94550772964,-0.564610824831,13.125));
#15478 = LINE('',#15479,#15480);
#15479 = CARTESIAN_POINT('',(1.945507729643,-0.564610824832,13.125));
#15480 = VECTOR('',#15481,1.);
#15481 = DIRECTION('',(0.,0.,-1.));
#15482 = ORIENTED_EDGE('',*,*,#15483,.F.);
#15483 = EDGE_CURVE('',#15260,#15476,#15484,.T.);
#15484 = LINE('',#15485,#15486);
#15485 = CARTESIAN_POINT('',(2.444470748698,-0.985187932212,13.125));
#15486 = VECTOR('',#15487,1.);
#15487 = DIRECTION('',(-0.764610824828,0.644492270361,0.));
#15488 = ORIENTED_EDGE('',*,*,#15259,.T.);
#15489 = ORIENTED_EDGE('',*,*,#15298,.F.);
#15490 = PLANE('',#15491);
#15491 = AXIS2_PLACEMENT_3D('',#15492,#15493,#15494);
#15492 = CARTESIAN_POINT('',(2.444470748698,-0.985187932212,13.125));
#15493 = DIRECTION('',(-0.644492270361,-0.764610824828,0.));
#15494 = DIRECTION('',(-0.764610824828,0.644492270361,0.));
#15495 = ADVANCED_FACE('',(#15496),#15519,.F.);
#15496 = FACE_BOUND('',#15497,.F.);
#15497 = EDGE_LOOP('',(#15498,#15505,#15506,#15507,#15508,#15509,#15515,
    #15516,#15517,#15518));
#15498 = ORIENTED_EDGE('',*,*,#15499,.T.);
#15499 = EDGE_CURVE('',#15439,#15358,#15500,.T.);
#15500 = CIRCLE('',#15501,1.E-01);
#15501 = AXIS2_PLACEMENT_3D('',#15502,#15503,#15504);
#15502 = CARTESIAN_POINT('',(2.34,2.15,11.975));
#15503 = DIRECTION('',(0.,0.,-1.));
#15504 = DIRECTION('',(0.,-1.,0.));
#15505 = ORIENTED_EDGE('',*,*,#15365,.T.);
#15506 = ORIENTED_EDGE('',*,*,#14657,.T.);
#15507 = ORIENTED_EDGE('',*,*,#15424,.F.);
#15508 = ORIENTED_EDGE('',*,*,#14705,.T.);
#15509 = ORIENTED_EDGE('',*,*,#15510,.T.);
#15510 = EDGE_CURVE('',#14706,#15218,#15511,.T.);
#15511 = LINE('',#15512,#15513);
#15512 = CARTESIAN_POINT('',(2.34,2.25,13.99503423732));
#15513 = VECTOR('',#15514,1.);
#15514 = DIRECTION('',(0.,0.,1.));
#15515 = ORIENTED_EDGE('',*,*,#15225,.T.);
#15516 = ORIENTED_EDGE('',*,*,#15401,.F.);
#15517 = ORIENTED_EDGE('',*,*,#15275,.F.);
#15518 = ORIENTED_EDGE('',*,*,#15453,.T.);
#15519 = CYLINDRICAL_SURFACE('',#15520,1.E-01);
#15520 = AXIS2_PLACEMENT_3D('',#15521,#15522,#15523);
#15521 = CARTESIAN_POINT('',(2.34,2.15,13.99503423732));
#15522 = DIRECTION('',(0.,0.,-1.));
#15523 = DIRECTION('',(0.,-1.,0.));
#15524 = ADVANCED_FACE('',(#15525),#15571,.T.);
#15525 = FACE_BOUND('',#15526,.T.);
#15526 = EDGE_LOOP('',(#15527,#15536,#15544,#15553,#15561,#15568,#15569,
    #15570));
#15527 = ORIENTED_EDGE('',*,*,#15528,.T.);
#15528 = EDGE_CURVE('',#15326,#15529,#15531,.T.);
#15529 = VERTEX_POINT('',#15530);
#15530 = CARTESIAN_POINT('',(2.315572294626,-1.138110097177,11.975));
#15531 = CIRCLE('',#15532,0.35);
#15532 = AXIS2_PLACEMENT_3D('',#15533,#15534,#15535);
#15533 = CARTESIAN_POINT('',(2.09,-1.405723885867,11.975));
#15534 = DIRECTION('',(0.,0.,1.));
#15535 = DIRECTION('',(0.,-1.,0.));
#15536 = ORIENTED_EDGE('',*,*,#15537,.T.);
#15537 = EDGE_CURVE('',#15529,#15538,#15540,.T.);
#15538 = VERTEX_POINT('',#15539);
#15539 = CARTESIAN_POINT('',(1.816609275566,-0.717532989794,
    11.975000001198));
#15540 = LINE('',#15541,#15542);
#15541 = CARTESIAN_POINT('',(2.315572294626,-1.138110097177,11.975));
#15542 = VECTOR('',#15543,1.);
#15543 = DIRECTION('',(-0.764610824829,0.644492270361,0.));
#15544 = ORIENTED_EDGE('',*,*,#15545,.F.);
#15545 = EDGE_CURVE('',#15546,#15538,#15548,.T.);
#15546 = VERTEX_POINT('',#15547);
#15547 = CARTESIAN_POINT('',(1.539973465879,-0.380899541782,
    11.975000001198));
#15548 = CIRCLE('',#15549,1.2);
#15549 = AXIS2_PLACEMENT_3D('',#15550,#15551,#15552);
#15550 = CARTESIAN_POINT('',(2.59,0.2,11.975000002396));
#15551 = DIRECTION('',(0.,0.,1.));
#15552 = DIRECTION('',(0.,-1.,0.));
#15553 = ORIENTED_EDGE('',*,*,#15554,.T.);
#15554 = EDGE_CURVE('',#15546,#15555,#15557,.T.);
#15555 = VERTEX_POINT('',#15556);
#15556 = CARTESIAN_POINT('',(1.714977821738,-0.284082831289,
    11.975000010064));
#15557 = LINE('',#15558,#15559);
#15558 = CARTESIAN_POINT('',(1.539971722311,-0.380900506366,11.975));
#15559 = VECTOR('',#15560,1.);
#15560 = DIRECTION('',(0.875021778301,0.484083554254,0.));
#15561 = ORIENTED_EDGE('',*,*,#15562,.T.);
#15562 = EDGE_CURVE('',#15555,#15468,#15563,.T.);
#15563 = CIRCLE('',#15564,1.);
#15564 = AXIS2_PLACEMENT_3D('',#15565,#15566,#15567);
#15565 = CARTESIAN_POINT('',(2.59,0.2,11.975000004267));
#15566 = DIRECTION('',(0.,0.,1.));
#15567 = DIRECTION('',(-1.734723475977E-15,-1.,0.));
#15568 = ORIENTED_EDGE('',*,*,#15467,.T.);
#15569 = ORIENTED_EDGE('',*,*,#15308,.F.);
#15570 = ORIENTED_EDGE('',*,*,#15325,.T.);
#15571 = PLANE('',#15572);
#15572 = AXIS2_PLACEMENT_3D('',#15573,#15574,#15575);
#15573 = CARTESIAN_POINT('',(2.54,-1.097826812227,11.975));
#15574 = DIRECTION('',(0.,0.,-1.));
#15575 = DIRECTION('',(0.,-1.,0.));
#15576 = ADVANCED_FACE('',(#15577),#15593,.T.);
#15577 = FACE_BOUND('',#15578,.T.);
#15578 = EDGE_LOOP('',(#15579,#15580,#15581,#15582,#15583,#15584,#15590,
    #15591,#15592));
#15579 = ORIENTED_EDGE('',*,*,#15446,.F.);
#15580 = ORIENTED_EDGE('',*,*,#15349,.F.);
#15581 = ORIENTED_EDGE('',*,*,#14640,.T.);
#15582 = ORIENTED_EDGE('',*,*,#14418,.T.);
#15583 = ORIENTED_EDGE('',*,*,#14738,.F.);
#15584 = ORIENTED_EDGE('',*,*,#15585,.T.);
#15585 = EDGE_CURVE('',#14731,#15193,#15586,.T.);
#15586 = LINE('',#15587,#15588);
#15587 = CARTESIAN_POINT('',(2.34,2.45,13.99503423732));
#15588 = VECTOR('',#15589,1.);
#15589 = DIRECTION('',(0.,0.,1.));
#15590 = ORIENTED_EDGE('',*,*,#15192,.F.);
#15591 = ORIENTED_EDGE('',*,*,#14461,.T.);
#15592 = ORIENTED_EDGE('',*,*,#15240,.T.);
#15593 = CYLINDRICAL_SURFACE('',#15594,0.3);
#15594 = AXIS2_PLACEMENT_3D('',#15595,#15596,#15597);
#15595 = CARTESIAN_POINT('',(2.34,2.15,13.99503423732));
#15596 = DIRECTION('',(0.,0.,-1.));
#15597 = DIRECTION('',(0.,-1.,0.));
#15598 = ADVANCED_FACE('',(#15599),#15604,.T.);
#15599 = FACE_BOUND('',#15600,.T.);
#15600 = EDGE_LOOP('',(#15601,#15602,#15603));
#15601 = ORIENTED_EDGE('',*,*,#15499,.T.);
#15602 = ORIENTED_EDGE('',*,*,#15357,.F.);
#15603 = ORIENTED_EDGE('',*,*,#15438,.F.);
#15604 = PLANE('',#15605);
#15605 = AXIS2_PLACEMENT_3D('',#15606,#15607,#15608);
#15606 = CARTESIAN_POINT('',(2.492752523165,2.279099444874,11.975));
#15607 = DIRECTION('',(0.,-0.,1.));
#15608 = DIRECTION('',(0.,1.,0.));
#15609 = ADVANCED_FACE('',(#15610),#15655,.F.);
#15610 = FACE_BOUND('',#15611,.T.);
#15611 = EDGE_LOOP('',(#15612,#15613,#15622,#15630,#15639,#15647,#15654)
  );
#15612 = ORIENTED_EDGE('',*,*,#15483,.T.);
#15613 = ORIENTED_EDGE('',*,*,#15614,.F.);
#15614 = EDGE_CURVE('',#15615,#15476,#15617,.T.);
#15615 = VERTEX_POINT('',#15616);
#15616 = CARTESIAN_POINT('',(1.714977877916,-0.284082932836,
    13.124999995255));
#15617 = CIRCLE('',#15618,1.);
#15618 = AXIS2_PLACEMENT_3D('',#15619,#15620,#15621);
#15619 = CARTESIAN_POINT('',(2.59,0.2,13.125));
#15620 = DIRECTION('',(0.,0.,1.));
#15621 = DIRECTION('',(7.806255641896E-15,-1.,0.));
#15622 = ORIENTED_EDGE('',*,*,#15623,.F.);
#15623 = EDGE_CURVE('',#15624,#15615,#15626,.T.);
#15624 = VERTEX_POINT('',#15625);
#15625 = CARTESIAN_POINT('',(1.539973415036,-0.380899449878,
    13.124999993621));
#15626 = LINE('',#15627,#15628);
#15627 = CARTESIAN_POINT('',(1.539973414885,-0.380899449606,13.125));
#15628 = VECTOR('',#15629,1.);
#15629 = DIRECTION('',(0.875022344495,0.484082530809,0.));
#15630 = ORIENTED_EDGE('',*,*,#15631,.F.);
#15631 = EDGE_CURVE('',#15632,#15624,#15634,.T.);
#15632 = VERTEX_POINT('',#15633);
#15633 = CARTESIAN_POINT('',(1.816609275566,-0.717532989794,13.125));
#15634 = CIRCLE('',#15635,1.2);
#15635 = AXIS2_PLACEMENT_3D('',#15636,#15637,#15638);
#15636 = CARTESIAN_POINT('',(2.59,0.2,13.125));
#15637 = DIRECTION('',(0.,0.,-1.));
#15638 = DIRECTION('',(0.,-1.,0.));
#15639 = ORIENTED_EDGE('',*,*,#15640,.F.);
#15640 = EDGE_CURVE('',#15641,#15632,#15643,.T.);
#15641 = VERTEX_POINT('',#15642);
#15642 = CARTESIAN_POINT('',(2.315572294626,-1.138110097177,13.125));
#15643 = LINE('',#15644,#15645);
#15644 = CARTESIAN_POINT('',(2.315572294631,-1.138110097181,13.125));
#15645 = VECTOR('',#15646,1.);
#15646 = DIRECTION('',(-0.764610824828,0.644492270361,0.));
#15647 = ORIENTED_EDGE('',*,*,#15648,.F.);
#15648 = EDGE_CURVE('',#15409,#15641,#15649,.T.);
#15649 = CIRCLE('',#15650,0.35);
#15650 = AXIS2_PLACEMENT_3D('',#15651,#15652,#15653);
#15651 = CARTESIAN_POINT('',(2.09,-1.405723885867,13.125));
#15652 = DIRECTION('',(0.,0.,1.));
#15653 = DIRECTION('',(1.239088197126E-15,-1.,0.));
#15654 = ORIENTED_EDGE('',*,*,#15408,.T.);
#15655 = PLANE('',#15656);
#15656 = AXIS2_PLACEMENT_3D('',#15657,#15658,#15659);
#15657 = CARTESIAN_POINT('',(2.54,-1.277860212534,13.125));
#15658 = DIRECTION('',(0.,0.,-1.));
#15659 = DIRECTION('',(0.,-1.,0.));
#15660 = ADVANCED_FACE('',(#15661),#15672,.F.);
#15661 = FACE_BOUND('',#15662,.F.);
#15662 = EDGE_LOOP('',(#15663,#15664,#15665,#15666));
#15663 = ORIENTED_EDGE('',*,*,#15648,.F.);
#15664 = ORIENTED_EDGE('',*,*,#15416,.F.);
#15665 = ORIENTED_EDGE('',*,*,#15528,.T.);
#15666 = ORIENTED_EDGE('',*,*,#15667,.T.);
#15667 = EDGE_CURVE('',#15529,#15641,#15668,.T.);
#15668 = LINE('',#15669,#15670);
#15669 = CARTESIAN_POINT('',(2.315572294626,-1.138110097177,13.125));
#15670 = VECTOR('',#15671,1.);
#15671 = DIRECTION('',(0.,0.,1.));
#15672 = CYLINDRICAL_SURFACE('',#15673,0.35);
#15673 = AXIS2_PLACEMENT_3D('',#15674,#15675,#15676);
#15674 = CARTESIAN_POINT('',(2.09,-1.405723885867,13.125));
#15675 = DIRECTION('',(0.,0.,-1.));
#15676 = DIRECTION('',(0.,-1.,0.));
#15677 = ADVANCED_FACE('',(#15678),#15719,.F.);
#15678 = FACE_BOUND('',#15679,.F.);
#15679 = EDGE_LOOP('',(#15680,#15690,#15703,#15704,#15705,#15706));
#15680 = ORIENTED_EDGE('',*,*,#15681,.T.);
#15681 = EDGE_CURVE('',#15682,#15684,#15686,.T.);
#15682 = VERTEX_POINT('',#15683);
#15683 = CARTESIAN_POINT('',(1.643057476335,-0.121402950944,
    13.11392724692));
#15684 = VERTEX_POINT('',#15685);
#15685 = CARTESIAN_POINT('',(1.643057476446,-0.121402951271,
    11.986072751205));
#15686 = LINE('',#15687,#15688);
#15687 = CARTESIAN_POINT('',(1.643057476349,-0.121402950984,13.125));
#15688 = VECTOR('',#15689,1.);
#15689 = DIRECTION('',(0.,0.,-1.));
#15690 = ORIENTED_EDGE('',*,*,#15691,.T.);
#15691 = EDGE_CURVE('',#15684,#15555,#15692,.T.);
#15692 = B_SPLINE_CURVE_WITH_KNOTS('',3,(#15693,#15694,#15695,#15696,
    #15697,#15698,#15699,#15700,#15701,#15702),.UNSPECIFIED.,.F.,.F.,(4,
    3,3,4),(2.610869623174E-13,5.471426506581E-05,1.094285322506E-04,
    1.78435896732E-04),.UNSPECIFIED.);
#15693 = CARTESIAN_POINT('',(1.643057476446,-0.121402951271,
    11.986072751205));
#15694 = CARTESIAN_POINT('',(1.648907836628,-0.138639740191,
    11.984935091398));
#15695 = CARTESIAN_POINT('',(1.655231346985,-0.155723070386,
    11.983797017201));
#15696 = CARTESIAN_POINT('',(1.662013935821,-0.172614901324,
    11.982661058079));
#15697 = CARTESIAN_POINT('',(1.668796524802,-0.189506732625,
    11.981525098933));
#15698 = CARTESIAN_POINT('',(1.676043226564,-0.206219602219,
    11.980390410051));
#15699 = CARTESIAN_POINT('',(1.683737927918,-0.222716283938,
    11.979259505767));
#15700 = CARTESIAN_POINT('',(1.693440600006,-0.243517857109,
    11.977833486365));
#15701 = CARTESIAN_POINT('',(1.70386617318,-0.263997551897,
    11.976411972894));
#15702 = CARTESIAN_POINT('',(1.714977821738,-0.284082831289,
    11.975000010064));
#15703 = ORIENTED_EDGE('',*,*,#15562,.T.);
#15704 = ORIENTED_EDGE('',*,*,#15475,.F.);
#15705 = ORIENTED_EDGE('',*,*,#15614,.F.);
#15706 = ORIENTED_EDGE('',*,*,#15707,.T.);
#15707 = EDGE_CURVE('',#15615,#15682,#15708,.T.);
#15708 = B_SPLINE_CURVE_WITH_KNOTS('',3,(#15709,#15710,#15711,#15712,
    #15713,#15714,#15715,#15716,#15717,#15718),.UNSPECIFIED.,.F.,.F.,(4,
    3,3,4),(0.,5.471427628062E-05,1.094285470598E-04,1.784359884834E-04)
  ,.UNSPECIFIED.);
#15709 = CARTESIAN_POINT('',(1.714977877916,-0.284082932836,
    13.124999995255));
#15710 = CARTESIAN_POINT('',(1.706165778883,-0.2681542948,
    13.123880238205));
#15711 = CARTESIAN_POINT('',(1.697785839875,-0.251979253679,
    13.12275458471));
#15712 = CARTESIAN_POINT('',(1.689856676373,-0.235593843998,
    13.121625550309));
#15713 = CARTESIAN_POINT('',(1.681927513362,-0.219208435333,
    13.120496515979));
#15714 = CARTESIAN_POINT('',(1.674443239634,-0.202600494747,
    13.119363261004));
#15715 = CARTESIAN_POINT('',(1.667420493963,-0.185807017874,
    13.118228298693));
#15716 = CARTESIAN_POINT('',(1.658565117574,-0.16463117504,
    13.116797160655));
#15717 = CARTESIAN_POINT('',(1.650434526608,-0.143137793711,
    13.115361788426));
#15718 = CARTESIAN_POINT('',(1.643057476335,-0.121402950944,
    13.11392724692));
#15719 = CYLINDRICAL_SURFACE('',#15720,1.);
#15720 = AXIS2_PLACEMENT_3D('',#15721,#15722,#15723);
#15721 = CARTESIAN_POINT('',(2.59,0.2,13.125));
#15722 = DIRECTION('',(0.,0.,-1.));
#15723 = DIRECTION('',(0.,-1.,0.));
#15724 = ADVANCED_FACE('',(#15725),#15754,.F.);
#15725 = FACE_BOUND('',#15726,.T.);
#15726 = EDGE_LOOP('',(#15727,#15736,#15737,#15738,#15739,#15748));
#15727 = ORIENTED_EDGE('',*,*,#15728,.F.);
#15728 = EDGE_CURVE('',#14715,#15729,#15731,.T.);
#15729 = VERTEX_POINT('',#15730);
#15730 = CARTESIAN_POINT('',(2.047079632679,2.25,11.375));
#15731 = CIRCLE('',#15732,0.2);
#15732 = AXIS2_PLACEMENT_3D('',#15733,#15734,#15735);
#15733 = CARTESIAN_POINT('',(2.247079632679,2.25,11.375));
#15734 = DIRECTION('',(0.,1.,0.));
#15735 = DIRECTION('',(0.,0.,-1.));
#15736 = ORIENTED_EDGE('',*,*,#14714,.F.);
#15737 = ORIENTED_EDGE('',*,*,#15510,.T.);
#15738 = ORIENTED_EDGE('',*,*,#15217,.F.);
#15739 = ORIENTED_EDGE('',*,*,#15740,.F.);
#15740 = EDGE_CURVE('',#15741,#15210,#15743,.T.);
#15741 = VERTEX_POINT('',#15742);
#15742 = CARTESIAN_POINT('',(2.047079632679,2.25,13.725));
#15743 = CIRCLE('',#15744,0.2);
#15744 = AXIS2_PLACEMENT_3D('',#15745,#15746,#15747);
#15745 = CARTESIAN_POINT('',(2.247079632679,2.25,13.725));
#15746 = DIRECTION('',(0.,1.,0.));
#15747 = DIRECTION('',(0.,0.,-1.));
#15748 = ORIENTED_EDGE('',*,*,#15749,.F.);
#15749 = EDGE_CURVE('',#15729,#15741,#15750,.T.);
#15750 = LINE('',#15751,#15752);
#15751 = CARTESIAN_POINT('',(2.047079632679,2.25,12.55));
#15752 = VECTOR('',#15753,1.);
#15753 = DIRECTION('',(0.,0.,1.));
#15754 = PLANE('',#15755);
#15755 = AXIS2_PLACEMENT_3D('',#15756,#15757,#15758);
#15756 = CARTESIAN_POINT('',(6.797079632679,2.25,12.55));
#15757 = DIRECTION('',(0.,1.,0.));
#15758 = DIRECTION('',(0.,0.,-1.));
#15759 = ADVANCED_FACE('',(#15760),#15789,.T.);
#15760 = FACE_BOUND('',#15761,.T.);
#15761 = EDGE_LOOP('',(#15762,#15772,#15779,#15780,#15781,#15782));
#15762 = ORIENTED_EDGE('',*,*,#15763,.T.);
#15763 = EDGE_CURVE('',#15764,#15766,#15768,.T.);
#15764 = VERTEX_POINT('',#15765);
#15765 = CARTESIAN_POINT('',(2.047079632679,2.45,11.375));
#15766 = VERTEX_POINT('',#15767);
#15767 = CARTESIAN_POINT('',(2.047079632679,2.45,13.725));
#15768 = LINE('',#15769,#15770);
#15769 = CARTESIAN_POINT('',(2.047079632679,2.45,12.55));
#15770 = VECTOR('',#15771,1.);
#15771 = DIRECTION('',(0.,0.,1.));
#15772 = ORIENTED_EDGE('',*,*,#15773,.T.);
#15773 = EDGE_CURVE('',#15766,#15202,#15774,.T.);
#15774 = CIRCLE('',#15775,0.2);
#15775 = AXIS2_PLACEMENT_3D('',#15776,#15777,#15778);
#15776 = CARTESIAN_POINT('',(2.247079632679,2.45,13.725));
#15777 = DIRECTION('',(0.,1.,0.));
#15778 = DIRECTION('',(0.,0.,-1.));
#15779 = ORIENTED_EDGE('',*,*,#15201,.F.);
#15780 = ORIENTED_EDGE('',*,*,#15585,.F.);
#15781 = ORIENTED_EDGE('',*,*,#14730,.F.);
#15782 = ORIENTED_EDGE('',*,*,#15783,.T.);
#15783 = EDGE_CURVE('',#14723,#15764,#15784,.T.);
#15784 = CIRCLE('',#15785,0.2);
#15785 = AXIS2_PLACEMENT_3D('',#15786,#15787,#15788);
#15786 = CARTESIAN_POINT('',(2.247079632679,2.45,11.375));
#15787 = DIRECTION('',(0.,1.,0.));
#15788 = DIRECTION('',(0.,0.,-1.));
#15789 = PLANE('',#15790);
#15790 = AXIS2_PLACEMENT_3D('',#15791,#15792,#15793);
#15791 = CARTESIAN_POINT('',(6.797079632679,2.45,12.55));
#15792 = DIRECTION('',(0.,1.,0.));
#15793 = DIRECTION('',(0.,0.,-1.));
#15794 = ADVANCED_FACE('',(#15795),#15817,.T.);
#15795 = FACE_BOUND('',#15796,.T.);
#15796 = EDGE_LOOP('',(#15797,#15798,#15799,#15807));
#15797 = ORIENTED_EDGE('',*,*,#15623,.T.);
#15798 = ORIENTED_EDGE('',*,*,#15707,.T.);
#15799 = ORIENTED_EDGE('',*,*,#15800,.T.);
#15800 = EDGE_CURVE('',#15682,#15801,#15803,.T.);
#15801 = VERTEX_POINT('',#15802);
#15802 = CARTESIAN_POINT('',(1.453668206495,-0.185683803566,
    13.113927248875));
#15803 = LINE('',#15804,#15805);
#15804 = CARTESIAN_POINT('',(1.64305619846,-0.12140338447,
    13.113927248765));
#15805 = VECTOR('',#15806,1.);
#15806 = DIRECTION('',(-0.946942520845,-0.321402959252,
    5.513241966026E-10));
#15807 = ORIENTED_EDGE('',*,*,#15808,.T.);
#15808 = EDGE_CURVE('',#15801,#15624,#15809,.T.);
#15809 = B_SPLINE_CURVE_WITH_KNOTS('',3,(#15810,#15811,#15812,#15813,
    #15814,#15815,#15816),.UNSPECIFIED.,.F.,.F.,(4,3,4),(0.,
    1.06546931992E-04,2.139426983904E-04),.UNSPECIFIED.);
#15810 = CARTESIAN_POINT('',(1.453668206495,-0.185683803566,
    13.113927248875));
#15811 = CARTESIAN_POINT('',(1.465068354317,-0.219269294263,
    13.115774516736));
#15812 = CARTESIAN_POINT('',(1.477970812251,-0.252381543519,
    13.117623567301));
#15813 = CARTESIAN_POINT('',(1.492300626623,-0.284825830261,
    13.119463579848));
#15814 = CARTESIAN_POINT('',(1.506744375577,-0.317528077515,
    13.121318222107));
#15815 = CARTESIAN_POINT('',(1.522666927093,-0.349616458604,
    13.12316737517));
#15816 = CARTESIAN_POINT('',(1.539973415036,-0.380899449878,
    13.124999993621));
#15817 = B_SPLINE_SURFACE_WITH_KNOTS('',3,3,(
    (#15818,#15819,#15820,#15821)
    ,(#15822,#15823,#15824,#15825)
    ,(#15826,#15827,#15828,#15829)
    ,(#15830,#15831,#15832,#15833
    )),.UNSPECIFIED.,.F.,.F.,.F.,(4,4),(4,4),(-4.073101231294E-08,
    1.000000035426),(-3.822304727445E-06,1.000013361872),
  .PIECEWISE_BEZIER_KNOTS.);
#15818 = CARTESIAN_POINT('',(1.727402510738,-0.287553698322,
    13.125561453183));
#15819 = CARTESIAN_POINT('',(1.664051679978,-0.323360548163,
    13.125561451454));
#15820 = CARTESIAN_POINT('',(1.600700849218,-0.359167398004,
    13.125561449725));
#15821 = CARTESIAN_POINT('',(1.537350018458,-0.394974247844,
    13.125561447997));
#15822 = CARTESIAN_POINT('',(1.695491516339,-0.231084607232,
    13.121541590647));
#15823 = CARTESIAN_POINT('',(1.629797244886,-0.26274463592,13.1215416101
    ));
#15824 = CARTESIAN_POINT('',(1.564102973433,-0.294404664608,
    13.121541629553));
#15825 = CARTESIAN_POINT('',(1.49840870198,-0.326064693297,
    13.121541649006));
#15826 = CARTESIAN_POINT('',(1.669140712177,-0.171480557514,
    13.117447198148));
#15827 = CARTESIAN_POINT('',(1.601511101837,-0.198762957553,
    13.117447206755));
#15828 = CARTESIAN_POINT('',(1.533881491497,-0.226045357592,
    13.117447215362));
#15829 = CARTESIAN_POINT('',(1.466251881158,-0.253327757631,
    13.117447223969));
#15830 = CARTESIAN_POINT('',(1.64885249484,-0.109877942238,
    13.113356338155));
#15831 = CARTESIAN_POINT('',(1.579732807196,-0.132635959474,
    13.113356337351));
#15832 = CARTESIAN_POINT('',(1.510613119553,-0.155393976711,
    13.113356336547));
#15833 = CARTESIAN_POINT('',(1.44149343191,-0.178151993947,
    13.113356335742));
#15834 = ADVANCED_FACE('',(#15835),#15864,.T.);
#15835 = FACE_BOUND('',#15836,.T.);
#15836 = EDGE_LOOP('',(#15837,#15845,#15855,#15856,#15862,#15863));
#15837 = ORIENTED_EDGE('',*,*,#15838,.F.);
#15838 = EDGE_CURVE('',#15839,#15801,#15841,.T.);
#15839 = VERTEX_POINT('',#15840);
#15840 = CARTESIAN_POINT('',(1.453668976106,-0.185683554402,
    11.986072750494));
#15841 = LINE('',#15842,#15843);
#15842 = CARTESIAN_POINT('',(1.453668973436,-0.185683546536,13.125));
#15843 = VECTOR('',#15844,1.);
#15844 = DIRECTION('',(0.,0.,1.));
#15845 = ORIENTED_EDGE('',*,*,#15846,.T.);
#15846 = EDGE_CURVE('',#15839,#15546,#15847,.T.);
#15847 = B_SPLINE_CURVE_WITH_KNOTS('',3,(#15848,#15849,#15850,#15851,
    #15852,#15853,#15854),.UNSPECIFIED.,.F.,.F.,(4,3,4),(
    3.999770967446E-12,1.065469801394E-04,2.139427958232E-04),
  .UNSPECIFIED.);
#15848 = CARTESIAN_POINT('',(1.453668976106,-0.185683554402,
    11.986072750494));
#15849 = CARTESIAN_POINT('',(1.465068362133,-0.219269316588,
    11.984225482024));
#15850 = CARTESIAN_POINT('',(1.477970826795,-0.252381580528,
    11.982376430619));
#15851 = CARTESIAN_POINT('',(1.492300649152,-0.284825881268,
    11.980536417248));
#15852 = CARTESIAN_POINT('',(1.506744406258,-0.317528142868,
    11.978681774145));
#15853 = CARTESIAN_POINT('',(1.522666967265,-0.349616537686,
    11.976832620249));
#15854 = CARTESIAN_POINT('',(1.539973465879,-0.380899541782,
    11.975000001198));
#15855 = ORIENTED_EDGE('',*,*,#15545,.T.);
#15856 = ORIENTED_EDGE('',*,*,#15857,.T.);
#15857 = EDGE_CURVE('',#15538,#15632,#15858,.T.);
#15858 = LINE('',#15859,#15860);
#15859 = CARTESIAN_POINT('',(1.816609275566,-0.717532989794,13.125));
#15860 = VECTOR('',#15861,1.);
#15861 = DIRECTION('',(0.,0.,1.));
#15862 = ORIENTED_EDGE('',*,*,#15631,.T.);
#15863 = ORIENTED_EDGE('',*,*,#15808,.F.);
#15864 = CYLINDRICAL_SURFACE('',#15865,1.2);
#15865 = AXIS2_PLACEMENT_3D('',#15866,#15867,#15868);
#15866 = CARTESIAN_POINT('',(2.59,0.2,13.125));
#15867 = DIRECTION('',(0.,0.,-1.));
#15868 = DIRECTION('',(0.,-1.,0.));
#15869 = ADVANCED_FACE('',(#15870),#15876,.T.);
#15870 = FACE_BOUND('',#15871,.T.);
#15871 = EDGE_LOOP('',(#15872,#15873,#15874,#15875));
#15872 = ORIENTED_EDGE('',*,*,#15667,.T.);
#15873 = ORIENTED_EDGE('',*,*,#15640,.T.);
#15874 = ORIENTED_EDGE('',*,*,#15857,.F.);
#15875 = ORIENTED_EDGE('',*,*,#15537,.F.);
#15876 = PLANE('',#15877);
#15877 = AXIS2_PLACEMENT_3D('',#15878,#15879,#15880);
#15878 = CARTESIAN_POINT('',(2.315572294626,-1.138110097177,13.125));
#15879 = DIRECTION('',(-0.644492270361,-0.764610824828,0.));
#15880 = DIRECTION('',(-0.764610824828,0.644492270361,0.));
#15881 = ADVANCED_FACE('',(#15882),#15893,.T.);
#15882 = FACE_BOUND('',#15883,.T.);
#15883 = EDGE_LOOP('',(#15884,#15890,#15891,#15892));
#15884 = ORIENTED_EDGE('',*,*,#15885,.T.);
#15885 = EDGE_CURVE('',#15729,#15764,#15886,.T.);
#15886 = LINE('',#15887,#15888);
#15887 = CARTESIAN_POINT('',(2.047079632679,-9.068,11.375));
#15888 = VECTOR('',#15889,1.);
#15889 = DIRECTION('',(0.,1.,0.));
#15890 = ORIENTED_EDGE('',*,*,#15783,.F.);
#15891 = ORIENTED_EDGE('',*,*,#14722,.F.);
#15892 = ORIENTED_EDGE('',*,*,#15728,.T.);
#15893 = CYLINDRICAL_SURFACE('',#15894,0.2);
#15894 = AXIS2_PLACEMENT_3D('',#15895,#15896,#15897);
#15895 = CARTESIAN_POINT('',(2.247079632679,-9.068,11.375));
#15896 = DIRECTION('',(0.,1.,0.));
#15897 = DIRECTION('',(0.,0.,-1.));
#15898 = ADVANCED_FACE('',(#15899),#15910,.T.);
#15899 = FACE_BOUND('',#15900,.T.);
#15900 = EDGE_LOOP('',(#15901,#15902,#15903,#15909));
#15901 = ORIENTED_EDGE('',*,*,#15209,.F.);
#15902 = ORIENTED_EDGE('',*,*,#15773,.F.);
#15903 = ORIENTED_EDGE('',*,*,#15904,.T.);
#15904 = EDGE_CURVE('',#15766,#15741,#15905,.T.);
#15905 = LINE('',#15906,#15907);
#15906 = CARTESIAN_POINT('',(2.047079632679,-8.62519007849,13.725));
#15907 = VECTOR('',#15908,1.);
#15908 = DIRECTION('',(-0.,-1.,-0.));
#15909 = ORIENTED_EDGE('',*,*,#15740,.T.);
#15910 = CYLINDRICAL_SURFACE('',#15911,0.2);
#15911 = AXIS2_PLACEMENT_3D('',#15912,#15913,#15914);
#15912 = CARTESIAN_POINT('',(2.247079632679,-8.62519007849,13.725));
#15913 = DIRECTION('',(0.,1.,0.));
#15914 = DIRECTION('',(0.,0.,-1.));
#15915 = ADVANCED_FACE('',(#15916,#15943),#16010,.F.);
#15916 = FACE_BOUND('',#15917,.T.);
#15917 = EDGE_LOOP('',(#15918,#15919,#15927,#15936,#15942));
#15918 = ORIENTED_EDGE('',*,*,#14352,.F.);
#15919 = ORIENTED_EDGE('',*,*,#15920,.F.);
#15920 = EDGE_CURVE('',#15921,#14353,#15923,.T.);
#15921 = VERTEX_POINT('',#15922);
#15922 = CARTESIAN_POINT('',(1.373894124191,0.671627179142,
    12.699999999999));
#15923 = LINE('',#15924,#15925);
#15924 = CARTESIAN_POINT('',(1.643057476319,-0.121402950898,12.7));
#15925 = VECTOR('',#15926,1.);
#15926 = DIRECTION('',(0.321402950898,-0.94694252368,0.));
#15927 = ORIENTED_EDGE('',*,*,#15928,.F.);
#15928 = EDGE_CURVE('',#15929,#15921,#15931,.T.);
#15929 = VERTEX_POINT('',#15930);
#15930 = CARTESIAN_POINT('',(1.37389399097,0.671627571647,12.4));
#15931 = CIRCLE('',#15932,0.15);
#15932 = AXIS2_PLACEMENT_3D('',#15933,#15934,#15935);
#15933 = CARTESIAN_POINT('',(1.373893983712,0.671627593031,12.55));
#15934 = DIRECTION('',(0.94694252368,0.321402950898,0.));
#15935 = DIRECTION('',(0.321402950898,-0.94694252368,0.));
#15936 = ORIENTED_EDGE('',*,*,#15937,.F.);
#15937 = EDGE_CURVE('',#14238,#15929,#15938,.T.);
#15938 = LINE('',#15939,#15940);
#15939 = CARTESIAN_POINT('',(1.643057476319,-0.121402950898,
    12.400000000001));
#15940 = VECTOR('',#15941,1.);
#15941 = DIRECTION('',(-0.321402950898,0.94694252368,0.));
#15942 = ORIENTED_EDGE('',*,*,#14245,.F.);
#15943 = FACE_BOUND('',#15944,.T.);
#15944 = EDGE_LOOP('',(#15945,#15953,#15954,#15955,#15963,#15971,#15980,
    #15986,#15987,#15995,#16004));
#15945 = ORIENTED_EDGE('',*,*,#15946,.F.);
#15946 = EDGE_CURVE('',#14194,#15947,#15949,.T.);
#15947 = VERTEX_POINT('',#15948);
#15948 = CARTESIAN_POINT('',(0.94,1.95,12.51));
#15949 = LINE('',#15950,#15951);
#15950 = CARTESIAN_POINT('',(1.643057476319,-0.121402950898,12.51));
#15951 = VECTOR('',#15952,1.);
#15952 = DIRECTION('',(-0.321402950898,0.94694252368,0.));
#15953 = ORIENTED_EDGE('',*,*,#14203,.F.);
#15954 = ORIENTED_EDGE('',*,*,#14385,.F.);
#15955 = ORIENTED_EDGE('',*,*,#15956,.F.);
#15956 = EDGE_CURVE('',#15957,#14386,#15959,.T.);
#15957 = VERTEX_POINT('',#15958);
#15958 = CARTESIAN_POINT('',(0.94,1.95,12.59));
#15959 = LINE('',#15960,#15961);
#15960 = CARTESIAN_POINT('',(1.643057476319,-0.121402950898,12.59));
#15961 = VECTOR('',#15962,1.);
#15962 = DIRECTION('',(0.321402950898,-0.94694252368,0.));
#15963 = ORIENTED_EDGE('',*,*,#15964,.F.);
#15964 = EDGE_CURVE('',#15965,#15957,#15967,.T.);
#15965 = VERTEX_POINT('',#15966);
#15966 = CARTESIAN_POINT('',(0.939999937293,1.949999978717,
    12.789320486653));
#15967 = LINE('',#15968,#15969);
#15968 = CARTESIAN_POINT('',(0.94,1.949999999999,13.125));
#15969 = VECTOR('',#15970,1.);
#15970 = DIRECTION('',(0.,0.,-1.));
#15971 = ORIENTED_EDGE('',*,*,#15972,.F.);
#15972 = EDGE_CURVE('',#15973,#15965,#15975,.T.);
#15973 = VERTEX_POINT('',#15974);
#15974 = CARTESIAN_POINT('',(1.000270814484,1.772425204148,
    12.988931002369));
#15975 = CIRCLE('',#15976,0.2);
#15976 = AXIS2_PLACEMENT_3D('',#15977,#15978,#15979);
#15977 = CARTESIAN_POINT('',(1.004280464766,1.760611452697,
    12.789320486661));
#15978 = DIRECTION('',(-0.94694252368,-0.321402950898,0.));
#15979 = DIRECTION('',(0.321402950898,-0.94694252368,0.));
#15980 = ORIENTED_EDGE('',*,*,#15981,.F.);
#15981 = EDGE_CURVE('',#15682,#15973,#15982,.T.);
#15982 = LINE('',#15983,#15984);
#15983 = CARTESIAN_POINT('',(1.643057476348,-0.121402950984,
    13.113927245068));
#15984 = VECTOR('',#15985,1.);
#15985 = DIRECTION('',(-0.320777043913,0.945098427543,-6.23782843102E-02
    ));
#15986 = ORIENTED_EDGE('',*,*,#15681,.T.);
#15987 = ORIENTED_EDGE('',*,*,#15988,.F.);
#15988 = EDGE_CURVE('',#15989,#15684,#15991,.T.);
#15989 = VERTEX_POINT('',#15990);
#15990 = CARTESIAN_POINT('',(1.000270877131,1.772425225606,
    12.111068997642));
#15991 = LINE('',#15992,#15993);
#15992 = CARTESIAN_POINT('',(1.000270877131,1.772425225606,
    12.111068997642));
#15993 = VECTOR('',#15994,1.);
#15994 = DIRECTION('',(0.320777043876,-0.945098427434,
    -6.237828615438E-02));
#15995 = ORIENTED_EDGE('',*,*,#15996,.F.);
#15996 = EDGE_CURVE('',#15997,#15989,#15999,.T.);
#15997 = VERTEX_POINT('',#15998);
#15998 = CARTESIAN_POINT('',(0.939999999999,1.95,12.310679513342));
#15999 = CIRCLE('',#16000,0.2);
#16000 = AXIS2_PLACEMENT_3D('',#16001,#16002,#16003);
#16001 = CARTESIAN_POINT('',(1.004280590179,1.760611495263,
    12.310679513339));
#16002 = DIRECTION('',(-0.94694252368,-0.321402950898,0.));
#16003 = DIRECTION('',(0.321402950898,-0.94694252368,0.));
#16004 = ORIENTED_EDGE('',*,*,#16005,.F.);
#16005 = EDGE_CURVE('',#15947,#15997,#16006,.T.);
#16006 = LINE('',#16007,#16008);
#16007 = CARTESIAN_POINT('',(0.94,1.95,13.125));
#16008 = VECTOR('',#16009,1.);
#16009 = DIRECTION('',(0.,0.,-1.));
#16010 = PLANE('',#16011);
#16011 = AXIS2_PLACEMENT_3D('',#16012,#16013,#16014);
#16012 = CARTESIAN_POINT('',(1.643057476319,-0.121402950898,13.125));
#16013 = DIRECTION('',(-0.94694252368,-0.321402950898,0.));
#16014 = DIRECTION('',(-0.321402950898,0.94694252368,0.));
#16015 = ADVANCED_FACE('',(#16016),#16027,.F.);
#16016 = FACE_BOUND('',#16017,.F.);
#16017 = EDGE_LOOP('',(#16018,#16019,#16020,#16026));
#16018 = ORIENTED_EDGE('',*,*,#15554,.T.);
#16019 = ORIENTED_EDGE('',*,*,#15691,.F.);
#16020 = ORIENTED_EDGE('',*,*,#16021,.T.);
#16021 = EDGE_CURVE('',#15684,#15839,#16022,.T.);
#16022 = LINE('',#16023,#16024);
#16023 = CARTESIAN_POINT('',(1.548359808322,-0.153544420566,
    11.986072750472));
#16024 = VECTOR('',#16025,1.);
#16025 = DIRECTION('',(-0.94694247972,-0.321403080416,
    -7.099789672244E-09));
#16026 = ORIENTED_EDGE('',*,*,#15846,.T.);
#16027 = B_SPLINE_SURFACE_WITH_KNOTS('',3,3,(
    (#16028,#16029,#16030,#16031)
    ,(#16032,#16033,#16034,#16035)
    ,(#16036,#16037,#16038,#16039)
    ,(#16040,#16041,#16042,#16043
    )),.UNSPECIFIED.,.F.,.F.,.F.,(4,4),(4,4),(-3.316649113683E-08,
    1.0000000342),(-3.795192504506E-06,1.00001335185),
  .PIECEWISE_BEZIER_KNOTS.);
#16028 = CARTESIAN_POINT('',(1.727402471608,-0.287553673495,
    11.97443854935));
#16029 = CARTESIAN_POINT('',(1.664051645372,-0.323360517331,
    11.974438551079));
#16030 = CARTESIAN_POINT('',(1.600700819137,-0.359167361166,
    11.974438552808));
#16031 = CARTESIAN_POINT('',(1.537349992902,-0.394974205002,
    11.974438554536));
#16032 = CARTESIAN_POINT('',(1.695491487565,-0.231084595185,
    11.978458410844));
#16033 = CARTESIAN_POINT('',(1.629797221681,-0.262744619286,
    11.978458391379));
#16034 = CARTESIAN_POINT('',(1.564102955797,-0.294404643386,
    11.978458371914));
#16035 = CARTESIAN_POINT('',(1.498408689913,-0.326064667486,
    11.978458352449));
#16036 = CARTESIAN_POINT('',(1.669140690928,-0.171480560151,
    11.982552802223));
#16037 = CARTESIAN_POINT('',(1.601511086936,-0.198762957192,
    11.982552793604));
#16038 = CARTESIAN_POINT('',(1.533881482945,-0.226045354233,
    11.982552784985));
#16039 = CARTESIAN_POINT('',(1.466251878954,-0.253327751275,
    11.982552776365));
#16040 = CARTESIAN_POINT('',(1.648852477858,-0.109877960543,
    11.986643661083));
#16041 = CARTESIAN_POINT('',(1.579732797041,-0.132635976465,
    11.986643661888));
#16042 = CARTESIAN_POINT('',(1.510613116224,-0.155393992388,
    11.986643662692));
#16043 = CARTESIAN_POINT('',(1.441493435406,-0.17815200831,
    11.986643663496));
#16044 = ADVANCED_FACE('',(#16045),#16051,.T.);
#16045 = FACE_BOUND('',#16046,.T.);
#16046 = EDGE_LOOP('',(#16047,#16048,#16049,#16050));
#16047 = ORIENTED_EDGE('',*,*,#15749,.T.);
#16048 = ORIENTED_EDGE('',*,*,#15904,.F.);
#16049 = ORIENTED_EDGE('',*,*,#15763,.F.);
#16050 = ORIENTED_EDGE('',*,*,#15885,.F.);
#16051 = PLANE('',#16052);
#16052 = AXIS2_PLACEMENT_3D('',#16053,#16054,#16055);
#16053 = CARTESIAN_POINT('',(2.047079632679,2.35,12.55));
#16054 = DIRECTION('',(-1.,0.,0.));
#16055 = DIRECTION('',(0.,1.,0.));
#16056 = ADVANCED_FACE('',(#16057),#16075,.F.);
#16057 = FACE_BOUND('',#16058,.T.);
#16058 = EDGE_LOOP('',(#16059,#16067,#16073,#16074));
#16059 = ORIENTED_EDGE('',*,*,#16060,.F.);
#16060 = EDGE_CURVE('',#16061,#14362,#16063,.T.);
#16061 = VERTEX_POINT('',#16062);
#16062 = CARTESIAN_POINT('',(1.31707771325,0.652342588198,
    12.699999999999));
#16063 = LINE('',#16064,#16065);
#16064 = CARTESIAN_POINT('',(1.31707771325,0.652342588198,12.7));
#16065 = VECTOR('',#16066,1.);
#16066 = DIRECTION('',(0.321402950898,-0.94694252368,0.));
#16067 = ORIENTED_EDGE('',*,*,#16068,.F.);
#16068 = EDGE_CURVE('',#15921,#16061,#16069,.T.);
#16069 = LINE('',#16070,#16071);
#16070 = CARTESIAN_POINT('',(1.373893983712,0.671627593032,12.7));
#16071 = VECTOR('',#16072,1.);
#16072 = DIRECTION('',(-0.946937840947,-0.321416747204,0.));
#16073 = ORIENTED_EDGE('',*,*,#15920,.T.);
#16074 = ORIENTED_EDGE('',*,*,#14361,.T.);
#16075 = PLANE('',#16076);
#16076 = AXIS2_PLACEMENT_3D('',#16077,#16078,#16079);
#16077 = CARTESIAN_POINT('',(1.582805901796,5.611495264E-02,12.7));
#16078 = DIRECTION('',(0.,-0.,1.));
#16079 = DIRECTION('',(0.,1.,0.));
#16080 = ADVANCED_FACE('',(#16081),#16100,.F.);
#16081 = FACE_BOUND('',#16082,.F.);
#16082 = EDGE_LOOP('',(#16083,#16084,#16085,#16093));
#16083 = ORIENTED_EDGE('',*,*,#16068,.F.);
#16084 = ORIENTED_EDGE('',*,*,#15928,.F.);
#16085 = ORIENTED_EDGE('',*,*,#16086,.T.);
#16086 = EDGE_CURVE('',#15929,#16087,#16089,.T.);
#16087 = VERTEX_POINT('',#16088);
#16088 = CARTESIAN_POINT('',(1.317077480247,0.65234327469,12.4));
#16089 = LINE('',#16090,#16091);
#16090 = CARTESIAN_POINT('',(0.320401501784,0.314060339329,12.4));
#16091 = VECTOR('',#16092,1.);
#16092 = DIRECTION('',(-0.94694252368,-0.321402950898,-0.));
#16093 = ORIENTED_EDGE('',*,*,#16094,.T.);
#16094 = EDGE_CURVE('',#16087,#16061,#16095,.T.);
#16095 = CIRCLE('',#16096,0.15);
#16096 = AXIS2_PLACEMENT_3D('',#16097,#16098,#16099);
#16097 = CARTESIAN_POINT('',(1.317077432292,0.652343415978,12.55));
#16098 = DIRECTION('',(0.94694252368,0.321402950898,0.));
#16099 = DIRECTION('',(0.321402950898,-0.94694252368,0.));
#16100 = CYLINDRICAL_SURFACE('',#16101,0.15);
#16101 = AXIS2_PLACEMENT_3D('',#16102,#16103,#16104);
#16102 = CARTESIAN_POINT('',(0.320401487268,0.314060382098,12.55));
#16103 = DIRECTION('',(0.94694252368,0.321402950898,0.));
#16104 = DIRECTION('',(0.321402950898,-0.94694252368,0.));
#16105 = ADVANCED_FACE('',(#16106),#16117,.F.);
#16106 = FACE_BOUND('',#16107,.T.);
#16107 = EDGE_LOOP('',(#16108,#16114,#16115,#16116));
#16108 = ORIENTED_EDGE('',*,*,#16109,.F.);
#16109 = EDGE_CURVE('',#14236,#16087,#16110,.T.);
#16110 = LINE('',#16111,#16112);
#16111 = CARTESIAN_POINT('',(1.477779615755,0.178870068132,12.4));
#16112 = VECTOR('',#16113,1.);
#16113 = DIRECTION('',(-0.321402950898,0.94694252368,0.));
#16114 = ORIENTED_EDGE('',*,*,#14235,.T.);
#16115 = ORIENTED_EDGE('',*,*,#15937,.T.);
#16116 = ORIENTED_EDGE('',*,*,#16086,.T.);
#16117 = PLANE('',#16118);
#16118 = AXIS2_PLACEMENT_3D('',#16119,#16120,#16121);
#16119 = CARTESIAN_POINT('',(1.325683541078,0.813668971584,12.4));
#16120 = DIRECTION('',(0.,0.,-1.));
#16121 = DIRECTION('',(0.,-1.,0.));
#16122 = ADVANCED_FACE('',(#16123),#16189,.T.);
#16123 = FACE_BOUND('',#16124,.T.);
#16124 = EDGE_LOOP('',(#16125,#16126,#16134,#16142,#16151,#16159,#16165,
    #16166,#16174,#16183));
#16125 = ORIENTED_EDGE('',*,*,#16005,.T.);
#16126 = ORIENTED_EDGE('',*,*,#16127,.T.);
#16127 = EDGE_CURVE('',#15997,#16128,#16130,.T.);
#16128 = VERTEX_POINT('',#16129);
#16129 = CARTESIAN_POINT('',(0.750611495263,1.88571940982,
    12.310679513342));
#16130 = LINE('',#16131,#16132);
#16131 = CARTESIAN_POINT('',(0.797958621447,1.901789557365,
    12.310679513345));
#16132 = VECTOR('',#16133,1.);
#16133 = DIRECTION('',(-0.94694252368,-0.321402950898,-0.));
#16134 = ORIENTED_EDGE('',*,*,#16135,.F.);
#16135 = EDGE_CURVE('',#16136,#16128,#16138,.T.);
#16136 = VERTEX_POINT('',#16137);
#16137 = CARTESIAN_POINT('',(0.750611495263,1.88571940982,
    12.403371217014));
#16138 = LINE('',#16139,#16140);
#16139 = CARTESIAN_POINT('',(0.750611495263,1.88571940982,13.125));
#16140 = VECTOR('',#16141,1.);
#16141 = DIRECTION('',(0.,0.,-1.));
#16142 = ORIENTED_EDGE('',*,*,#16143,.T.);
#16143 = EDGE_CURVE('',#16136,#16144,#16146,.T.);
#16144 = VERTEX_POINT('',#16145);
#16145 = CARTESIAN_POINT('',(0.750611495263,1.88571940982,
    12.696628782986));
#16146 = CIRCLE('',#16147,0.24);
#16147 = AXIS2_PLACEMENT_3D('',#16148,#16149,#16150);
#16148 = CARTESIAN_POINT('',(0.930530574762,1.946785970491,12.55));
#16149 = DIRECTION('',(-0.321402950898,0.94694252368,0.));
#16150 = DIRECTION('',(0.94694252368,0.321402950898,0.));
#16151 = ORIENTED_EDGE('',*,*,#16152,.F.);
#16152 = EDGE_CURVE('',#16153,#16144,#16155,.T.);
#16153 = VERTEX_POINT('',#16154);
#16154 = CARTESIAN_POINT('',(0.750611495263,1.88571940982,
    12.789320486657));
#16155 = LINE('',#16156,#16157);
#16156 = CARTESIAN_POINT('',(0.750611495263,1.88571940982,13.125));
#16157 = VECTOR('',#16158,1.);
#16158 = DIRECTION('',(0.,0.,-1.));
#16159 = ORIENTED_EDGE('',*,*,#16160,.F.);
#16160 = EDGE_CURVE('',#15965,#16153,#16161,.T.);
#16161 = LINE('',#16162,#16163);
#16162 = CARTESIAN_POINT('',(0.845305747631,1.91785970491,
    12.789320486653));
#16163 = VECTOR('',#16164,1.);
#16164 = DIRECTION('',(-0.94694252368,-0.321402950898,0.));
#16165 = ORIENTED_EDGE('',*,*,#15964,.T.);
#16166 = ORIENTED_EDGE('',*,*,#16167,.T.);
#16167 = EDGE_CURVE('',#15957,#16168,#16170,.T.);
#16168 = VERTEX_POINT('',#16169);
#16169 = CARTESIAN_POINT('',(0.930530574762,1.946785970491,12.59));
#16170 = LINE('',#16171,#16172);
#16171 = CARTESIAN_POINT('',(0.797958621447,1.901789557365,12.59));
#16172 = VECTOR('',#16173,1.);
#16173 = DIRECTION('',(-0.94694252368,-0.321402950898,-0.));
#16174 = ORIENTED_EDGE('',*,*,#16175,.T.);
#16175 = EDGE_CURVE('',#16168,#16176,#16178,.T.);
#16176 = VERTEX_POINT('',#16177);
#16177 = CARTESIAN_POINT('',(0.930530574763,1.946785970491,12.51));
#16178 = CIRCLE('',#16179,4.E-02);
#16179 = AXIS2_PLACEMENT_3D('',#16180,#16181,#16182);
#16180 = CARTESIAN_POINT('',(0.930530574762,1.946785970491,12.55));
#16181 = DIRECTION('',(0.321402950898,-0.94694252368,0.));
#16182 = DIRECTION('',(0.94694252368,0.321402950898,0.));
#16183 = ORIENTED_EDGE('',*,*,#16184,.T.);
#16184 = EDGE_CURVE('',#16176,#15947,#16185,.T.);
#16185 = LINE('',#16186,#16187);
#16186 = CARTESIAN_POINT('',(0.797958621447,1.901789557365,12.51));
#16187 = VECTOR('',#16188,1.);
#16188 = DIRECTION('',(0.94694252368,0.321402950898,0.));
#16189 = PLANE('',#16190);
#16190 = AXIS2_PLACEMENT_3D('',#16191,#16192,#16193);
#16191 = CARTESIAN_POINT('',(0.797958621447,1.901789557365,12.55));
#16192 = DIRECTION('',(-0.321402950898,0.94694252368,0.));
#16193 = DIRECTION('',(0.94694252368,0.321402950898,0.));
#16194 = ADVANCED_FACE('',(#16195),#16206,.F.);
#16195 = FACE_BOUND('',#16196,.T.);
#16196 = EDGE_LOOP('',(#16197,#16203,#16204,#16205));
#16197 = ORIENTED_EDGE('',*,*,#16198,.F.);
#16198 = EDGE_CURVE('',#14196,#16176,#16199,.T.);
#16199 = LINE('',#16200,#16201);
#16200 = CARTESIAN_POINT('',(0.998025194451,1.747928040518,12.51));
#16201 = VECTOR('',#16202,1.);
#16202 = DIRECTION('',(-0.321402950896,0.946942523681,0.));
#16203 = ORIENTED_EDGE('',*,*,#14193,.F.);
#16204 = ORIENTED_EDGE('',*,*,#15946,.T.);
#16205 = ORIENTED_EDGE('',*,*,#16184,.F.);
#16206 = PLANE('',#16207);
#16207 = AXIS2_PLACEMENT_3D('',#16208,#16209,#16210);
#16208 = CARTESIAN_POINT('',(0.94,1.95,12.51));
#16209 = DIRECTION('',(0.,0.,-1.));
#16210 = DIRECTION('',(0.,-1.,0.));
#16211 = ADVANCED_FACE('',(#16212),#16223,.F.);
#16212 = FACE_BOUND('',#16213,.T.);
#16213 = EDGE_LOOP('',(#16214,#16220,#16221,#16222));
#16214 = ORIENTED_EDGE('',*,*,#16215,.F.);
#16215 = EDGE_CURVE('',#16168,#14395,#16216,.T.);
#16216 = LINE('',#16217,#16218);
#16217 = CARTESIAN_POINT('',(0.930530574762,1.946785970491,12.59));
#16218 = VECTOR('',#16219,1.);
#16219 = DIRECTION('',(0.321402955143,-0.94694252224,0.));
#16220 = ORIENTED_EDGE('',*,*,#16167,.F.);
#16221 = ORIENTED_EDGE('',*,*,#15956,.T.);
#16222 = ORIENTED_EDGE('',*,*,#14394,.T.);
#16223 = PLANE('',#16224);
#16224 = AXIS2_PLACEMENT_3D('',#16225,#16226,#16227);
#16225 = CARTESIAN_POINT('',(1.020350737724,1.71326436908,12.59));
#16226 = DIRECTION('',(0.,-0.,1.));
#16227 = DIRECTION('',(0.,1.,0.));
#16228 = ADVANCED_FACE('',(#16229),#16248,.T.);
#16229 = FACE_BOUND('',#16230,.T.);
#16230 = EDGE_LOOP('',(#16231,#16239,#16240,#16241));
#16231 = ORIENTED_EDGE('',*,*,#16232,.T.);
#16232 = EDGE_CURVE('',#16233,#15973,#16235,.T.);
#16233 = VERTEX_POINT('',#16234);
#16234 = CARTESIAN_POINT('',(0.810882372395,1.708144635426,
    12.988931002358));
#16235 = LINE('',#16236,#16237);
#16236 = CARTESIAN_POINT('',(-1.825747360628,0.813242827314,
    12.988931002358));
#16237 = VECTOR('',#16238,1.);
#16238 = DIRECTION('',(0.94694252368,0.321402950898,0.));
#16239 = ORIENTED_EDGE('',*,*,#15972,.T.);
#16240 = ORIENTED_EDGE('',*,*,#16160,.T.);
#16241 = ORIENTED_EDGE('',*,*,#16242,.F.);
#16242 = EDGE_CURVE('',#16233,#16153,#16243,.T.);
#16243 = CIRCLE('',#16244,0.2);
#16244 = AXIS2_PLACEMENT_3D('',#16245,#16246,#16247);
#16245 = CARTESIAN_POINT('',(0.814892085443,1.696330905083,
    12.789320486661));
#16246 = DIRECTION('',(-0.94694252368,-0.321402950898,0.));
#16247 = DIRECTION('',(0.321402950898,-0.94694252368,0.));
#16248 = CYLINDRICAL_SURFACE('',#16249,0.2);
#16249 = AXIS2_PLACEMENT_3D('',#16250,#16251,#16252);
#16250 = CARTESIAN_POINT('',(-1.82173764758,0.801429096971,
    12.789320486661));
#16251 = DIRECTION('',(0.94694252368,0.321402950898,0.));
#16252 = DIRECTION('',(0.321402950898,-0.94694252368,0.));
#16253 = ADVANCED_FACE('',(#16254),#16265,.F.);
#16254 = FACE_BOUND('',#16255,.T.);
#16255 = EDGE_LOOP('',(#16256,#16257,#16258,#16259));
#16256 = ORIENTED_EDGE('',*,*,#15800,.F.);
#16257 = ORIENTED_EDGE('',*,*,#15981,.T.);
#16258 = ORIENTED_EDGE('',*,*,#16232,.F.);
#16259 = ORIENTED_EDGE('',*,*,#16260,.F.);
#16260 = EDGE_CURVE('',#15801,#16233,#16261,.T.);
#16261 = LINE('',#16262,#16263);
#16262 = CARTESIAN_POINT('',(1.453667440219,-0.185684062555,
    13.113927248875));
#16263 = VECTOR('',#16264,1.);
#16264 = DIRECTION('',(-0.320776279402,0.945098686905,
    -6.237828615516E-02));
#16265 = PLANE('',#16266);
#16266 = AXIS2_PLACEMENT_3D('',#16267,#16268,#16269);
#16267 = CARTESIAN_POINT('',(1.196834485791,0.882158229461,
    13.045568989854));
#16268 = DIRECTION('',(2.004856524226E-02,-5.906865171463E-02,
    -0.998052578483));
#16269 = DIRECTION('',(-2.168404344971E-19,-0.998253220076,
    5.908052646817E-02));
#16270 = ADVANCED_FACE('',(#16271),#16289,.T.);
#16271 = FACE_BOUND('',#16272,.T.);
#16272 = EDGE_LOOP('',(#16273,#16281,#16287,#16288));
#16273 = ORIENTED_EDGE('',*,*,#16274,.T.);
#16274 = EDGE_CURVE('',#15839,#16275,#16277,.T.);
#16275 = VERTEX_POINT('',#16276);
#16276 = CARTESIAN_POINT('',(0.810882372394,1.708144635427,
    12.111068997642));
#16277 = LINE('',#16278,#16279);
#16278 = CARTESIAN_POINT('',(1.453668973358,-0.185683546308,
    11.986072750881));
#16279 = VECTOR('',#16280,1.);
#16280 = DIRECTION('',(-0.320777043877,0.945098427434,6.237828615518E-02
    ));
#16281 = ORIENTED_EDGE('',*,*,#16282,.T.);
#16282 = EDGE_CURVE('',#16275,#15989,#16283,.T.);
#16283 = LINE('',#16284,#16285);
#16284 = CARTESIAN_POINT('',(0.810882372394,1.708144635427,
    12.111068997642));
#16285 = VECTOR('',#16286,1.);
#16286 = DIRECTION('',(0.946942523682,0.321402950893,-3.878733272055E-13
    ));
#16287 = ORIENTED_EDGE('',*,*,#15988,.T.);
#16288 = ORIENTED_EDGE('',*,*,#16021,.T.);
#16289 = PLANE('',#16290);
#16290 = AXIS2_PLACEMENT_3D('',#16291,#16292,#16293);
#16291 = CARTESIAN_POINT('',(1.196834485791,0.882158229461,
    12.054431010146));
#16292 = DIRECTION('',(-2.004856524226E-02,5.906865171463E-02,
    -0.998052578483));
#16293 = DIRECTION('',(-2.168404344971E-19,-0.998253220076,
    -5.908052646817E-02));
#16294 = ADVANCED_FACE('',(#16295),#16307,.T.);
#16295 = FACE_BOUND('',#16296,.T.);
#16296 = EDGE_LOOP('',(#16297,#16298,#16299,#16300));
#16297 = ORIENTED_EDGE('',*,*,#16127,.F.);
#16298 = ORIENTED_EDGE('',*,*,#15996,.T.);
#16299 = ORIENTED_EDGE('',*,*,#16282,.F.);
#16300 = ORIENTED_EDGE('',*,*,#16301,.T.);
#16301 = EDGE_CURVE('',#16275,#16128,#16302,.T.);
#16302 = CIRCLE('',#16303,0.2);
#16303 = AXIS2_PLACEMENT_3D('',#16304,#16305,#16306);
#16304 = CARTESIAN_POINT('',(0.814892085443,1.696330905083,
    12.310679513339));
#16305 = DIRECTION('',(0.94694252368,0.321402950898,0.));
#16306 = DIRECTION('',(0.321402950898,-0.94694252368,0.));
#16307 = CYLINDRICAL_SURFACE('',#16308,0.2);
#16308 = AXIS2_PLACEMENT_3D('',#16309,#16310,#16311);
#16309 = CARTESIAN_POINT('',(-1.82173764758,0.801429096971,
    12.310679513339));
#16310 = DIRECTION('',(0.94694252368,0.321402950898,0.));
#16311 = DIRECTION('',(0.321402950898,-0.94694252368,0.));
#16312 = ADVANCED_FACE('',(#16313),#16342,.F.);
#16313 = FACE_BOUND('',#16314,.F.);
#16314 = EDGE_LOOP('',(#16315,#16326,#16333,#16334,#16335));
#16315 = ORIENTED_EDGE('',*,*,#16316,.T.);
#16316 = EDGE_CURVE('',#16317,#16319,#16321,.T.);
#16317 = VERTEX_POINT('',#16318);
#16318 = CARTESIAN_POINT('',(1.345207027375,0.133875526098,
    12.560001227883));
#16319 = VERTEX_POINT('',#16320);
#16320 = CARTESIAN_POINT('',(1.345208333727,0.133871677216,
    12.539999181968));
#16321 = B_SPLINE_CURVE_WITH_KNOTS('',3,(#16322,#16323,#16324,#16325),
  .UNSPECIFIED.,.F.,.F.,(4,4),(0.,1.),.PIECEWISE_BEZIER_KNOTS.);
#16322 = CARTESIAN_POINT('',(1.345207027375,0.133875526098,
    12.560001227883));
#16323 = CARTESIAN_POINT('',(1.349913047033,0.120010282722,
    12.558360669919));
#16324 = CARTESIAN_POINT('',(1.349061670339,0.122518675357,
    12.541346976947));
#16325 = CARTESIAN_POINT('',(1.345208333727,0.133871677216,
    12.539999181968));
#16326 = ORIENTED_EDGE('',*,*,#16327,.T.);
#16327 = EDGE_CURVE('',#16319,#14236,#16328,.T.);
#16328 = CIRCLE('',#16329,0.14);
#16329 = AXIS2_PLACEMENT_3D('',#16330,#16331,#16332);
#16330 = CARTESIAN_POINT('',(1.477779615754,0.178870068132,12.54));
#16331 = DIRECTION('',(0.321402950898,-0.94694252368,0.));
#16332 = DIRECTION('',(-0.94694252368,-0.321402950898,0.));
#16333 = ORIENTED_EDGE('',*,*,#14262,.F.);
#16334 = ORIENTED_EDGE('',*,*,#14369,.F.);
#16335 = ORIENTED_EDGE('',*,*,#16336,.T.);
#16336 = EDGE_CURVE('',#14362,#16317,#16337,.T.);
#16337 = CIRCLE('',#16338,0.14);
#16338 = AXIS2_PLACEMENT_3D('',#16339,#16340,#16341);
#16339 = CARTESIAN_POINT('',(1.477778939075,0.178872061818,12.56));
#16340 = DIRECTION('',(0.321402950881,-0.946942523636,
    -9.749148699426E-06));
#16341 = DIRECTION('',(-0.946475667223,-0.321244171279,
    -3.14005378096E-02));
#16342 = ( BOUNDED_SURFACE() B_SPLINE_SURFACE(3,3,(
    (#16343,#16344,#16345,#16346)
    ,(#16347,#16348,#16349,#16350)
    ,(#16351,#16352,#16353,#16354)
    ,(#16355,#16356,#16357,#16358)
    ,(#16359,#16360,#16361,#16362)
    ,(#16363,#16364,#16365,#16366)
    ,(#16367,#16368,#16369,#16370
)),.UNSPECIFIED.,.F.,.F.,.F.) B_SPLINE_SURFACE_WITH_KNOTS((4,3,4),(4,4),
  (0.,1.,2.),(0.,1.),.PIECEWISE_BEZIER_KNOTS.) 
GEOMETRIC_REPRESENTATION_ITEM() RATIONAL_B_SPLINE_SURFACE((
    (1.409618244371,1.113176379305,1.113176379305,1.409618244371)
    ,(1.113140657192,0.879047849571,0.879047849571,1.113140657192)
    ,(1.113140657192,0.879047849571,0.879047849571,1.113140657192)
    ,(1.409618244371,1.113176379305,1.113176379305,1.409618244371)
    ,(1.113140657192,0.879047849571,0.879047849571,1.113140657192)
    ,(1.113140657192,0.879047849571,0.879047849571,1.113140657192)
    ,(1.409618244371,1.113176379305,1.113176379305,1.409618244371
))) REPRESENTATION_ITEM('') SURFACE() );
#16343 = CARTESIAN_POINT('',(1.345158877756,0.13423218587,
    12.555592796605));
#16344 = CARTESIAN_POINT('',(1.34085376538,0.138499033231,
    12.641534417544));
#16345 = CARTESIAN_POINT('',(1.397309282204,0.161712992726,
    12.702333997258));
#16346 = CARTESIAN_POINT('',(1.478907744998,0.189228419387,
    12.699633191115));
#16347 = CARTESIAN_POINT('',(1.346265162873,0.130972762091,
    12.55581003879));
#16348 = CARTESIAN_POINT('',(1.358959763325,8.5153725295E-02,
    12.64508990834));
#16349 = CARTESIAN_POINT('',(1.42744176259,7.2934321151E-02,
    12.708251139025));
#16350 = CARTESIAN_POINT('',(1.508505991467,0.102023749584,
    12.705445424895));
#16351 = CARTESIAN_POINT('',(1.347073329794,0.128591677469,
    12.55344948662));
#16352 = CARTESIAN_POINT('',(1.372186614509,4.6183741336E-02,
    12.606455968427));
#16353 = CARTESIAN_POINT('',(1.449454237964,8.079443731001E-03,
    12.643955514988));
#16354 = CARTESIAN_POINT('',(1.530128196581,3.8318716944E-02,
    12.642289730353));
#16355 = CARTESIAN_POINT('',(1.347073446032,0.128591334998,
    12.550000587641));
#16356 = CARTESIAN_POINT('',(1.372188516925,4.6178136291E-02,
    12.550009617613));
#16357 = CARTESIAN_POINT('',(1.449457404014,8.070115668001E-03,
    12.550016005885));
#16358 = CARTESIAN_POINT('',(1.530131306498,3.8309554262E-02,
    12.550015722109));
#16359 = CARTESIAN_POINT('',(1.347073562271,0.128590992527,
    12.546551688662));
#16360 = CARTESIAN_POINT('',(1.37219041934,4.6172531246E-02,
    12.493563266799));
#16361 = CARTESIAN_POINT('',(1.449460570063,8.060787604E-03,
    12.456076496783));
#16362 = CARTESIAN_POINT('',(1.530134416415,3.830039158E-02,
    12.457741713865));
#16363 = CARTESIAN_POINT('',(1.346265554483,0.130971608298,
    12.544190609191));
#16364 = CARTESIAN_POINT('',(1.358966172611,8.5134841754E-02,
    12.454920696833));
#16365 = CARTESIAN_POINT('',(1.427452429093,7.2902894664E-02,
    12.391766510384));
#16366 = CARTESIAN_POINT('',(1.508516468858,0.101992880273,
    12.394571911598));
#16367 = CARTESIAN_POINT('',(1.345159254747,0.134231075148,
    12.544407129488));
#16368 = CARTESIAN_POINT('',(1.340859935403,0.138480854628,
    12.458464372864));
#16369 = CARTESIAN_POINT('',(1.397319550518,0.161682739414,
    12.397663989708));
#16370 = CARTESIAN_POINT('',(1.478917831261,0.189198702452,
    12.400364831541));
#16371 = ADVANCED_FACE('',(#16372),#16391,.F.);
#16372 = FACE_BOUND('',#16373,.F.);
#16373 = EDGE_LOOP('',(#16374,#16383,#16389,#16390));
#16374 = ORIENTED_EDGE('',*,*,#16375,.T.);
#16375 = EDGE_CURVE('',#16061,#16376,#16378,.T.);
#16376 = VERTEX_POINT('',#16377);
#16377 = CARTESIAN_POINT('',(1.184505703516,0.607346341295,
    12.560000238807));
#16378 = CIRCLE('',#16379,0.14);
#16379 = AXIS2_PLACEMENT_3D('',#16380,#16381,#16382);
#16380 = CARTESIAN_POINT('',(1.317077713249,0.652342588198,12.56));
#16381 = DIRECTION('',(0.321402950898,-0.94694252368,0.));
#16382 = DIRECTION('',(0.94694252368,0.321402950898,0.));
#16383 = ORIENTED_EDGE('',*,*,#16384,.T.);
#16384 = EDGE_CURVE('',#16376,#16317,#16385,.T.);
#16385 = LINE('',#16386,#16387);
#16386 = CARTESIAN_POINT('',(1.346461102956,0.130180670474,
    12.560000238816));
#16387 = VECTOR('',#16388,1.);
#16388 = DIRECTION('',(0.321402950898,-0.94694252368,0.));
#16389 = ORIENTED_EDGE('',*,*,#16336,.F.);
#16390 = ORIENTED_EDGE('',*,*,#16060,.F.);
#16391 = CYLINDRICAL_SURFACE('',#16392,0.14);
#16392 = AXIS2_PLACEMENT_3D('',#16393,#16394,#16395);
#16393 = CARTESIAN_POINT('',(1.479033056271,0.1751770836,12.56));
#16394 = DIRECTION('',(-0.321402950898,0.94694252368,0.));
#16395 = DIRECTION('',(0.94694252368,0.321402950898,0.));
#16396 = ADVANCED_FACE('',(#16397),#16417,.F.);
#16397 = FACE_BOUND('',#16398,.F.);
#16398 = EDGE_LOOP('',(#16399,#16408,#16415,#16416));
#16399 = ORIENTED_EDGE('',*,*,#16400,.T.);
#16400 = EDGE_CURVE('',#16087,#16401,#16403,.T.);
#16401 = VERTEX_POINT('',#16402);
#16402 = CARTESIAN_POINT('',(1.184505687714,0.607346387852,
    12.53999978511));
#16403 = CIRCLE('',#16404,0.14);
#16404 = AXIS2_PLACEMENT_3D('',#16405,#16406,#16407);
#16405 = CARTESIAN_POINT('',(1.317077528201,0.652343133402,12.54));
#16406 = DIRECTION('',(-0.321402950898,0.94694252368,0.));
#16407 = DIRECTION('',(0.94694252368,0.321402950898,0.));
#16408 = ORIENTED_EDGE('',*,*,#16409,.T.);
#16409 = EDGE_CURVE('',#16401,#16376,#16410,.T.);
#16410 = B_SPLINE_CURVE_WITH_KNOTS('',3,(#16411,#16412,#16413,#16414),
  .UNSPECIFIED.,.F.,.F.,(4,4),(0.,1.),.PIECEWISE_BEZIER_KNOTS.);
#16411 = CARTESIAN_POINT('',(1.184505687714,0.607346387852,
    12.53999978511));
#16412 = CARTESIAN_POINT('',(1.17976600448,0.621310813477,
    12.541725421322));
#16413 = CARTESIAN_POINT('',(1.18068699778,0.618597310949,
    12.558608992185));
#16414 = CARTESIAN_POINT('',(1.184505703516,0.607346341295,
    12.560000238807));
#16415 = ORIENTED_EDGE('',*,*,#16375,.F.);
#16416 = ORIENTED_EDGE('',*,*,#16094,.F.);
#16417 = ( BOUNDED_SURFACE() B_SPLINE_SURFACE(3,3,(
    (#16418,#16419,#16420,#16421)
    ,(#16422,#16423,#16424,#16425)
    ,(#16426,#16427,#16428,#16429)
    ,(#16430,#16431,#16432,#16433)
    ,(#16434,#16435,#16436,#16437)
    ,(#16438,#16439,#16440,#16441)
    ,(#16442,#16443,#16444,#16445
)),.UNSPECIFIED.,.F.,.F.,.F.) B_SPLINE_SURFACE_WITH_KNOTS((4,3,4),(4,4),
  (0.,1.,2.),(0.,1.),.PIECEWISE_BEZIER_KNOTS.) 
GEOMETRIC_REPRESENTATION_ITEM() RATIONAL_B_SPLINE_SURFACE((
    (1.810232031066,1.41391007903,1.41391007903,1.810232031066)
    ,(0.991868738905,0.774714612792,0.774714612792,0.991868738905)
    ,(0.991868738905,0.774714612792,0.774714612792,0.991868738905)
    ,(1.810232031066,1.41391007903,1.41391007903,1.810232031066)
    ,(0.991868738905,0.774714612792,0.774714612792,0.991868738905)
    ,(0.991868738905,0.774714612792,0.774714612792,0.991868738905)
    ,(1.810232031066,1.41391007903,1.41391007903,1.810232031066
))) REPRESENTATION_ITEM('') SURFACE() );
#16418 = CARTESIAN_POINT('',(1.185958331375,0.603299260177,
    12.546694208681));
#16419 = CARTESIAN_POINT('',(1.205765121528,0.535938759984,
    12.492760905019));
#16420 = CARTESIAN_POINT('',(1.281697414871,0.510161771789,
    12.455232504125));
#16421 = CARTESIAN_POINT('',(1.36388265219,0.542898699159,
    12.458757772861));
#16422 = CARTESIAN_POINT('',(1.18473438457,0.60690534803,12.541740862217
    ));
#16423 = CARTESIAN_POINT('',(1.184572734987,0.598377427515,
    12.406994732447));
#16424 = CARTESIAN_POINT('',(1.246610392534,0.613537902553,
    12.313234357438));
#16425 = CARTESIAN_POINT('',(1.330100836683,0.642429327428,
    12.322041834197));
#16426 = CARTESIAN_POINT('',(1.182833123338,0.612506992645,
    12.543751916644));
#16427 = CARTESIAN_POINT('',(1.151652788824,0.695368748883,
    12.441815725134));
#16428 = CARTESIAN_POINT('',(1.192106720468,0.774120886101,
    12.370885483506));
#16429 = CARTESIAN_POINT('',(1.277624653993,0.797038763124,
    12.377548388327));
#16430 = CARTESIAN_POINT('',(1.182833094033,0.612507078985,
    12.549999920851));
#16431 = CARTESIAN_POINT('',(1.151652281419,0.695370243838,
    12.549998629538));
#16432 = CARTESIAN_POINT('',(1.192105880388,0.774123361211,
    12.549997731004));
#16433 = CARTESIAN_POINT('',(1.277623845163,0.797041146163,
    12.549997815409));
#16434 = CARTESIAN_POINT('',(1.182833064728,0.612507165324,
    12.556247925057));
#16435 = CARTESIAN_POINT('',(1.151651774015,0.695371738792,
    12.658181533943));
#16436 = CARTESIAN_POINT('',(1.192105040308,0.774125836322,
    12.729109978503));
#16437 = CARTESIAN_POINT('',(1.277623036333,0.797043529201,
    12.722447242491));
#16438 = CARTESIAN_POINT('',(1.184734307095,0.606905576292,
    12.558259152134));
#16439 = CARTESIAN_POINT('',(1.184571393527,0.598381379831,
    12.693005516021));
#16440 = CARTESIAN_POINT('',(1.246608171555,0.613544446177,
    12.786766053935));
#16441 = CARTESIAN_POINT('',(1.330098698322,0.642435627635,
    12.777958561873));
#16442 = CARTESIAN_POINT('',(1.185958300365,0.603299351543,
    12.553305916816));
#16443 = CARTESIAN_POINT('',(1.205764584588,0.535940341962,
    12.607241267931));
#16444 = CARTESIAN_POINT('',(1.281696525889,0.510164390978,
    12.644771093503));
#16445 = CARTESIAN_POINT('',(1.363881796277,0.542901220917,
    12.641245690939));
#16446 = ADVANCED_FACE('',(#16447),#16458,.F.);
#16447 = FACE_BOUND('',#16448,.F.);
#16448 = EDGE_LOOP('',(#16449,#16450,#16456,#16457));
#16449 = ORIENTED_EDGE('',*,*,#16327,.F.);
#16450 = ORIENTED_EDGE('',*,*,#16451,.T.);
#16451 = EDGE_CURVE('',#16319,#16401,#16452,.T.);
#16452 = LINE('',#16453,#16454);
#16453 = CARTESIAN_POINT('',(1.104154741252,0.844082633772,
    12.539999761234));
#16454 = VECTOR('',#16455,1.);
#16455 = DIRECTION('',(-0.321402950898,0.94694252368,0.));
#16456 = ORIENTED_EDGE('',*,*,#16400,.F.);
#16457 = ORIENTED_EDGE('',*,*,#16109,.F.);
#16458 = CYLINDRICAL_SURFACE('',#16459,0.14);
#16459 = AXIS2_PLACEMENT_3D('',#16460,#16461,#16462);
#16460 = CARTESIAN_POINT('',(1.315823283761,0.656038486515,12.54));
#16461 = DIRECTION('',(0.321402950898,-0.94694252368,0.));
#16462 = DIRECTION('',(-0.94694252368,-0.321402950898,0.));
#16463 = ADVANCED_FACE('',(#16464),#16476,.F.);
#16464 = FACE_BOUND('',#16465,.F.);
#16465 = EDGE_LOOP('',(#16466,#16467,#16468,#16469));
#16466 = ORIENTED_EDGE('',*,*,#16215,.F.);
#16467 = ORIENTED_EDGE('',*,*,#16175,.T.);
#16468 = ORIENTED_EDGE('',*,*,#16198,.F.);
#16469 = ORIENTED_EDGE('',*,*,#16470,.T.);
#16470 = EDGE_CURVE('',#14196,#14395,#16471,.T.);
#16471 = CIRCLE('',#16472,4.E-02);
#16472 = AXIS2_PLACEMENT_3D('',#16473,#16474,#16475);
#16473 = CARTESIAN_POINT('',(0.998025194451,1.747928040518,12.55));
#16474 = DIRECTION('',(-0.321402950898,0.94694252368,0.));
#16475 = DIRECTION('',(0.94694252368,0.321402950898,0.));
#16476 = CYLINDRICAL_SURFACE('',#16477,4.E-02);
#16477 = AXIS2_PLACEMENT_3D('',#16478,#16479,#16480);
#16478 = CARTESIAN_POINT('',(1.670914412452,-0.234590827059,12.55));
#16479 = DIRECTION('',(-0.321402950898,0.94694252368,0.));
#16480 = DIRECTION('',(0.94694252368,0.321402950898,0.));
#16481 = ADVANCED_FACE('',(#16482),#16508,.T.);
#16482 = FACE_BOUND('',#16483,.T.);
#16483 = EDGE_LOOP('',(#16484,#16485,#16493,#16502));
#16484 = ORIENTED_EDGE('',*,*,#16143,.F.);
#16485 = ORIENTED_EDGE('',*,*,#16486,.T.);
#16486 = EDGE_CURVE('',#16136,#16487,#16489,.T.);
#16487 = VERTEX_POINT('',#16488);
#16488 = CARTESIAN_POINT('',(0.818106114952,1.686861479847,
    12.403371217014));
#16489 = LINE('',#16490,#16491);
#16490 = CARTESIAN_POINT('',(1.490995332953,-0.29565738773,
    12.403371217014));
#16491 = VECTOR('',#16492,1.);
#16492 = DIRECTION('',(0.321402950898,-0.94694252368,0.));
#16493 = ORIENTED_EDGE('',*,*,#16494,.T.);
#16494 = EDGE_CURVE('',#16487,#16495,#16497,.T.);
#16495 = VERTEX_POINT('',#16496);
#16496 = CARTESIAN_POINT('',(0.818106114952,1.686861479847,
    12.696628782986));
#16497 = CIRCLE('',#16498,0.24);
#16498 = AXIS2_PLACEMENT_3D('',#16499,#16500,#16501);
#16499 = CARTESIAN_POINT('',(0.998025194451,1.747928040518,12.55));
#16500 = DIRECTION('',(-0.321402950898,0.94694252368,0.));
#16501 = DIRECTION('',(0.94694252368,0.321402950898,0.));
#16502 = ORIENTED_EDGE('',*,*,#16503,.T.);
#16503 = EDGE_CURVE('',#16495,#16144,#16504,.T.);
#16504 = LINE('',#16505,#16506);
#16505 = CARTESIAN_POINT('',(1.490995332953,-0.29565738773,
    12.696628782987));
#16506 = VECTOR('',#16507,1.);
#16507 = DIRECTION('',(-0.321402950898,0.94694252368,0.));
#16508 = CYLINDRICAL_SURFACE('',#16509,0.24);
#16509 = AXIS2_PLACEMENT_3D('',#16510,#16511,#16512);
#16510 = CARTESIAN_POINT('',(1.670914412452,-0.234590827059,12.55));
#16511 = DIRECTION('',(-0.321402950898,0.94694252368,0.));
#16512 = DIRECTION('',(0.94694252368,0.321402950898,0.));
#16513 = ADVANCED_FACE('',(#16514),#16519,.F.);
#16514 = FACE_BOUND('',#16515,.F.);
#16515 = EDGE_LOOP('',(#16516,#16517,#16518));
#16516 = ORIENTED_EDGE('',*,*,#16470,.F.);
#16517 = ORIENTED_EDGE('',*,*,#14220,.F.);
#16518 = ORIENTED_EDGE('',*,*,#14402,.F.);
#16519 = SPHERICAL_SURFACE('',#16520,4.E-02);
#16520 = AXIS2_PLACEMENT_3D('',#16521,#16522,#16523);
#16521 = CARTESIAN_POINT('',(0.998025194451,1.747928040518,12.55));
#16522 = DIRECTION('',(0.3214029509,-0.94694252368,-6.502416385963E-12)
  );
#16523 = DIRECTION('',(-2.103352214622E-12,6.152847328855E-12,-1.));
#16524 = ADVANCED_FACE('',(#16525,#16567),#16612,.T.);
#16525 = FACE_BOUND('',#16526,.T.);
#16526 = EDGE_LOOP('',(#16527,#16541,#16549,#16561));
#16527 = ORIENTED_EDGE('',*,*,#16528,.T.);
#16528 = EDGE_CURVE('',#16529,#16531,#16533,.T.);
#16529 = VERTEX_POINT('',#16530);
#16530 = CARTESIAN_POINT('',(1.184511387382,0.607313170323,
    12.230165178432));
#16531 = VERTEX_POINT('',#16532);
#16532 = CARTESIAN_POINT('',(1.184515632788,0.607311493574,
    12.869837257473));
#16533 = ( BOUNDED_CURVE() B_SPLINE_CURVE(3,(#16534,#16535,#16536,#16537
    ,#16538,#16539,#16540),.UNSPECIFIED.,.F.,.F.) 
B_SPLINE_CURVE_WITH_KNOTS((4,3,4),(6.594944350063E-19,4.999351938741E-04
,9.998266525752E-04),.UNSPECIFIED.) CURVE() 
GEOMETRIC_REPRESENTATION_ITEM() RATIONAL_B_SPLINE_CURVE((1.114416143946,
    1.008924396562,1.184493519353,1.641123512317,1.184533466114,
1.008955116879,1.114388464612)) REPRESENTATION_ITEM('') );
#16534 = CARTESIAN_POINT('',(1.184511387382,0.607313170323,
    12.230165178432));
#16535 = CARTESIAN_POINT('',(1.119555698202,0.798707129273,
    12.23013988835));
#16536 = CARTESIAN_POINT('',(1.081703978295,0.910228828358,
    12.377867692275));
#16537 = CARTESIAN_POINT('',(1.081708387693,0.910215837049,
    12.55002548787));
#16538 = CARTESIAN_POINT('',(1.081712796556,0.910202847315,
    12.722162417535));
#16539 = CARTESIAN_POINT('',(1.11956430766,0.798681763427,
    12.869861974048));
#16540 = CARTESIAN_POINT('',(1.184515632788,0.607311493574,
    12.869837257473));
#16541 = ORIENTED_EDGE('',*,*,#16542,.T.);
#16542 = EDGE_CURVE('',#16531,#16543,#16545,.T.);
#16543 = VERTEX_POINT('',#16544);
#16544 = CARTESIAN_POINT('',(1.345207698628,0.133872677033,
    12.869838541143));
#16545 = LINE('',#16546,#16547);
#16546 = CARTESIAN_POINT('',(1.453668971583,-0.185683541078,
    12.869837175022));
#16547 = VECTOR('',#16548,1.);
#16548 = DIRECTION('',(0.321402950898,-0.94694252368,0.));
#16549 = ORIENTED_EDGE('',*,*,#16550,.T.);
#16550 = EDGE_CURVE('',#16543,#16551,#16553,.T.);
#16551 = VERTEX_POINT('',#16552);
#16552 = CARTESIAN_POINT('',(1.345199754891,0.13387966326,
    12.230164141616));
#16553 = ( BOUNDED_CURVE() B_SPLINE_CURVE(3,(#16554,#16555,#16556,#16557
    ,#16558,#16559,#16560),.UNSPECIFIED.,.F.,.F.) 
B_SPLINE_CURVE_WITH_KNOTS((4,3,4),(0.,4.998927076285E-04,
9.997588412155E-04),.UNSPECIFIED.) CURVE() GEOMETRIC_REPRESENTATION_ITEM
() RATIONAL_B_SPLINE_CURVE((1.255134700453,1.017791105181,1.028821834226
    ,1.288226887588,1.028835624067,1.017792278659,1.255096851365)) 
REPRESENTATION_ITEM('') );
#16554 = CARTESIAN_POINT('',(1.345207698628,0.133872677033,
    12.869838541143));
#16555 = CARTESIAN_POINT('',(1.405751504041,-4.450534866704E-02,
    12.86983643003));
#16556 = CARTESIAN_POINT('',(1.44800724701,-0.169002525107,
    12.736335272099));
#16557 = CARTESIAN_POINT('',(1.448004045888,-0.168993093714,
    12.549982905819));
#16558 = CARTESIAN_POINT('',(1.448000844981,-0.168983662948,
    12.363642943549));
#16559 = CARTESIAN_POINT('',(1.405745057207,-4.448635449931E-02,
    12.23015778222));
#16560 = CARTESIAN_POINT('',(1.345199754891,0.13387966326,
    12.230164141616));
#16561 = ORIENTED_EDGE('',*,*,#16562,.T.);
#16562 = EDGE_CURVE('',#16551,#16529,#16563,.T.);
#16563 = LINE('',#16564,#16565);
#16564 = CARTESIAN_POINT('',(1.453668971583,-0.185683541078,
    12.230162392616));
#16565 = VECTOR('',#16566,1.);
#16566 = DIRECTION('',(-0.321402950898,0.94694252368,0.));
#16567 = FACE_BOUND('',#16568,.T.);
#16568 = EDGE_LOOP('',(#16569,#16570,#16571,#16572,#16573,#16574,#16575,
    #16576,#16577,#16611));
#16569 = ORIENTED_EDGE('',*,*,#16135,.T.);
#16570 = ORIENTED_EDGE('',*,*,#16301,.F.);
#16571 = ORIENTED_EDGE('',*,*,#16274,.F.);
#16572 = ORIENTED_EDGE('',*,*,#15838,.T.);
#16573 = ORIENTED_EDGE('',*,*,#16260,.T.);
#16574 = ORIENTED_EDGE('',*,*,#16242,.T.);
#16575 = ORIENTED_EDGE('',*,*,#16152,.T.);
#16576 = ORIENTED_EDGE('',*,*,#16503,.F.);
#16577 = ORIENTED_EDGE('',*,*,#16578,.T.);
#16578 = EDGE_CURVE('',#16495,#16487,#16579,.T.);
#16579 = B_SPLINE_CURVE_WITH_KNOTS('',3,(#16580,#16581,#16582,#16583,
    #16584,#16585,#16586,#16587,#16588,#16589,#16590,#16591,#16592,
    #16593,#16594,#16595,#16596,#16597,#16598,#16599,#16600,#16601,
    #16602,#16603,#16604,#16605,#16606,#16607,#16608,#16609,#16610),
  .UNSPECIFIED.,.F.,.F.,(4,3,3,3,3,3,3,3,3,3,4),(-2.298858822349E-04,
    -1.80636028826E-04,-1.313861754165E-04,-8.213632200673E-05,
    -3.288646859706E-05,7.86046575052E-19,4.867517551491E-05,
    9.735035102981E-05,1.466002044394E-04,1.958500578491E-04,
    2.283610530702E-04),.UNSPECIFIED.);
#16580 = CARTESIAN_POINT('',(0.818106114952,1.686861479847,
    12.696628782986));
#16581 = CARTESIAN_POINT('',(0.823380738877,1.671320970101,
    12.696628782986));
#16582 = CARTESIAN_POINT('',(0.828728103122,1.655566147133,
    12.693795356734));
#16583 = CARTESIAN_POINT('',(0.833705390129,1.640901674681,
    12.688363141491));
#16584 = CARTESIAN_POINT('',(0.838682677135,1.62623720223,
    12.682930926247));
#16585 = CARTESIAN_POINT('',(0.843427166625,1.612258616039,
    12.674750094807));
#16586 = CARTESIAN_POINT('',(0.847545965361,1.600123488908,
    12.664498105381));
#16587 = CARTESIAN_POINT('',(0.851664764096,1.587988361778,
    12.654246115955));
#16588 = CARTESIAN_POINT('',(0.855271473632,1.57736199192,
    12.641640206015));
#16589 = CARTESIAN_POINT('',(0.858067420783,1.569124353641,
    12.627724276445));
#16590 = CARTESIAN_POINT('',(0.860863367934,1.560886715362,
    12.613808346875));
#16591 = CARTESIAN_POINT('',(0.862925668375,1.554810604428,
    12.598198579155));
#16592 = CARTESIAN_POINT('',(0.86408354211,1.551399186227,
    12.582187624937));
#16593 = CARTESIAN_POINT('',(0.864862818776,1.549103220334,
    12.571411870504));
#16594 = CARTESIAN_POINT('',(0.865250681188,1.547960469746,
    12.560290523915));
#16595 = CARTESIAN_POINT('',(0.865232414593,1.548014288218,
    12.549245507617));
#16596 = CARTESIAN_POINT('',(0.865205581437,1.548093346163,
    12.53302066391));
#16597 = CARTESIAN_POINT('',(0.864288831362,1.550794346968,
    12.51659124997));
#16598 = CARTESIAN_POINT('',(0.862556402533,1.555898564348,
    12.501287715124));
#16599 = CARTESIAN_POINT('',(0.860823973703,1.561002781727,
    12.485984180278));
#16600 = CARTESIAN_POINT('',(0.858229138243,1.568647889005,
    12.471393750466));
#16601 = CARTESIAN_POINT('',(0.854982025199,1.578214787543,
    12.458697954597));
#16602 = CARTESIAN_POINT('',(0.851697649899,1.587891471052,
    12.445856468085));
#16603 = CARTESIAN_POINT('',(0.847655398077,1.599801069676,
    12.434602192619));
#16604 = CARTESIAN_POINT('',(0.843190010363,1.612957344375,
    12.425867099643));
#16605 = CARTESIAN_POINT('',(0.838724622649,1.626113619074,
    12.417132006666));
#16606 = CARTESIAN_POINT('',(0.833712938137,1.640879436147,
    12.410675171531));
#16607 = CARTESIAN_POINT('',(0.8285699766,1.656032031863,12.407031287561
    ));
#16608 = CARTESIAN_POINT('',(0.825147663638,1.666115118107,
    12.404606515131));
#16609 = CARTESIAN_POINT('',(0.821616040838,1.676520261551,
    12.403371217014));
#16610 = CARTESIAN_POINT('',(0.818106114952,1.686861479847,
    12.403371217014));
#16611 = ORIENTED_EDGE('',*,*,#16486,.F.);
#16612 = PLANE('',#16613);
#16613 = AXIS2_PLACEMENT_3D('',#16614,#16615,#16616);
#16614 = CARTESIAN_POINT('',(1.453668971583,-0.185683541078,13.125));
#16615 = DIRECTION('',(-0.94694252368,-0.321402950898,0.));
#16616 = DIRECTION('',(-0.321402950898,0.94694252368,0.));
#16617 = ADVANCED_FACE('',(#16618),#16624,.F.);
#16618 = FACE_BOUND('',#16619,.T.);
#16619 = EDGE_LOOP('',(#16620,#16621,#16622,#16623));
#16620 = ORIENTED_EDGE('',*,*,#16409,.T.);
#16621 = ORIENTED_EDGE('',*,*,#16384,.T.);
#16622 = ORIENTED_EDGE('',*,*,#16316,.T.);
#16623 = ORIENTED_EDGE('',*,*,#16451,.T.);
#16624 = PLANE('',#16625);
#16625 = AXIS2_PLACEMENT_3D('',#16626,#16627,#16628);
#16626 = CARTESIAN_POINT('',(1.104154741252,0.844082633772,12.55));
#16627 = DIRECTION('',(-0.94694252368,-0.321402950898,0.));
#16628 = DIRECTION('',(-0.321402950898,0.94694252368,0.));
#16629 = ADVANCED_FACE('',(#16630),#16634,.T.);
#16630 = FACE_BOUND('',#16631,.T.);
#16631 = EDGE_LOOP('',(#16632,#16633));
#16632 = ORIENTED_EDGE('',*,*,#16494,.F.);
#16633 = ORIENTED_EDGE('',*,*,#16578,.F.);
#16634 = SPHERICAL_SURFACE('',#16635,0.24);
#16635 = AXIS2_PLACEMENT_3D('',#16636,#16637,#16638);
#16636 = CARTESIAN_POINT('',(0.998025194451,1.747928040518,12.55));
#16637 = DIRECTION('',(-0.835257307431,0.549859282347,1.10442439188E-12)
  );
#16638 = DIRECTION('',(-0.549859282347,-0.835257307431,
    -8.456776945387E-13));
#16639 = ADVANCED_FACE('',(#16640),#16669,.T.);
#16640 = FACE_BOUND('',#16641,.T.);
#16641 = EDGE_LOOP('',(#16642,#16653,#16661,#16668));
#16642 = ORIENTED_EDGE('',*,*,#16643,.T.);
#16643 = EDGE_CURVE('',#16531,#16644,#16646,.T.);
#16644 = VERTEX_POINT('',#16645);
#16645 = CARTESIAN_POINT('',(0.995117497991,0.543064869558,
    12.560000524518));
#16646 = B_SPLINE_CURVE_WITH_KNOTS('',3,(#16647,#16648,#16649,#16650,
    #16651,#16652),.UNSPECIFIED.,.F.,.F.,(4,2,4),(0.,0.5,1.),
  .UNSPECIFIED.);
#16647 = CARTESIAN_POINT('',(1.184515632788,0.607311493574,
    12.869837257473));
#16648 = CARTESIAN_POINT('',(1.12845492059,0.588290062646,
    12.843088068183));
#16649 = CARTESIAN_POINT('',(1.079945701656,0.571831693527,
    12.798969753076));
#16650 = CARTESIAN_POINT('',(1.013218891952,0.549196274838,
    12.689810601633));
#16651 = CARTESIAN_POINT('',(0.995119481623,0.543059337039,
    12.624963108976));
#16652 = CARTESIAN_POINT('',(0.995117497991,0.543064869558,
    12.560000524518));
#16653 = ORIENTED_EDGE('',*,*,#16654,.T.);
#16654 = EDGE_CURVE('',#16644,#16655,#16657,.T.);
#16655 = VERTEX_POINT('',#16656);
#16656 = CARTESIAN_POINT('',(1.155819247376,6.959280062577E-02,
    12.560000495574));
#16657 = LINE('',#16658,#16659);
#16658 = CARTESIAN_POINT('',(1.15707259822,6.590008029468E-02,
    12.560000524504));
#16659 = VECTOR('',#16660,1.);
#16660 = DIRECTION('',(0.321402950898,-0.94694252368,0.));
#16661 = ORIENTED_EDGE('',*,*,#16662,.T.);
#16662 = EDGE_CURVE('',#16655,#16543,#16663,.T.);
#16663 = CIRCLE('',#16664,0.34);
#16664 = AXIS2_PLACEMENT_3D('',#16665,#16666,#16667);
#16665 = CARTESIAN_POINT('',(1.477779705427,0.178869803931,12.56));
#16666 = DIRECTION('',(-0.321402950898,0.94694252368,0.));
#16667 = DIRECTION('',(0.94694252368,0.321402950898,0.));
#16668 = ORIENTED_EDGE('',*,*,#16542,.F.);
#16669 = CYLINDRICAL_SURFACE('',#16670,0.34);
#16670 = AXIS2_PLACEMENT_3D('',#16671,#16672,#16673);
#16671 = CARTESIAN_POINT('',(1.479033056271,0.1751770836,12.56));
#16672 = DIRECTION('',(-0.321402950898,0.94694252368,0.));
#16673 = DIRECTION('',(0.94694252368,0.321402950898,0.));
#16674 = ADVANCED_FACE('',(#16675),#16700,.T.);
#16675 = FACE_BOUND('',#16676,.T.);
#16676 = EDGE_LOOP('',(#16677,#16688,#16698,#16699));
#16677 = ORIENTED_EDGE('',*,*,#16678,.T.);
#16678 = EDGE_CURVE('',#16529,#16679,#16681,.T.);
#16679 = VERTEX_POINT('',#16680);
#16680 = CARTESIAN_POINT('',(0.995116689684,0.543067251054,
    12.539999650221));
#16681 = B_SPLINE_CURVE_WITH_KNOTS('',3,(#16682,#16683,#16684,#16685,
    #16686,#16687),.UNSPECIFIED.,.F.,.F.,(4,2,4),(0.,0.5,1.),
  .UNSPECIFIED.);
#16682 = CARTESIAN_POINT('',(1.184511387382,0.607313170323,
    12.230165178432));
#16683 = CARTESIAN_POINT('',(1.13136326017,0.589287895732,
    12.255523424119));
#16684 = CARTESIAN_POINT('',(1.080749897127,0.572122213636,
    12.299633165807));
#16685 = CARTESIAN_POINT('',(1.012197179464,0.548868998752,
    12.411924098383));
#16686 = CARTESIAN_POINT('',(0.995115108282,0.543072106666,
    12.478658731272));
#16687 = CARTESIAN_POINT('',(0.995116689684,0.543067251054,
    12.539999650221));
#16688 = ORIENTED_EDGE('',*,*,#16689,.T.);
#16689 = EDGE_CURVE('',#16679,#16644,#16690,.T.);
#16690 = ( BOUNDED_CURVE() B_SPLINE_CURVE(3,(#16691,#16692,#16693,#16694
    ,#16695,#16696,#16697),.UNSPECIFIED.,.F.,.F.) 
B_SPLINE_CURVE_WITH_KNOTS((4,3,4),(0.,0.499986583904,1.),.UNSPECIFIED.) 
CURVE() GEOMETRIC_REPRESENTATION_ITEM() RATIONAL_B_SPLINE_CURVE((
    1.118802617208,1.012968233322,1.189246098309,1.647636212167,
1.189221498425,1.012949313941,1.118819658714)) REPRESENTATION_ITEM('') 
  );
#16691 = CARTESIAN_POINT('',(0.995116689684,0.543067251054,
    12.539999650221));
#16692 = CARTESIAN_POINT('',(0.993085848119,0.549050675386,
    12.540000034731));
#16693 = CARTESIAN_POINT('',(0.99190263825,0.552536740887,
    12.544618715379));
#16694 = CARTESIAN_POINT('',(0.991902776099,0.552536334747,
    12.55000079694));
#16695 = CARTESIAN_POINT('',(0.991902913958,0.552535928575,
    12.555383278672));
#16696 = CARTESIAN_POINT('',(0.993086509525,0.549048726701,
    12.560001554271));
#16697 = CARTESIAN_POINT('',(0.995117497991,0.543064869558,
    12.560000524518));
#16698 = ORIENTED_EDGE('',*,*,#16643,.F.);
#16699 = ORIENTED_EDGE('',*,*,#16528,.F.);
#16700 = ( BOUNDED_SURFACE() B_SPLINE_SURFACE(3,3,(
    (#16701,#16702,#16703,#16704)
    ,(#16705,#16706,#16707,#16708)
    ,(#16709,#16710,#16711,#16712)
    ,(#16713,#16714,#16715,#16716)
    ,(#16717,#16718,#16719,#16720)
    ,(#16721,#16722,#16723,#16724)
    ,(#16725,#16726,#16727,#16728
)),.UNSPECIFIED.,.F.,.F.,.F.) B_SPLINE_SURFACE_WITH_KNOTS((4,3,4),(4,4),
  (0.,1.,2.),(0.,1.),.PIECEWISE_BEZIER_KNOTS.) 
GEOMETRIC_REPRESENTATION_ITEM() RATIONAL_B_SPLINE_SURFACE((
    (1.654347222941,1.465812871783,1.465812871783,1.654347222941)
    ,(0.906498286149,0.803191033696,0.803191033696,0.906498286149)
    ,(0.906498286149,0.803191033696,0.803191033696,0.906498286149)
    ,(1.654347222941,1.465812871783,1.465812871783,1.654347222941)
    ,(0.906498286149,0.803191033696,0.803191033696,0.906498286149)
    ,(0.906498286149,0.803191033696,0.803191033696,0.906498286149)
    ,(1.654347222941,1.465812871783,1.465812871783,1.654347222941
))) REPRESENTATION_ITEM('') SURFACE() );
#16701 = CARTESIAN_POINT('',(0.996528237592,0.539004213461,
    12.546692758387));
#16702 = CARTESIAN_POINT('',(1.031146170207,0.431021289076,
    12.459494450501));
#16703 = CARTESIAN_POINT('',(1.13585651613,0.366395182803,
    12.386546058058));
#16704 = CARTESIAN_POINT('',(1.274859963971,0.36722084698,12.35278783117
    ));
#16705 = CARTESIAN_POINT('',(0.995303828182,0.542611664274,
    12.541739341041));
#16706 = CARTESIAN_POINT('',(0.997639139452,0.529742325004,
    12.323939867194));
#16707 = CARTESIAN_POINT('',(1.075342478152,0.544686376705,
    12.141733103356));
#16708 = CARTESIAN_POINT('',(1.201847930534,0.582334613064,
    12.057413530737));
#16709 = CARTESIAN_POINT('',(0.99340237015,0.548213888717,
    12.543751494569));
#16710 = CARTESIAN_POINT('',(0.945604083004,0.683052080048,
    12.379004202377));
#16711 = CARTESIAN_POINT('',(0.981366637525,0.821565351957,
    12.241179852157));
#16712 = CARTESIAN_POINT('',(1.0884632111,0.916397545802,12.177399067831
    ));
#16713 = CARTESIAN_POINT('',(0.993402530202,0.548213417162,
    12.550000432313));
#16714 = CARTESIAN_POINT('',(0.945608462943,0.683039175533,
    12.550011830612));
#16715 = CARTESIAN_POINT('',(0.981374547739,0.821542046271,
    12.550021366205));
#16716 = CARTESIAN_POINT('',(1.088472755015,0.916369426781,
    12.550025778978));
#16717 = CARTESIAN_POINT('',(0.993402690253,0.548212945606,
    12.556249370057));
#16718 = CARTESIAN_POINT('',(0.945612842881,0.683026271018,
    12.721019458847));
#16719 = CARTESIAN_POINT('',(0.981382457953,0.821518740586,
    12.858862880253));
#16720 = CARTESIAN_POINT('',(1.088482298929,0.91634130776,
    12.922652490124));
#16721 = CARTESIAN_POINT('',(0.995304251333,0.542610417554,
    12.558260580651));
#16722 = CARTESIAN_POINT('',(0.997650719343,0.529708207432,
    12.776057989823));
#16723 = CARTESIAN_POINT('',(1.075363391553,0.544624760022,
    12.958263026392));
#16724 = CARTESIAN_POINT('',(1.201873163191,0.582260270657,
    13.042581799684));
#16725 = CARTESIAN_POINT('',(0.996528406988,0.539003714373,
    12.553306556199));
#16726 = CARTESIAN_POINT('',(1.03115080588,0.431007631098,
    12.640486792536));
#16727 = CARTESIAN_POINT('',(1.135864888203,0.366370516356,
    12.713420066674));
#16728 = CARTESIAN_POINT('',(1.274870065131,0.367191086159,
    12.747171297284));
#16729 = ADVANCED_FACE('',(#16730),#16749,.T.);
#16730 = FACE_BOUND('',#16731,.T.);
#16731 = EDGE_LOOP('',(#16732,#16741,#16747,#16748));
#16732 = ORIENTED_EDGE('',*,*,#16733,.T.);
#16733 = EDGE_CURVE('',#16551,#16734,#16736,.T.);
#16734 = VERTEX_POINT('',#16735);
#16735 = CARTESIAN_POINT('',(1.155817566783,6.95977521198E-02,
    12.539999685389));
#16736 = CIRCLE('',#16737,0.34);
#16737 = AXIS2_PLACEMENT_3D('',#16738,#16739,#16740);
#16738 = CARTESIAN_POINT('',(1.477776970294,0.178877862395,12.54));
#16739 = DIRECTION('',(-0.321402950898,0.94694252368,-3.944304526105E-31
    ));
#16740 = DIRECTION('',(-0.94694252368,-0.321402950898,
    -1.020425574104E-14));
#16741 = ORIENTED_EDGE('',*,*,#16742,.T.);
#16742 = EDGE_CURVE('',#16734,#16679,#16743,.T.);
#16743 = LINE('',#16744,#16745);
#16744 = CARTESIAN_POINT('',(0.914766236516,0.779802043592,
    12.539999475332));
#16745 = VECTOR('',#16746,1.);
#16746 = DIRECTION('',(-0.321402950898,0.94694252368,0.));
#16747 = ORIENTED_EDGE('',*,*,#16678,.F.);
#16748 = ORIENTED_EDGE('',*,*,#16562,.F.);
#16749 = CYLINDRICAL_SURFACE('',#16750,0.34);
#16750 = AXIS2_PLACEMENT_3D('',#16751,#16752,#16753);
#16751 = CARTESIAN_POINT('',(1.315823283761,0.656038486515,12.54));
#16752 = DIRECTION('',(0.321402950898,-0.94694252368,0.));
#16753 = DIRECTION('',(-0.94694252368,-0.321402950898,0.));
#16754 = ADVANCED_FACE('',(#16755),#16770,.T.);
#16755 = FACE_BOUND('',#16756,.T.);
#16756 = EDGE_LOOP('',(#16757,#16758,#16768,#16769));
#16757 = ORIENTED_EDGE('',*,*,#16662,.F.);
#16758 = ORIENTED_EDGE('',*,*,#16759,.T.);
#16759 = EDGE_CURVE('',#16655,#16734,#16760,.T.);
#16760 = ( BOUNDED_CURVE() B_SPLINE_CURVE(3,(#16761,#16762,#16763,#16764
    ,#16765,#16766,#16767),.UNSPECIFIED.,.F.,.F.) 
B_SPLINE_CURVE_WITH_KNOTS((4,3,4),(0.,0.499981393677,1.),.UNSPECIFIED.) 
CURVE() GEOMETRIC_REPRESENTATION_ITEM() RATIONAL_B_SPLINE_CURVE((
    1.259263754133,1.021238546596,1.032345866689,1.292585714411,
1.032326497542,1.021236894584,1.259316905536)) REPRESENTATION_ITEM('') 
  );
#16761 = CARTESIAN_POINT('',(1.155819247376,6.959280062577E-02,
    12.560000495574));
#16762 = CARTESIAN_POINT('',(1.157711951929,6.401636637134E-02,
    12.559999014802));
#16763 = CARTESIAN_POINT('',(1.159032732444,6.012497946664E-02,
    12.555824988966));
#16764 = CARTESIAN_POINT('',(1.159032632374,6.01252742995E-02,
    12.549999465512));
#16765 = CARTESIAN_POINT('',(1.159032532295,6.012556915986E-02,
    12.544173399166));
#16766 = CARTESIAN_POINT('',(1.157711409623,6.401796415125E-02,
    12.539999727513));
#16767 = CARTESIAN_POINT('',(1.155817566783,6.95977521198E-02,
    12.539999685389));
#16768 = ORIENTED_EDGE('',*,*,#16733,.F.);
#16769 = ORIENTED_EDGE('',*,*,#16550,.F.);
#16770 = ( BOUNDED_SURFACE() B_SPLINE_SURFACE(3,3,(
    (#16771,#16772,#16773,#16774)
    ,(#16775,#16776,#16777,#16778)
    ,(#16779,#16780,#16781,#16782)
    ,(#16783,#16784,#16785,#16786)
    ,(#16787,#16788,#16789,#16790)
    ,(#16791,#16792,#16793,#16794)
    ,(#16795,#16796,#16797,#16798
)),.UNSPECIFIED.,.F.,.F.,.F.) B_SPLINE_SURFACE_WITH_KNOTS((4,3,4),(4,4),
  (0.,1.,2.),(0.,1.),.PIECEWISE_BEZIER_KNOTS.) 
GEOMETRIC_REPRESENTATION_ITEM() RATIONAL_B_SPLINE_SURFACE((
    (1.297052595907,1.150676042518,1.150676042518,1.297052595907)
    ,(1.024270794267,0.908678543748,0.908678543748,1.024270794267)
    ,(1.024270794267,0.908678543748,0.908678543748,1.024270794267)
    ,(1.297052595907,1.150676042518,1.150676042518,1.297052595907)
    ,(1.024270794267,0.908678543748,0.908678543748,1.024270794267)
    ,(1.024270794267,0.908678543748,0.908678543748,1.024270794267)
    ,(1.297052595907,1.150676042518,1.150676042518,1.297052595907
))) REPRESENTATION_ITEM('') SURFACE() );
#16771 = CARTESIAN_POINT('',(1.155716475791,6.9965076723E-02,
    12.556091151961));
#16772 = CARTESIAN_POINT('',(1.151303641612,7.7894427352E-02,
    12.698036141493));
#16773 = CARTESIAN_POINT('',(1.222594150074,0.109982676252,
    12.816858426633));
#16774 = CARTESIAN_POINT('',(1.345451912284,0.15536603742,
    12.872329577278));
#16775 = CARTESIAN_POINT('',(1.156921277523,6.6415395586E-02,
    12.556326900026));
#16776 = CARTESIAN_POINT('',(1.180584506836,-8.375148994E-03,
    12.703765638004));
#16777 = CARTESIAN_POINT('',(1.275377514632,-4.5531802699E-02,
    12.827186745171));
#16778 = CARTESIAN_POINT('',(1.4092072143,-3.247482222E-02,
    12.884804815892));
#16779 = CARTESIAN_POINT('',(1.157801243124,6.3822772074E-02,
    12.553755650445));
#16780 = CARTESIAN_POINT('',(1.201970726241,-7.1384902073E-02,
    12.641275345654));
#16781 = CARTESIAN_POINT('',(1.313929538513,-0.159116792146,
    12.714538165384));
#16782 = CARTESIAN_POINT('',(1.455772944742,-0.169670421008,
    12.748740275746));
#16783 = CARTESIAN_POINT('',(1.157801178605,6.3822962166E-02,
    12.549999673808));
#16784 = CARTESIAN_POINT('',(1.201969158197,-7.1380282178E-02,
    12.549992072391));
#16785 = CARTESIAN_POINT('',(1.313926711866,-0.159108464058,
    12.549985709237));
#16786 = CARTESIAN_POINT('',(1.455769530527,-0.169660361783,
    12.549982738655));
#16787 = CARTESIAN_POINT('',(1.157801114085,6.3823152258E-02,
    12.54624369717));
#16788 = CARTESIAN_POINT('',(1.201967590152,-7.1375662282E-02,
    12.458708799127));
#16789 = CARTESIAN_POINT('',(1.313923885219,-0.15910013597,
    12.385433253091));
#16790 = CARTESIAN_POINT('',(1.455766116313,-0.169650302557,
    12.351225201563));
#16791 = CARTESIAN_POINT('',(1.156921060152,6.6416036019E-02,
    12.543672740264));
#16792 = CARTESIAN_POINT('',(1.180579223979,-8.359584229E-03,
    12.396225619785));
#16793 = CARTESIAN_POINT('',(1.275367991452,-4.5503744761E-02,
    12.272797495619));
#16794 = CARTESIAN_POINT('',(1.409195711562,-3.2440931953E-02,
    12.215176149073));
#16795 = CARTESIAN_POINT('',(1.155716266527,6.9965693274E-02,
    12.543908889022));
#16796 = CARTESIAN_POINT('',(1.151298555762,7.7909411679E-02,
    12.401964854523));
#16797 = CARTESIAN_POINT('',(1.222584982031,0.110009687857,
    12.283143368843));
#16798 = CARTESIAN_POINT('',(1.345440838504,0.155398663856,
    12.227672591418));
#16799 = ADVANCED_FACE('',(#16800),#16806,.T.);
#16800 = FACE_BOUND('',#16801,.T.);
#16801 = EDGE_LOOP('',(#16802,#16803,#16804,#16805));
#16802 = ORIENTED_EDGE('',*,*,#16742,.F.);
#16803 = ORIENTED_EDGE('',*,*,#16759,.F.);
#16804 = ORIENTED_EDGE('',*,*,#16654,.F.);
#16805 = ORIENTED_EDGE('',*,*,#16689,.F.);
#16806 = PLANE('',#16807);
#16807 = AXIS2_PLACEMENT_3D('',#16808,#16809,#16810);
#16808 = CARTESIAN_POINT('',(0.914766236516,0.779802043592,12.55));
#16809 = DIRECTION('',(-0.94694252368,-0.321402950898,0.));
#16810 = DIRECTION('',(-0.321402950898,0.94694252368,0.));
#16811 = ( GEOMETRIC_REPRESENTATION_CONTEXT(3) 
GLOBAL_UNCERTAINTY_ASSIGNED_CONTEXT((#16815)) 
GLOBAL_UNIT_ASSIGNED_CONTEXT((#16812,#16813,#16814)) 
REPRESENTATION_CONTEXT('Context #1',
  '3D Context with UNIT and UNCERTAINTY') );
#16812 = ( LENGTH_UNIT() NAMED_UNIT(*) SI_UNIT(.MILLI.,.METRE.) );
#16813 = ( NAMED_UNIT(*) PLANE_ANGLE_UNIT() SI_UNIT($,.RADIAN.) );
#16814 = ( NAMED_UNIT(*) SI_UNIT($,.STERADIAN.) SOLID_ANGLE_UNIT() );
#16815 = UNCERTAINTY_MEASURE_WITH_UNIT(LENGTH_MEASURE(5.E-06),#16812,
  'distance_accuracy_value','confusion accuracy');
#16816 = CONTEXT_DEPENDENT_SHAPE_REPRESENTATION(#16817,#16819);
#16817 = ( REPRESENTATION_RELATIONSHIP('','',#40,#10) 
REPRESENTATION_RELATIONSHIP_WITH_TRANSFORMATION(#16818) 
SHAPE_REPRESENTATION_RELATIONSHIP() );
#16818 = ITEM_DEFINED_TRANSFORMATION('','',#11,#15);
#16819 = PRODUCT_DEFINITION_SHAPE('Placement','Placement of an item',
  #16820);
#16820 = NEXT_ASSEMBLY_USAGE_OCCURRENCE('1','J1','',#5,#35,$);
#16821 = PRODUCT_RELATED_PRODUCT_CATEGORY('part',$,(#37));
#16822 = SHAPE_DEFINITION_REPRESENTATION(#16823,#16829);
#16823 = PRODUCT_DEFINITION_SHAPE('','',#16824);
#16824 = PRODUCT_DEFINITION('design','',#16825,#16828);
#16825 = PRODUCT_DEFINITION_FORMATION('','',#16826);
#16826 = PRODUCT('R_0402_1005Metric','R_0402_1005Metric','',(#16827));
#16827 = PRODUCT_CONTEXT('',#2,'mechanical');
#16828 = PRODUCT_DEFINITION_CONTEXT('part definition',#2,'design');
#16829 = ADVANCED_BREP_SHAPE_REPRESENTATION('',(#11,#16830),#17620);
#16830 = MANIFOLD_SOLID_BREP('',#16831);
#16831 = CLOSED_SHELL('',(#16832,#16872,#16955,#16980,#17005,#17072,
    #17089,#17106,#17155,#17172,#17189,#17238,#17255,#17324,#17355,
    #17379,#17448,#17472,#17489,#17506,#17523,#17540,#17557,#17574,
    #17591,#17608));
#16832 = ADVANCED_FACE('',(#16833),#16867,.F.);
#16833 = FACE_BOUND('',#16834,.F.);
#16834 = EDGE_LOOP('',(#16835,#16845,#16853,#16861));
#16835 = ORIENTED_EDGE('',*,*,#16836,.F.);
#16836 = EDGE_CURVE('',#16837,#16839,#16841,.T.);
#16837 = VERTEX_POINT('',#16838);
#16838 = CARTESIAN_POINT('',(-0.5,-0.25,3.5E-02));
#16839 = VERTEX_POINT('',#16840);
#16840 = CARTESIAN_POINT('',(-0.5,-0.25,0.315));
#16841 = LINE('',#16842,#16843);
#16842 = CARTESIAN_POINT('',(-0.5,-0.25,0.));
#16843 = VECTOR('',#16844,1.);
#16844 = DIRECTION('',(0.,0.,1.));
#16845 = ORIENTED_EDGE('',*,*,#16846,.T.);
#16846 = EDGE_CURVE('',#16837,#16847,#16849,.T.);
#16847 = VERTEX_POINT('',#16848);
#16848 = CARTESIAN_POINT('',(-0.5,0.25,3.5E-02));
#16849 = LINE('',#16850,#16851);
#16850 = CARTESIAN_POINT('',(-0.5,-0.25,3.5E-02));
#16851 = VECTOR('',#16852,1.);
#16852 = DIRECTION('',(0.,1.,0.));
#16853 = ORIENTED_EDGE('',*,*,#16854,.T.);
#16854 = EDGE_CURVE('',#16847,#16855,#16857,.T.);
#16855 = VERTEX_POINT('',#16856);
#16856 = CARTESIAN_POINT('',(-0.5,0.25,0.315));
#16857 = LINE('',#16858,#16859);
#16858 = CARTESIAN_POINT('',(-0.5,0.25,0.));
#16859 = VECTOR('',#16860,1.);
#16860 = DIRECTION('',(0.,0.,1.));
#16861 = ORIENTED_EDGE('',*,*,#16862,.F.);
#16862 = EDGE_CURVE('',#16839,#16855,#16863,.T.);
#16863 = LINE('',#16864,#16865);
#16864 = CARTESIAN_POINT('',(-0.5,-0.25,0.315));
#16865 = VECTOR('',#16866,1.);
#16866 = DIRECTION('',(0.,1.,0.));
#16867 = PLANE('',#16868);
#16868 = AXIS2_PLACEMENT_3D('',#16869,#16870,#16871);
#16869 = CARTESIAN_POINT('',(-0.5,-0.25,0.));
#16870 = DIRECTION('',(1.,0.,0.));
#16871 = DIRECTION('',(0.,0.,1.));
#16872 = ADVANCED_FACE('',(#16873),#16950,.F.);
#16873 = FACE_BOUND('',#16874,.F.);
#16874 = EDGE_LOOP('',(#16875,#16885,#16892,#16893,#16902,#16910,#16919,
    #16927,#16935,#16943));
#16875 = ORIENTED_EDGE('',*,*,#16876,.F.);
#16876 = EDGE_CURVE('',#16877,#16879,#16881,.T.);
#16877 = VERTEX_POINT('',#16878);
#16878 = CARTESIAN_POINT('',(-0.465,-0.25,-2.775557561563E-17));
#16879 = VERTEX_POINT('',#16880);
#16880 = CARTESIAN_POINT('',(-0.335,-0.25,-2.775557561563E-17));
#16881 = LINE('',#16882,#16883);
#16882 = CARTESIAN_POINT('',(-0.5,-0.25,0.));
#16883 = VECTOR('',#16884,1.);
#16884 = DIRECTION('',(1.,0.,0.));
#16885 = ORIENTED_EDGE('',*,*,#16886,.F.);
#16886 = EDGE_CURVE('',#16837,#16877,#16887,.T.);
#16887 = CIRCLE('',#16888,3.5E-02);
#16888 = AXIS2_PLACEMENT_3D('',#16889,#16890,#16891);
#16889 = CARTESIAN_POINT('',(-0.465,-0.25,3.5E-02));
#16890 = DIRECTION('',(0.,-1.,0.));
#16891 = DIRECTION('',(0.,0.,1.));
#16892 = ORIENTED_EDGE('',*,*,#16836,.T.);
#16893 = ORIENTED_EDGE('',*,*,#16894,.T.);
#16894 = EDGE_CURVE('',#16839,#16895,#16897,.T.);
#16895 = VERTEX_POINT('',#16896);
#16896 = CARTESIAN_POINT('',(-0.465,-0.25,0.35));
#16897 = CIRCLE('',#16898,3.5E-02);
#16898 = AXIS2_PLACEMENT_3D('',#16899,#16900,#16901);
#16899 = CARTESIAN_POINT('',(-0.465,-0.25,0.315));
#16900 = DIRECTION('',(0.,1.,0.));
#16901 = DIRECTION('',(0.,-0.,1.));
#16902 = ORIENTED_EDGE('',*,*,#16903,.T.);
#16903 = EDGE_CURVE('',#16895,#16904,#16906,.T.);
#16904 = VERTEX_POINT('',#16905);
#16905 = CARTESIAN_POINT('',(-0.335,-0.25,0.35));
#16906 = LINE('',#16907,#16908);
#16907 = CARTESIAN_POINT('',(-0.5,-0.25,0.35));
#16908 = VECTOR('',#16909,1.);
#16909 = DIRECTION('',(1.,0.,0.));
#16910 = ORIENTED_EDGE('',*,*,#16911,.F.);
#16911 = EDGE_CURVE('',#16912,#16904,#16914,.T.);
#16912 = VERTEX_POINT('',#16913);
#16913 = CARTESIAN_POINT('',(-0.3,-0.25,0.315));
#16914 = CIRCLE('',#16915,3.5E-02);
#16915 = AXIS2_PLACEMENT_3D('',#16916,#16917,#16918);
#16916 = CARTESIAN_POINT('',(-0.335,-0.25,0.315));
#16917 = DIRECTION('',(0.,-1.,0.));
#16918 = DIRECTION('',(0.,0.,1.));
#16919 = ORIENTED_EDGE('',*,*,#16920,.F.);
#16920 = EDGE_CURVE('',#16921,#16912,#16923,.T.);
#16921 = VERTEX_POINT('',#16922);
#16922 = CARTESIAN_POINT('',(-0.465,-0.25,0.315));
#16923 = LINE('',#16924,#16925);
#16924 = CARTESIAN_POINT('',(-0.465,-0.25,0.315));
#16925 = VECTOR('',#16926,1.);
#16926 = DIRECTION('',(1.,0.,0.));
#16927 = ORIENTED_EDGE('',*,*,#16928,.F.);
#16928 = EDGE_CURVE('',#16929,#16921,#16931,.T.);
#16929 = VERTEX_POINT('',#16930);
#16930 = CARTESIAN_POINT('',(-0.465,-0.25,3.5E-02));
#16931 = LINE('',#16932,#16933);
#16932 = CARTESIAN_POINT('',(-0.465,-0.25,3.5E-02));
#16933 = VECTOR('',#16934,1.);
#16934 = DIRECTION('',(0.,0.,1.));
#16935 = ORIENTED_EDGE('',*,*,#16936,.T.);
#16936 = EDGE_CURVE('',#16929,#16937,#16939,.T.);
#16937 = VERTEX_POINT('',#16938);
#16938 = CARTESIAN_POINT('',(-0.3,-0.25,3.5E-02));
#16939 = LINE('',#16940,#16941);
#16940 = CARTESIAN_POINT('',(-0.465,-0.25,3.5E-02));
#16941 = VECTOR('',#16942,1.);
#16942 = DIRECTION('',(1.,0.,0.));
#16943 = ORIENTED_EDGE('',*,*,#16944,.T.);
#16944 = EDGE_CURVE('',#16937,#16879,#16945,.T.);
#16945 = CIRCLE('',#16946,3.5E-02);
#16946 = AXIS2_PLACEMENT_3D('',#16947,#16948,#16949);
#16947 = CARTESIAN_POINT('',(-0.335,-0.25,3.5E-02));
#16948 = DIRECTION('',(0.,1.,0.));
#16949 = DIRECTION('',(0.,-0.,1.));
#16950 = PLANE('',#16951);
#16951 = AXIS2_PLACEMENT_3D('',#16952,#16953,#16954);
#16952 = CARTESIAN_POINT('',(-0.5,-0.25,0.));
#16953 = DIRECTION('',(0.,1.,0.));
#16954 = DIRECTION('',(0.,-0.,1.));
#16955 = ADVANCED_FACE('',(#16956),#16975,.T.);
#16956 = FACE_BOUND('',#16957,.T.);
#16957 = EDGE_LOOP('',(#16958,#16959,#16968,#16974));
#16958 = ORIENTED_EDGE('',*,*,#16846,.T.);
#16959 = ORIENTED_EDGE('',*,*,#16960,.T.);
#16960 = EDGE_CURVE('',#16847,#16961,#16963,.T.);
#16961 = VERTEX_POINT('',#16962);
#16962 = CARTESIAN_POINT('',(-0.465,0.25,-2.775557561563E-17));
#16963 = CIRCLE('',#16964,3.5E-02);
#16964 = AXIS2_PLACEMENT_3D('',#16965,#16966,#16967);
#16965 = CARTESIAN_POINT('',(-0.465,0.25,3.5E-02));
#16966 = DIRECTION('',(0.,-1.,0.));
#16967 = DIRECTION('',(0.,0.,1.));
#16968 = ORIENTED_EDGE('',*,*,#16969,.F.);
#16969 = EDGE_CURVE('',#16877,#16961,#16970,.T.);
#16970 = LINE('',#16971,#16972);
#16971 = CARTESIAN_POINT('',(-0.465,-0.25,-2.775557561563E-17));
#16972 = VECTOR('',#16973,1.);
#16973 = DIRECTION('',(0.,1.,0.));
#16974 = ORIENTED_EDGE('',*,*,#16886,.F.);
#16975 = CYLINDRICAL_SURFACE('',#16976,3.5E-02);
#16976 = AXIS2_PLACEMENT_3D('',#16977,#16978,#16979);
#16977 = CARTESIAN_POINT('',(-0.465,-0.25,3.5E-02));
#16978 = DIRECTION('',(0.,1.,0.));
#16979 = DIRECTION('',(-1.,0.,0.));
#16980 = ADVANCED_FACE('',(#16981),#17000,.T.);
#16981 = FACE_BOUND('',#16982,.T.);
#16982 = EDGE_LOOP('',(#16983,#16984,#16992,#16999));
#16983 = ORIENTED_EDGE('',*,*,#16894,.T.);
#16984 = ORIENTED_EDGE('',*,*,#16985,.T.);
#16985 = EDGE_CURVE('',#16895,#16986,#16988,.T.);
#16986 = VERTEX_POINT('',#16987);
#16987 = CARTESIAN_POINT('',(-0.465,0.25,0.35));
#16988 = LINE('',#16989,#16990);
#16989 = CARTESIAN_POINT('',(-0.465,-0.25,0.35));
#16990 = VECTOR('',#16991,1.);
#16991 = DIRECTION('',(0.,1.,0.));
#16992 = ORIENTED_EDGE('',*,*,#16993,.F.);
#16993 = EDGE_CURVE('',#16855,#16986,#16994,.T.);
#16994 = CIRCLE('',#16995,3.5E-02);
#16995 = AXIS2_PLACEMENT_3D('',#16996,#16997,#16998);
#16996 = CARTESIAN_POINT('',(-0.465,0.25,0.315));
#16997 = DIRECTION('',(0.,1.,0.));
#16998 = DIRECTION('',(0.,-0.,1.));
#16999 = ORIENTED_EDGE('',*,*,#16862,.F.);
#17000 = CYLINDRICAL_SURFACE('',#17001,3.5E-02);
#17001 = AXIS2_PLACEMENT_3D('',#17002,#17003,#17004);
#17002 = CARTESIAN_POINT('',(-0.465,-0.25,0.315));
#17003 = DIRECTION('',(0.,1.,0.));
#17004 = DIRECTION('',(-1.,0.,0.));
#17005 = ADVANCED_FACE('',(#17006),#17067,.T.);
#17006 = FACE_BOUND('',#17007,.T.);
#17007 = EDGE_LOOP('',(#17008,#17016,#17017,#17018,#17019,#17027,#17036,
    #17044,#17052,#17060));
#17008 = ORIENTED_EDGE('',*,*,#17009,.F.);
#17009 = EDGE_CURVE('',#16961,#17010,#17012,.T.);
#17010 = VERTEX_POINT('',#17011);
#17011 = CARTESIAN_POINT('',(-0.335,0.25,-2.775557561563E-17));
#17012 = LINE('',#17013,#17014);
#17013 = CARTESIAN_POINT('',(-0.5,0.25,0.));
#17014 = VECTOR('',#17015,1.);
#17015 = DIRECTION('',(1.,0.,0.));
#17016 = ORIENTED_EDGE('',*,*,#16960,.F.);
#17017 = ORIENTED_EDGE('',*,*,#16854,.T.);
#17018 = ORIENTED_EDGE('',*,*,#16993,.T.);
#17019 = ORIENTED_EDGE('',*,*,#17020,.T.);
#17020 = EDGE_CURVE('',#16986,#17021,#17023,.T.);
#17021 = VERTEX_POINT('',#17022);
#17022 = CARTESIAN_POINT('',(-0.335,0.25,0.35));
#17023 = LINE('',#17024,#17025);
#17024 = CARTESIAN_POINT('',(-0.5,0.25,0.35));
#17025 = VECTOR('',#17026,1.);
#17026 = DIRECTION('',(1.,0.,0.));
#17027 = ORIENTED_EDGE('',*,*,#17028,.F.);
#17028 = EDGE_CURVE('',#17029,#17021,#17031,.T.);
#17029 = VERTEX_POINT('',#17030);
#17030 = CARTESIAN_POINT('',(-0.3,0.25,0.315));
#17031 = CIRCLE('',#17032,3.5E-02);
#17032 = AXIS2_PLACEMENT_3D('',#17033,#17034,#17035);
#17033 = CARTESIAN_POINT('',(-0.335,0.25,0.315));
#17034 = DIRECTION('',(0.,-1.,0.));
#17035 = DIRECTION('',(0.,0.,1.));
#17036 = ORIENTED_EDGE('',*,*,#17037,.F.);
#17037 = EDGE_CURVE('',#17038,#17029,#17040,.T.);
#17038 = VERTEX_POINT('',#17039);
#17039 = CARTESIAN_POINT('',(-0.465,0.25,0.315));
#17040 = LINE('',#17041,#17042);
#17041 = CARTESIAN_POINT('',(-0.465,0.25,0.315));
#17042 = VECTOR('',#17043,1.);
#17043 = DIRECTION('',(1.,0.,0.));
#17044 = ORIENTED_EDGE('',*,*,#17045,.F.);
#17045 = EDGE_CURVE('',#17046,#17038,#17048,.T.);
#17046 = VERTEX_POINT('',#17047);
#17047 = CARTESIAN_POINT('',(-0.465,0.25,3.5E-02));
#17048 = LINE('',#17049,#17050);
#17049 = CARTESIAN_POINT('',(-0.465,0.25,3.5E-02));
#17050 = VECTOR('',#17051,1.);
#17051 = DIRECTION('',(0.,0.,1.));
#17052 = ORIENTED_EDGE('',*,*,#17053,.T.);
#17053 = EDGE_CURVE('',#17046,#17054,#17056,.T.);
#17054 = VERTEX_POINT('',#17055);
#17055 = CARTESIAN_POINT('',(-0.3,0.25,3.5E-02));
#17056 = LINE('',#17057,#17058);
#17057 = CARTESIAN_POINT('',(-0.465,0.25,3.5E-02));
#17058 = VECTOR('',#17059,1.);
#17059 = DIRECTION('',(1.,0.,0.));
#17060 = ORIENTED_EDGE('',*,*,#17061,.T.);
#17061 = EDGE_CURVE('',#17054,#17010,#17062,.T.);
#17062 = CIRCLE('',#17063,3.5E-02);
#17063 = AXIS2_PLACEMENT_3D('',#17064,#17065,#17066);
#17064 = CARTESIAN_POINT('',(-0.335,0.25,3.5E-02));
#17065 = DIRECTION('',(0.,1.,0.));
#17066 = DIRECTION('',(0.,-0.,1.));
#17067 = PLANE('',#17068);
#17068 = AXIS2_PLACEMENT_3D('',#17069,#17070,#17071);
#17069 = CARTESIAN_POINT('',(-0.5,0.25,0.));
#17070 = DIRECTION('',(0.,1.,0.));
#17071 = DIRECTION('',(0.,-0.,1.));
#17072 = ADVANCED_FACE('',(#17073),#17084,.F.);
#17073 = FACE_BOUND('',#17074,.F.);
#17074 = EDGE_LOOP('',(#17075,#17076,#17077,#17078));
#17075 = ORIENTED_EDGE('',*,*,#17009,.F.);
#17076 = ORIENTED_EDGE('',*,*,#16969,.F.);
#17077 = ORIENTED_EDGE('',*,*,#16876,.T.);
#17078 = ORIENTED_EDGE('',*,*,#17079,.T.);
#17079 = EDGE_CURVE('',#16879,#17010,#17080,.T.);
#17080 = LINE('',#17081,#17082);
#17081 = CARTESIAN_POINT('',(-0.335,-0.25,-2.775557561563E-17));
#17082 = VECTOR('',#17083,1.);
#17083 = DIRECTION('',(0.,1.,0.));
#17084 = PLANE('',#17085);
#17085 = AXIS2_PLACEMENT_3D('',#17086,#17087,#17088);
#17086 = CARTESIAN_POINT('',(-0.5,-0.25,0.));
#17087 = DIRECTION('',(0.,0.,1.));
#17088 = DIRECTION('',(1.,0.,-0.));
#17089 = ADVANCED_FACE('',(#17090),#17101,.T.);
#17090 = FACE_BOUND('',#17091,.T.);
#17091 = EDGE_LOOP('',(#17092,#17093,#17094,#17095));
#17092 = ORIENTED_EDGE('',*,*,#16944,.T.);
#17093 = ORIENTED_EDGE('',*,*,#17079,.T.);
#17094 = ORIENTED_EDGE('',*,*,#17061,.F.);
#17095 = ORIENTED_EDGE('',*,*,#17096,.F.);
#17096 = EDGE_CURVE('',#16937,#17054,#17097,.T.);
#17097 = LINE('',#17098,#17099);
#17098 = CARTESIAN_POINT('',(-0.3,-0.25,3.5E-02));
#17099 = VECTOR('',#17100,1.);
#17100 = DIRECTION('',(0.,1.,0.));
#17101 = CYLINDRICAL_SURFACE('',#17102,3.5E-02);
#17102 = AXIS2_PLACEMENT_3D('',#17103,#17104,#17105);
#17103 = CARTESIAN_POINT('',(-0.335,-0.25,3.5E-02));
#17104 = DIRECTION('',(0.,1.,0.));
#17105 = DIRECTION('',(1.,0.,0.));
#17106 = ADVANCED_FACE('',(#17107),#17150,.F.);
#17107 = FACE_BOUND('',#17108,.F.);
#17108 = EDGE_LOOP('',(#17109,#17110,#17111,#17112,#17120,#17128,#17136,
    #17144));
#17109 = ORIENTED_EDGE('',*,*,#16936,.F.);
#17110 = ORIENTED_EDGE('',*,*,#16928,.T.);
#17111 = ORIENTED_EDGE('',*,*,#16920,.T.);
#17112 = ORIENTED_EDGE('',*,*,#17113,.T.);
#17113 = EDGE_CURVE('',#16912,#17114,#17116,.T.);
#17114 = VERTEX_POINT('',#17115);
#17115 = CARTESIAN_POINT('',(0.3,-0.25,0.315));
#17116 = LINE('',#17117,#17118);
#17117 = CARTESIAN_POINT('',(-0.3,-0.25,0.315));
#17118 = VECTOR('',#17119,1.);
#17119 = DIRECTION('',(1.,0.,0.));
#17120 = ORIENTED_EDGE('',*,*,#17121,.T.);
#17121 = EDGE_CURVE('',#17114,#17122,#17124,.T.);
#17122 = VERTEX_POINT('',#17123);
#17123 = CARTESIAN_POINT('',(0.465,-0.25,0.315));
#17124 = LINE('',#17125,#17126);
#17125 = CARTESIAN_POINT('',(-0.465,-0.25,0.315));
#17126 = VECTOR('',#17127,1.);
#17127 = DIRECTION('',(1.,0.,0.));
#17128 = ORIENTED_EDGE('',*,*,#17129,.F.);
#17129 = EDGE_CURVE('',#17130,#17122,#17132,.T.);
#17130 = VERTEX_POINT('',#17131);
#17131 = CARTESIAN_POINT('',(0.465,-0.25,3.5E-02));
#17132 = LINE('',#17133,#17134);
#17133 = CARTESIAN_POINT('',(0.465,-0.25,3.5E-02));
#17134 = VECTOR('',#17135,1.);
#17135 = DIRECTION('',(0.,0.,1.));
#17136 = ORIENTED_EDGE('',*,*,#17137,.F.);
#17137 = EDGE_CURVE('',#17138,#17130,#17140,.T.);
#17138 = VERTEX_POINT('',#17139);
#17139 = CARTESIAN_POINT('',(0.3,-0.25,3.5E-02));
#17140 = LINE('',#17141,#17142);
#17141 = CARTESIAN_POINT('',(-0.465,-0.25,3.5E-02));
#17142 = VECTOR('',#17143,1.);
#17143 = DIRECTION('',(1.,0.,0.));
#17144 = ORIENTED_EDGE('',*,*,#17145,.F.);
#17145 = EDGE_CURVE('',#16937,#17138,#17146,.T.);
#17146 = LINE('',#17147,#17148);
#17147 = CARTESIAN_POINT('',(-0.465,-0.25,3.5E-02));
#17148 = VECTOR('',#17149,1.);
#17149 = DIRECTION('',(1.,0.,0.));
#17150 = PLANE('',#17151);
#17151 = AXIS2_PLACEMENT_3D('',#17152,#17153,#17154);
#17152 = CARTESIAN_POINT('',(-0.465,-0.25,3.5E-02));
#17153 = DIRECTION('',(0.,1.,0.));
#17154 = DIRECTION('',(0.,-0.,1.));
#17155 = ADVANCED_FACE('',(#17156),#17167,.T.);
#17156 = FACE_BOUND('',#17157,.T.);
#17157 = EDGE_LOOP('',(#17158,#17159,#17160,#17161));
#17158 = ORIENTED_EDGE('',*,*,#17020,.F.);
#17159 = ORIENTED_EDGE('',*,*,#16985,.F.);
#17160 = ORIENTED_EDGE('',*,*,#16903,.T.);
#17161 = ORIENTED_EDGE('',*,*,#17162,.T.);
#17162 = EDGE_CURVE('',#16904,#17021,#17163,.T.);
#17163 = LINE('',#17164,#17165);
#17164 = CARTESIAN_POINT('',(-0.335,-0.25,0.35));
#17165 = VECTOR('',#17166,1.);
#17166 = DIRECTION('',(0.,1.,0.));
#17167 = PLANE('',#17168);
#17168 = AXIS2_PLACEMENT_3D('',#17169,#17170,#17171);
#17169 = CARTESIAN_POINT('',(-0.5,-0.25,0.35));
#17170 = DIRECTION('',(0.,0.,1.));
#17171 = DIRECTION('',(1.,0.,-0.));
#17172 = ADVANCED_FACE('',(#17173),#17184,.T.);
#17173 = FACE_BOUND('',#17174,.T.);
#17174 = EDGE_LOOP('',(#17175,#17181,#17182,#17183));
#17175 = ORIENTED_EDGE('',*,*,#17176,.T.);
#17176 = EDGE_CURVE('',#16912,#17029,#17177,.T.);
#17177 = LINE('',#17178,#17179);
#17178 = CARTESIAN_POINT('',(-0.3,-0.25,0.315));
#17179 = VECTOR('',#17180,1.);
#17180 = DIRECTION('',(0.,1.,0.));
#17181 = ORIENTED_EDGE('',*,*,#17028,.T.);
#17182 = ORIENTED_EDGE('',*,*,#17162,.F.);
#17183 = ORIENTED_EDGE('',*,*,#16911,.F.);
#17184 = CYLINDRICAL_SURFACE('',#17185,3.5E-02);
#17185 = AXIS2_PLACEMENT_3D('',#17186,#17187,#17188);
#17186 = CARTESIAN_POINT('',(-0.335,-0.25,0.315));
#17187 = DIRECTION('',(0.,1.,0.));
#17188 = DIRECTION('',(1.,0.,0.));
#17189 = ADVANCED_FACE('',(#17190),#17233,.T.);
#17190 = FACE_BOUND('',#17191,.T.);
#17191 = EDGE_LOOP('',(#17192,#17193,#17194,#17195,#17203,#17211,#17219,
    #17227));
#17192 = ORIENTED_EDGE('',*,*,#17053,.F.);
#17193 = ORIENTED_EDGE('',*,*,#17045,.T.);
#17194 = ORIENTED_EDGE('',*,*,#17037,.T.);
#17195 = ORIENTED_EDGE('',*,*,#17196,.T.);
#17196 = EDGE_CURVE('',#17029,#17197,#17199,.T.);
#17197 = VERTEX_POINT('',#17198);
#17198 = CARTESIAN_POINT('',(0.3,0.25,0.315));
#17199 = LINE('',#17200,#17201);
#17200 = CARTESIAN_POINT('',(-0.3,0.25,0.315));
#17201 = VECTOR('',#17202,1.);
#17202 = DIRECTION('',(1.,0.,0.));
#17203 = ORIENTED_EDGE('',*,*,#17204,.T.);
#17204 = EDGE_CURVE('',#17197,#17205,#17207,.T.);
#17205 = VERTEX_POINT('',#17206);
#17206 = CARTESIAN_POINT('',(0.465,0.25,0.315));
#17207 = LINE('',#17208,#17209);
#17208 = CARTESIAN_POINT('',(-0.465,0.25,0.315));
#17209 = VECTOR('',#17210,1.);
#17210 = DIRECTION('',(1.,0.,0.));
#17211 = ORIENTED_EDGE('',*,*,#17212,.F.);
#17212 = EDGE_CURVE('',#17213,#17205,#17215,.T.);
#17213 = VERTEX_POINT('',#17214);
#17214 = CARTESIAN_POINT('',(0.465,0.25,3.5E-02));
#17215 = LINE('',#17216,#17217);
#17216 = CARTESIAN_POINT('',(0.465,0.25,3.5E-02));
#17217 = VECTOR('',#17218,1.);
#17218 = DIRECTION('',(0.,0.,1.));
#17219 = ORIENTED_EDGE('',*,*,#17220,.F.);
#17220 = EDGE_CURVE('',#17221,#17213,#17223,.T.);
#17221 = VERTEX_POINT('',#17222);
#17222 = CARTESIAN_POINT('',(0.3,0.25,3.5E-02));
#17223 = LINE('',#17224,#17225);
#17224 = CARTESIAN_POINT('',(-0.465,0.25,3.5E-02));
#17225 = VECTOR('',#17226,1.);
#17226 = DIRECTION('',(1.,0.,0.));
#17227 = ORIENTED_EDGE('',*,*,#17228,.F.);
#17228 = EDGE_CURVE('',#17054,#17221,#17229,.T.);
#17229 = LINE('',#17230,#17231);
#17230 = CARTESIAN_POINT('',(-0.465,0.25,3.5E-02));
#17231 = VECTOR('',#17232,1.);
#17232 = DIRECTION('',(1.,0.,0.));
#17233 = PLANE('',#17234);
#17234 = AXIS2_PLACEMENT_3D('',#17235,#17236,#17237);
#17235 = CARTESIAN_POINT('',(-0.465,0.25,3.5E-02));
#17236 = DIRECTION('',(0.,1.,0.));
#17237 = DIRECTION('',(0.,-0.,1.));
#17238 = ADVANCED_FACE('',(#17239),#17250,.F.);
#17239 = FACE_BOUND('',#17240,.F.);
#17240 = EDGE_LOOP('',(#17241,#17242,#17243,#17249));
#17241 = ORIENTED_EDGE('',*,*,#17096,.F.);
#17242 = ORIENTED_EDGE('',*,*,#17145,.T.);
#17243 = ORIENTED_EDGE('',*,*,#17244,.T.);
#17244 = EDGE_CURVE('',#17138,#17221,#17245,.T.);
#17245 = LINE('',#17246,#17247);
#17246 = CARTESIAN_POINT('',(0.3,-0.25,3.5E-02));
#17247 = VECTOR('',#17248,1.);
#17248 = DIRECTION('',(0.,1.,0.));
#17249 = ORIENTED_EDGE('',*,*,#17228,.F.);
#17250 = PLANE('',#17251);
#17251 = AXIS2_PLACEMENT_3D('',#17252,#17253,#17254);
#17252 = CARTESIAN_POINT('',(-0.465,-0.25,3.5E-02));
#17253 = DIRECTION('',(0.,0.,1.));
#17254 = DIRECTION('',(1.,0.,-0.));
#17255 = ADVANCED_FACE('',(#17256),#17319,.F.);
#17256 = FACE_BOUND('',#17257,.F.);
#17257 = EDGE_LOOP('',(#17258,#17268,#17275,#17276,#17277,#17278,#17287,
    #17295,#17304,#17312));
#17258 = ORIENTED_EDGE('',*,*,#17259,.F.);
#17259 = EDGE_CURVE('',#17260,#17262,#17264,.T.);
#17260 = VERTEX_POINT('',#17261);
#17261 = CARTESIAN_POINT('',(0.335,-0.25,-2.775557561563E-17));
#17262 = VERTEX_POINT('',#17263);
#17263 = CARTESIAN_POINT('',(0.465,-0.25,-2.775557561563E-17));
#17264 = LINE('',#17265,#17266);
#17265 = CARTESIAN_POINT('',(0.3,-0.25,0.));
#17266 = VECTOR('',#17267,1.);
#17267 = DIRECTION('',(1.,0.,0.));
#17268 = ORIENTED_EDGE('',*,*,#17269,.F.);
#17269 = EDGE_CURVE('',#17138,#17260,#17270,.T.);
#17270 = CIRCLE('',#17271,3.5E-02);
#17271 = AXIS2_PLACEMENT_3D('',#17272,#17273,#17274);
#17272 = CARTESIAN_POINT('',(0.335,-0.25,3.5E-02));
#17273 = DIRECTION('',(0.,-1.,0.));
#17274 = DIRECTION('',(0.,0.,1.));
#17275 = ORIENTED_EDGE('',*,*,#17137,.T.);
#17276 = ORIENTED_EDGE('',*,*,#17129,.T.);
#17277 = ORIENTED_EDGE('',*,*,#17121,.F.);
#17278 = ORIENTED_EDGE('',*,*,#17279,.T.);
#17279 = EDGE_CURVE('',#17114,#17280,#17282,.T.);
#17280 = VERTEX_POINT('',#17281);
#17281 = CARTESIAN_POINT('',(0.335,-0.25,0.35));
#17282 = CIRCLE('',#17283,3.5E-02);
#17283 = AXIS2_PLACEMENT_3D('',#17284,#17285,#17286);
#17284 = CARTESIAN_POINT('',(0.335,-0.25,0.315));
#17285 = DIRECTION('',(0.,1.,0.));
#17286 = DIRECTION('',(0.,-0.,1.));
#17287 = ORIENTED_EDGE('',*,*,#17288,.T.);
#17288 = EDGE_CURVE('',#17280,#17289,#17291,.T.);
#17289 = VERTEX_POINT('',#17290);
#17290 = CARTESIAN_POINT('',(0.465,-0.25,0.35));
#17291 = LINE('',#17292,#17293);
#17292 = CARTESIAN_POINT('',(0.3,-0.25,0.35));
#17293 = VECTOR('',#17294,1.);
#17294 = DIRECTION('',(1.,0.,0.));
#17295 = ORIENTED_EDGE('',*,*,#17296,.F.);
#17296 = EDGE_CURVE('',#17297,#17289,#17299,.T.);
#17297 = VERTEX_POINT('',#17298);
#17298 = CARTESIAN_POINT('',(0.5,-0.25,0.315));
#17299 = CIRCLE('',#17300,3.5E-02);
#17300 = AXIS2_PLACEMENT_3D('',#17301,#17302,#17303);
#17301 = CARTESIAN_POINT('',(0.465,-0.25,0.315));
#17302 = DIRECTION('',(0.,-1.,0.));
#17303 = DIRECTION('',(0.,0.,1.));
#17304 = ORIENTED_EDGE('',*,*,#17305,.F.);
#17305 = EDGE_CURVE('',#17306,#17297,#17308,.T.);
#17306 = VERTEX_POINT('',#17307);
#17307 = CARTESIAN_POINT('',(0.5,-0.25,3.5E-02));
#17308 = LINE('',#17309,#17310);
#17309 = CARTESIAN_POINT('',(0.5,-0.25,0.));
#17310 = VECTOR('',#17311,1.);
#17311 = DIRECTION('',(0.,0.,1.));
#17312 = ORIENTED_EDGE('',*,*,#17313,.T.);
#17313 = EDGE_CURVE('',#17306,#17262,#17314,.T.);
#17314 = CIRCLE('',#17315,3.5E-02);
#17315 = AXIS2_PLACEMENT_3D('',#17316,#17317,#17318);
#17316 = CARTESIAN_POINT('',(0.465,-0.25,3.5E-02));
#17317 = DIRECTION('',(0.,1.,0.));
#17318 = DIRECTION('',(0.,-0.,1.));
#17319 = PLANE('',#17320);
#17320 = AXIS2_PLACEMENT_3D('',#17321,#17322,#17323);
#17321 = CARTESIAN_POINT('',(0.3,-0.25,0.));
#17322 = DIRECTION('',(0.,1.,0.));
#17323 = DIRECTION('',(0.,-0.,1.));
#17324 = ADVANCED_FACE('',(#17325),#17350,.F.);
#17325 = FACE_BOUND('',#17326,.F.);
#17326 = EDGE_LOOP('',(#17327,#17328,#17336,#17344));
#17327 = ORIENTED_EDGE('',*,*,#17113,.F.);
#17328 = ORIENTED_EDGE('',*,*,#17329,.T.);
#17329 = EDGE_CURVE('',#16912,#17330,#17332,.T.);
#17330 = VERTEX_POINT('',#17331);
#17331 = CARTESIAN_POINT('',(-0.3,-0.25,0.35));
#17332 = LINE('',#17333,#17334);
#17333 = CARTESIAN_POINT('',(-0.3,-0.25,0.315));
#17334 = VECTOR('',#17335,1.);
#17335 = DIRECTION('',(0.,0.,1.));
#17336 = ORIENTED_EDGE('',*,*,#17337,.T.);
#17337 = EDGE_CURVE('',#17330,#17338,#17340,.T.);
#17338 = VERTEX_POINT('',#17339);
#17339 = CARTESIAN_POINT('',(0.3,-0.25,0.35));
#17340 = LINE('',#17341,#17342);
#17341 = CARTESIAN_POINT('',(-0.3,-0.25,0.35));
#17342 = VECTOR('',#17343,1.);
#17343 = DIRECTION('',(1.,0.,0.));
#17344 = ORIENTED_EDGE('',*,*,#17345,.F.);
#17345 = EDGE_CURVE('',#17114,#17338,#17346,.T.);
#17346 = LINE('',#17347,#17348);
#17347 = CARTESIAN_POINT('',(0.3,-0.25,0.315));
#17348 = VECTOR('',#17349,1.);
#17349 = DIRECTION('',(0.,0.,1.));
#17350 = PLANE('',#17351);
#17351 = AXIS2_PLACEMENT_3D('',#17352,#17353,#17354);
#17352 = CARTESIAN_POINT('',(-0.3,-0.25,0.315));
#17353 = DIRECTION('',(0.,1.,0.));
#17354 = DIRECTION('',(0.,-0.,1.));
#17355 = ADVANCED_FACE('',(#17356),#17374,.F.);
#17356 = FACE_BOUND('',#17357,.F.);
#17357 = EDGE_LOOP('',(#17358,#17359,#17360,#17368));
#17358 = ORIENTED_EDGE('',*,*,#17329,.F.);
#17359 = ORIENTED_EDGE('',*,*,#17176,.T.);
#17360 = ORIENTED_EDGE('',*,*,#17361,.T.);
#17361 = EDGE_CURVE('',#17029,#17362,#17364,.T.);
#17362 = VERTEX_POINT('',#17363);
#17363 = CARTESIAN_POINT('',(-0.3,0.25,0.35));
#17364 = LINE('',#17365,#17366);
#17365 = CARTESIAN_POINT('',(-0.3,0.25,0.315));
#17366 = VECTOR('',#17367,1.);
#17367 = DIRECTION('',(0.,0.,1.));
#17368 = ORIENTED_EDGE('',*,*,#17369,.F.);
#17369 = EDGE_CURVE('',#17330,#17362,#17370,.T.);
#17370 = LINE('',#17371,#17372);
#17371 = CARTESIAN_POINT('',(-0.3,-0.25,0.35));
#17372 = VECTOR('',#17373,1.);
#17373 = DIRECTION('',(0.,1.,0.));
#17374 = PLANE('',#17375);
#17375 = AXIS2_PLACEMENT_3D('',#17376,#17377,#17378);
#17376 = CARTESIAN_POINT('',(-0.3,-0.25,0.315));
#17377 = DIRECTION('',(1.,0.,0.));
#17378 = DIRECTION('',(0.,0.,1.));
#17379 = ADVANCED_FACE('',(#17380),#17443,.T.);
#17380 = FACE_BOUND('',#17381,.T.);
#17381 = EDGE_LOOP('',(#17382,#17392,#17399,#17400,#17401,#17402,#17411,
    #17419,#17428,#17436));
#17382 = ORIENTED_EDGE('',*,*,#17383,.F.);
#17383 = EDGE_CURVE('',#17384,#17386,#17388,.T.);
#17384 = VERTEX_POINT('',#17385);
#17385 = CARTESIAN_POINT('',(0.335,0.25,-2.775557561563E-17));
#17386 = VERTEX_POINT('',#17387);
#17387 = CARTESIAN_POINT('',(0.465,0.25,-2.775557561563E-17));
#17388 = LINE('',#17389,#17390);
#17389 = CARTESIAN_POINT('',(0.3,0.25,0.));
#17390 = VECTOR('',#17391,1.);
#17391 = DIRECTION('',(1.,0.,0.));
#17392 = ORIENTED_EDGE('',*,*,#17393,.F.);
#17393 = EDGE_CURVE('',#17221,#17384,#17394,.T.);
#17394 = CIRCLE('',#17395,3.5E-02);
#17395 = AXIS2_PLACEMENT_3D('',#17396,#17397,#17398);
#17396 = CARTESIAN_POINT('',(0.335,0.25,3.5E-02));
#17397 = DIRECTION('',(0.,-1.,0.));
#17398 = DIRECTION('',(0.,0.,1.));
#17399 = ORIENTED_EDGE('',*,*,#17220,.T.);
#17400 = ORIENTED_EDGE('',*,*,#17212,.T.);
#17401 = ORIENTED_EDGE('',*,*,#17204,.F.);
#17402 = ORIENTED_EDGE('',*,*,#17403,.T.);
#17403 = EDGE_CURVE('',#17197,#17404,#17406,.T.);
#17404 = VERTEX_POINT('',#17405);
#17405 = CARTESIAN_POINT('',(0.335,0.25,0.35));
#17406 = CIRCLE('',#17407,3.5E-02);
#17407 = AXIS2_PLACEMENT_3D('',#17408,#17409,#17410);
#17408 = CARTESIAN_POINT('',(0.335,0.25,0.315));
#17409 = DIRECTION('',(0.,1.,0.));
#17410 = DIRECTION('',(0.,-0.,1.));
#17411 = ORIENTED_EDGE('',*,*,#17412,.T.);
#17412 = EDGE_CURVE('',#17404,#17413,#17415,.T.);
#17413 = VERTEX_POINT('',#17414);
#17414 = CARTESIAN_POINT('',(0.465,0.25,0.35));
#17415 = LINE('',#17416,#17417);
#17416 = CARTESIAN_POINT('',(0.3,0.25,0.35));
#17417 = VECTOR('',#17418,1.);
#17418 = DIRECTION('',(1.,0.,0.));
#17419 = ORIENTED_EDGE('',*,*,#17420,.F.);
#17420 = EDGE_CURVE('',#17421,#17413,#17423,.T.);
#17421 = VERTEX_POINT('',#17422);
#17422 = CARTESIAN_POINT('',(0.5,0.25,0.315));
#17423 = CIRCLE('',#17424,3.5E-02);
#17424 = AXIS2_PLACEMENT_3D('',#17425,#17426,#17427);
#17425 = CARTESIAN_POINT('',(0.465,0.25,0.315));
#17426 = DIRECTION('',(0.,-1.,0.));
#17427 = DIRECTION('',(0.,0.,1.));
#17428 = ORIENTED_EDGE('',*,*,#17429,.F.);
#17429 = EDGE_CURVE('',#17430,#17421,#17432,.T.);
#17430 = VERTEX_POINT('',#17431);
#17431 = CARTESIAN_POINT('',(0.5,0.25,3.5E-02));
#17432 = LINE('',#17433,#17434);
#17433 = CARTESIAN_POINT('',(0.5,0.25,0.));
#17434 = VECTOR('',#17435,1.);
#17435 = DIRECTION('',(0.,0.,1.));
#17436 = ORIENTED_EDGE('',*,*,#17437,.T.);
#17437 = EDGE_CURVE('',#17430,#17386,#17438,.T.);
#17438 = CIRCLE('',#17439,3.5E-02);
#17439 = AXIS2_PLACEMENT_3D('',#17440,#17441,#17442);
#17440 = CARTESIAN_POINT('',(0.465,0.25,3.5E-02));
#17441 = DIRECTION('',(0.,1.,0.));
#17442 = DIRECTION('',(0.,-0.,1.));
#17443 = PLANE('',#17444);
#17444 = AXIS2_PLACEMENT_3D('',#17445,#17446,#17447);
#17445 = CARTESIAN_POINT('',(0.3,0.25,0.));
#17446 = DIRECTION('',(0.,1.,0.));
#17447 = DIRECTION('',(0.,-0.,1.));
#17448 = ADVANCED_FACE('',(#17449),#17467,.T.);
#17449 = FACE_BOUND('',#17450,.T.);
#17450 = EDGE_LOOP('',(#17451,#17452,#17453,#17461));
#17451 = ORIENTED_EDGE('',*,*,#17196,.F.);
#17452 = ORIENTED_EDGE('',*,*,#17361,.T.);
#17453 = ORIENTED_EDGE('',*,*,#17454,.T.);
#17454 = EDGE_CURVE('',#17362,#17455,#17457,.T.);
#17455 = VERTEX_POINT('',#17456);
#17456 = CARTESIAN_POINT('',(0.3,0.25,0.35));
#17457 = LINE('',#17458,#17459);
#17458 = CARTESIAN_POINT('',(-0.3,0.25,0.35));
#17459 = VECTOR('',#17460,1.);
#17460 = DIRECTION('',(1.,0.,0.));
#17461 = ORIENTED_EDGE('',*,*,#17462,.F.);
#17462 = EDGE_CURVE('',#17197,#17455,#17463,.T.);
#17463 = LINE('',#17464,#17465);
#17464 = CARTESIAN_POINT('',(0.3,0.25,0.315));
#17465 = VECTOR('',#17466,1.);
#17466 = DIRECTION('',(0.,0.,1.));
#17467 = PLANE('',#17468);
#17468 = AXIS2_PLACEMENT_3D('',#17469,#17470,#17471);
#17469 = CARTESIAN_POINT('',(-0.3,0.25,0.315));
#17470 = DIRECTION('',(0.,1.,0.));
#17471 = DIRECTION('',(0.,-0.,1.));
#17472 = ADVANCED_FACE('',(#17473),#17484,.T.);
#17473 = FACE_BOUND('',#17474,.T.);
#17474 = EDGE_LOOP('',(#17475,#17476,#17477,#17483));
#17475 = ORIENTED_EDGE('',*,*,#17244,.T.);
#17476 = ORIENTED_EDGE('',*,*,#17393,.T.);
#17477 = ORIENTED_EDGE('',*,*,#17478,.F.);
#17478 = EDGE_CURVE('',#17260,#17384,#17479,.T.);
#17479 = LINE('',#17480,#17481);
#17480 = CARTESIAN_POINT('',(0.335,-0.25,-2.775557561563E-17));
#17481 = VECTOR('',#17482,1.);
#17482 = DIRECTION('',(0.,1.,0.));
#17483 = ORIENTED_EDGE('',*,*,#17269,.F.);
#17484 = CYLINDRICAL_SURFACE('',#17485,3.5E-02);
#17485 = AXIS2_PLACEMENT_3D('',#17486,#17487,#17488);
#17486 = CARTESIAN_POINT('',(0.335,-0.25,3.5E-02));
#17487 = DIRECTION('',(0.,1.,0.));
#17488 = DIRECTION('',(-1.,0.,0.));
#17489 = ADVANCED_FACE('',(#17490),#17501,.F.);
#17490 = FACE_BOUND('',#17491,.F.);
#17491 = EDGE_LOOP('',(#17492,#17493,#17494,#17495));
#17492 = ORIENTED_EDGE('',*,*,#17383,.F.);
#17493 = ORIENTED_EDGE('',*,*,#17478,.F.);
#17494 = ORIENTED_EDGE('',*,*,#17259,.T.);
#17495 = ORIENTED_EDGE('',*,*,#17496,.T.);
#17496 = EDGE_CURVE('',#17262,#17386,#17497,.T.);
#17497 = LINE('',#17498,#17499);
#17498 = CARTESIAN_POINT('',(0.465,-0.25,-2.775557561563E-17));
#17499 = VECTOR('',#17500,1.);
#17500 = DIRECTION('',(0.,1.,0.));
#17501 = PLANE('',#17502);
#17502 = AXIS2_PLACEMENT_3D('',#17503,#17504,#17505);
#17503 = CARTESIAN_POINT('',(0.3,-0.25,0.));
#17504 = DIRECTION('',(0.,0.,1.));
#17505 = DIRECTION('',(1.,0.,-0.));
#17506 = ADVANCED_FACE('',(#17507),#17518,.T.);
#17507 = FACE_BOUND('',#17508,.T.);
#17508 = EDGE_LOOP('',(#17509,#17510,#17511,#17512));
#17509 = ORIENTED_EDGE('',*,*,#17313,.T.);
#17510 = ORIENTED_EDGE('',*,*,#17496,.T.);
#17511 = ORIENTED_EDGE('',*,*,#17437,.F.);
#17512 = ORIENTED_EDGE('',*,*,#17513,.F.);
#17513 = EDGE_CURVE('',#17306,#17430,#17514,.T.);
#17514 = LINE('',#17515,#17516);
#17515 = CARTESIAN_POINT('',(0.5,-0.25,3.5E-02));
#17516 = VECTOR('',#17517,1.);
#17517 = DIRECTION('',(0.,1.,0.));
#17518 = CYLINDRICAL_SURFACE('',#17519,3.5E-02);
#17519 = AXIS2_PLACEMENT_3D('',#17520,#17521,#17522);
#17520 = CARTESIAN_POINT('',(0.465,-0.25,3.5E-02));
#17521 = DIRECTION('',(0.,1.,0.));
#17522 = DIRECTION('',(1.,0.,0.));
#17523 = ADVANCED_FACE('',(#17524),#17535,.T.);
#17524 = FACE_BOUND('',#17525,.T.);
#17525 = EDGE_LOOP('',(#17526,#17527,#17528,#17529));
#17526 = ORIENTED_EDGE('',*,*,#17305,.F.);
#17527 = ORIENTED_EDGE('',*,*,#17513,.T.);
#17528 = ORIENTED_EDGE('',*,*,#17429,.T.);
#17529 = ORIENTED_EDGE('',*,*,#17530,.F.);
#17530 = EDGE_CURVE('',#17297,#17421,#17531,.T.);
#17531 = LINE('',#17532,#17533);
#17532 = CARTESIAN_POINT('',(0.5,-0.25,0.315));
#17533 = VECTOR('',#17534,1.);
#17534 = DIRECTION('',(0.,1.,0.));
#17535 = PLANE('',#17536);
#17536 = AXIS2_PLACEMENT_3D('',#17537,#17538,#17539);
#17537 = CARTESIAN_POINT('',(0.5,-0.25,0.));
#17538 = DIRECTION('',(1.,0.,0.));
#17539 = DIRECTION('',(0.,0.,1.));
#17540 = ADVANCED_FACE('',(#17541),#17552,.T.);
#17541 = FACE_BOUND('',#17542,.T.);
#17542 = EDGE_LOOP('',(#17543,#17544,#17545,#17551));
#17543 = ORIENTED_EDGE('',*,*,#17530,.T.);
#17544 = ORIENTED_EDGE('',*,*,#17420,.T.);
#17545 = ORIENTED_EDGE('',*,*,#17546,.F.);
#17546 = EDGE_CURVE('',#17289,#17413,#17547,.T.);
#17547 = LINE('',#17548,#17549);
#17548 = CARTESIAN_POINT('',(0.465,-0.25,0.35));
#17549 = VECTOR('',#17550,1.);
#17550 = DIRECTION('',(0.,1.,0.));
#17551 = ORIENTED_EDGE('',*,*,#17296,.F.);
#17552 = CYLINDRICAL_SURFACE('',#17553,3.5E-02);
#17553 = AXIS2_PLACEMENT_3D('',#17554,#17555,#17556);
#17554 = CARTESIAN_POINT('',(0.465,-0.25,0.315));
#17555 = DIRECTION('',(0.,1.,0.));
#17556 = DIRECTION('',(1.,0.,0.));
#17557 = ADVANCED_FACE('',(#17558),#17569,.T.);
#17558 = FACE_BOUND('',#17559,.T.);
#17559 = EDGE_LOOP('',(#17560,#17561,#17567,#17568));
#17560 = ORIENTED_EDGE('',*,*,#17412,.F.);
#17561 = ORIENTED_EDGE('',*,*,#17562,.F.);
#17562 = EDGE_CURVE('',#17280,#17404,#17563,.T.);
#17563 = LINE('',#17564,#17565);
#17564 = CARTESIAN_POINT('',(0.335,-0.25,0.35));
#17565 = VECTOR('',#17566,1.);
#17566 = DIRECTION('',(0.,1.,0.));
#17567 = ORIENTED_EDGE('',*,*,#17288,.T.);
#17568 = ORIENTED_EDGE('',*,*,#17546,.T.);
#17569 = PLANE('',#17570);
#17570 = AXIS2_PLACEMENT_3D('',#17571,#17572,#17573);
#17571 = CARTESIAN_POINT('',(0.3,-0.25,0.35));
#17572 = DIRECTION('',(0.,0.,1.));
#17573 = DIRECTION('',(1.,0.,-0.));
#17574 = ADVANCED_FACE('',(#17575),#17586,.T.);
#17575 = FACE_BOUND('',#17576,.T.);
#17576 = EDGE_LOOP('',(#17577,#17578,#17579,#17580));
#17577 = ORIENTED_EDGE('',*,*,#17279,.T.);
#17578 = ORIENTED_EDGE('',*,*,#17562,.T.);
#17579 = ORIENTED_EDGE('',*,*,#17403,.F.);
#17580 = ORIENTED_EDGE('',*,*,#17581,.F.);
#17581 = EDGE_CURVE('',#17114,#17197,#17582,.T.);
#17582 = LINE('',#17583,#17584);
#17583 = CARTESIAN_POINT('',(0.3,-0.25,0.315));
#17584 = VECTOR('',#17585,1.);
#17585 = DIRECTION('',(0.,1.,0.));
#17586 = CYLINDRICAL_SURFACE('',#17587,3.5E-02);
#17587 = AXIS2_PLACEMENT_3D('',#17588,#17589,#17590);
#17588 = CARTESIAN_POINT('',(0.335,-0.25,0.315));
#17589 = DIRECTION('',(0.,1.,0.));
#17590 = DIRECTION('',(-1.,0.,0.));
#17591 = ADVANCED_FACE('',(#17592),#17603,.T.);
#17592 = FACE_BOUND('',#17593,.T.);
#17593 = EDGE_LOOP('',(#17594,#17595,#17596,#17597));
#17594 = ORIENTED_EDGE('',*,*,#17345,.F.);
#17595 = ORIENTED_EDGE('',*,*,#17581,.T.);
#17596 = ORIENTED_EDGE('',*,*,#17462,.T.);
#17597 = ORIENTED_EDGE('',*,*,#17598,.F.);
#17598 = EDGE_CURVE('',#17338,#17455,#17599,.T.);
#17599 = LINE('',#17600,#17601);
#17600 = CARTESIAN_POINT('',(0.3,-0.25,0.35));
#17601 = VECTOR('',#17602,1.);
#17602 = DIRECTION('',(0.,1.,0.));
#17603 = PLANE('',#17604);
#17604 = AXIS2_PLACEMENT_3D('',#17605,#17606,#17607);
#17605 = CARTESIAN_POINT('',(0.3,-0.25,0.315));
#17606 = DIRECTION('',(1.,0.,0.));
#17607 = DIRECTION('',(0.,0.,1.));
#17608 = ADVANCED_FACE('',(#17609),#17615,.T.);
#17609 = FACE_BOUND('',#17610,.T.);
#17610 = EDGE_LOOP('',(#17611,#17612,#17613,#17614));
#17611 = ORIENTED_EDGE('',*,*,#17369,.F.);
#17612 = ORIENTED_EDGE('',*,*,#17337,.T.);
#17613 = ORIENTED_EDGE('',*,*,#17598,.T.);
#17614 = ORIENTED_EDGE('',*,*,#17454,.F.);
#17615 = PLANE('',#17616);
#17616 = AXIS2_PLACEMENT_3D('',#17617,#17618,#17619);
#17617 = CARTESIAN_POINT('',(-0.3,-0.25,0.35));
#17618 = DIRECTION('',(0.,0.,1.));
#17619 = DIRECTION('',(1.,0.,-0.));
#17620 = ( GEOMETRIC_REPRESENTATION_CONTEXT(3) 
GLOBAL_UNCERTAINTY_ASSIGNED_CONTEXT((#17624)) 
GLOBAL_UNIT_ASSIGNED_CONTEXT((#17621,#17622,#17623)) 
REPRESENTATION_CONTEXT('Context #1',
  '3D Context with UNIT and UNCERTAINTY') );
#17621 = ( LENGTH_UNIT() NAMED_UNIT(*) SI_UNIT(.MILLI.,.METRE.) );
#17622 = ( NAMED_UNIT(*) PLANE_ANGLE_UNIT() SI_UNIT($,.RADIAN.) );
#17623 = ( NAMED_UNIT(*) SI_UNIT($,.STERADIAN.) SOLID_ANGLE_UNIT() );
#17624 = UNCERTAINTY_MEASURE_WITH_UNIT(LENGTH_MEASURE(1.E-07),#17621,
  'distance_accuracy_value','confusion accuracy');
#17625 = CONTEXT_DEPENDENT_SHAPE_REPRESENTATION(#17626,#17628);
#17626 = ( REPRESENTATION_RELATIONSHIP('','',#16829,#10) 
REPRESENTATION_RELATIONSHIP_WITH_TRANSFORMATION(#17627) 
SHAPE_REPRESENTATION_RELATIONSHIP() );
#17627 = ITEM_DEFINED_TRANSFORMATION('','',#11,#19);
#17628 = PRODUCT_DEFINITION_SHAPE('Placement','Placement of an item',
  #17629);
#17629 = NEXT_ASSEMBLY_USAGE_OCCURRENCE('2','R1','',#5,#16824,$);
#17630 = PRODUCT_RELATED_PRODUCT_CATEGORY('part',$,(#16826));
#17631 = SHAPE_DEFINITION_REPRESENTATION(#17632,#17638);
#17632 = PRODUCT_DEFINITION_SHAPE('','',#17633);
#17633 = PRODUCT_DEFINITION('design','',#17634,#17637);
#17634 = PRODUCT_DEFINITION_FORMATION('','',#17635);
#17635 = PRODUCT('logic_board_PCB','logic_board_PCB','',(#17636));
#17636 = PRODUCT_CONTEXT('',#2,'mechanical');
#17637 = PRODUCT_DEFINITION_CONTEXT('part definition',#2,'design');
#17638 = ADVANCED_BREP_SHAPE_REPRESENTATION('',(#11,#17639),#18427);
#17639 = MANIFOLD_SOLID_BREP('',#17640);
#17640 = CLOSED_SHELL('',(#17641,#17681,#17712,#17743,#17926,#18109,
    #18121,#18143,#18160,#18177,#18189,#18206,#18228,#18245,#18262,
    #18274,#18296,#18313,#18330,#18342,#18359,#18381,#18398,#18415));
#17641 = ADVANCED_FACE('',(#17642),#17676,.T.);
#17642 = FACE_BOUND('',#17643,.T.);
#17643 = EDGE_LOOP('',(#17644,#17654,#17662,#17670));
#17644 = ORIENTED_EDGE('',*,*,#17645,.T.);
#17645 = EDGE_CURVE('',#17646,#17648,#17650,.T.);
#17646 = VERTEX_POINT('',#17647);
#17647 = CARTESIAN_POINT('',(195.,-110.,0.));
#17648 = VERTEX_POINT('',#17649);
#17649 = CARTESIAN_POINT('',(195.,-110.,1.51));
#17650 = LINE('',#17651,#17652);
#17651 = CARTESIAN_POINT('',(195.,-110.,0.));
#17652 = VECTOR('',#17653,1.);
#17653 = DIRECTION('',(0.,0.,1.));
#17654 = ORIENTED_EDGE('',*,*,#17655,.T.);
#17655 = EDGE_CURVE('',#17648,#17656,#17658,.T.);
#17656 = VERTEX_POINT('',#17657);
#17657 = CARTESIAN_POINT('',(115.,-110.,1.51));
#17658 = LINE('',#17659,#17660);
#17659 = CARTESIAN_POINT('',(195.,-110.,1.51));
#17660 = VECTOR('',#17661,1.);
#17661 = DIRECTION('',(-1.,0.,0.));
#17662 = ORIENTED_EDGE('',*,*,#17663,.F.);
#17663 = EDGE_CURVE('',#17664,#17656,#17666,.T.);
#17664 = VERTEX_POINT('',#17665);
#17665 = CARTESIAN_POINT('',(115.,-110.,0.));
#17666 = LINE('',#17667,#17668);
#17667 = CARTESIAN_POINT('',(115.,-110.,0.));
#17668 = VECTOR('',#17669,1.);
#17669 = DIRECTION('',(0.,0.,1.));
#17670 = ORIENTED_EDGE('',*,*,#17671,.F.);
#17671 = EDGE_CURVE('',#17646,#17664,#17672,.T.);
#17672 = LINE('',#17673,#17674);
#17673 = CARTESIAN_POINT('',(195.,-110.,0.));
#17674 = VECTOR('',#17675,1.);
#17675 = DIRECTION('',(-1.,0.,0.));
#17676 = PLANE('',#17677);
#17677 = AXIS2_PLACEMENT_3D('',#17678,#17679,#17680);
#17678 = CARTESIAN_POINT('',(195.,-110.,0.));
#17679 = DIRECTION('',(0.,-1.,0.));
#17680 = DIRECTION('',(-1.,0.,0.));
#17681 = ADVANCED_FACE('',(#17682),#17707,.T.);
#17682 = FACE_BOUND('',#17683,.T.);
#17683 = EDGE_LOOP('',(#17684,#17694,#17700,#17701));
#17684 = ORIENTED_EDGE('',*,*,#17685,.T.);
#17685 = EDGE_CURVE('',#17686,#17688,#17690,.T.);
#17686 = VERTEX_POINT('',#17687);
#17687 = CARTESIAN_POINT('',(195.,-80.,0.));
#17688 = VERTEX_POINT('',#17689);
#17689 = CARTESIAN_POINT('',(195.,-80.,1.51));
#17690 = LINE('',#17691,#17692);
#17691 = CARTESIAN_POINT('',(195.,-80.,0.));
#17692 = VECTOR('',#17693,1.);
#17693 = DIRECTION('',(0.,0.,1.));
#17694 = ORIENTED_EDGE('',*,*,#17695,.T.);
#17695 = EDGE_CURVE('',#17688,#17648,#17696,.T.);
#17696 = LINE('',#17697,#17698);
#17697 = CARTESIAN_POINT('',(195.,-80.,1.51));
#17698 = VECTOR('',#17699,1.);
#17699 = DIRECTION('',(0.,-1.,0.));
#17700 = ORIENTED_EDGE('',*,*,#17645,.F.);
#17701 = ORIENTED_EDGE('',*,*,#17702,.F.);
#17702 = EDGE_CURVE('',#17686,#17646,#17703,.T.);
#17703 = LINE('',#17704,#17705);
#17704 = CARTESIAN_POINT('',(195.,-80.,0.));
#17705 = VECTOR('',#17706,1.);
#17706 = DIRECTION('',(0.,-1.,0.));
#17707 = PLANE('',#17708);
#17708 = AXIS2_PLACEMENT_3D('',#17709,#17710,#17711);
#17709 = CARTESIAN_POINT('',(195.,-80.,0.));
#17710 = DIRECTION('',(1.,0.,-0.));
#17711 = DIRECTION('',(0.,-1.,0.));
#17712 = ADVANCED_FACE('',(#17713),#17738,.T.);
#17713 = FACE_BOUND('',#17714,.T.);
#17714 = EDGE_LOOP('',(#17715,#17716,#17724,#17732));
#17715 = ORIENTED_EDGE('',*,*,#17663,.T.);
#17716 = ORIENTED_EDGE('',*,*,#17717,.T.);
#17717 = EDGE_CURVE('',#17656,#17718,#17720,.T.);
#17718 = VERTEX_POINT('',#17719);
#17719 = CARTESIAN_POINT('',(115.,-80.,1.51));
#17720 = LINE('',#17721,#17722);
#17721 = CARTESIAN_POINT('',(115.,-110.,1.51));
#17722 = VECTOR('',#17723,1.);
#17723 = DIRECTION('',(0.,1.,0.));
#17724 = ORIENTED_EDGE('',*,*,#17725,.F.);
#17725 = EDGE_CURVE('',#17726,#17718,#17728,.T.);
#17726 = VERTEX_POINT('',#17727);
#17727 = CARTESIAN_POINT('',(115.,-80.,0.));
#17728 = LINE('',#17729,#17730);
#17729 = CARTESIAN_POINT('',(115.,-80.,0.));
#17730 = VECTOR('',#17731,1.);
#17731 = DIRECTION('',(0.,0.,1.));
#17732 = ORIENTED_EDGE('',*,*,#17733,.F.);
#17733 = EDGE_CURVE('',#17664,#17726,#17734,.T.);
#17734 = LINE('',#17735,#17736);
#17735 = CARTESIAN_POINT('',(115.,-110.,0.));
#17736 = VECTOR('',#17737,1.);
#17737 = DIRECTION('',(0.,1.,0.));
#17738 = PLANE('',#17739);
#17739 = AXIS2_PLACEMENT_3D('',#17740,#17741,#17742);
#17740 = CARTESIAN_POINT('',(115.,-110.,0.));
#17741 = DIRECTION('',(-1.,0.,0.));
#17742 = DIRECTION('',(0.,1.,0.));
#17743 = ADVANCED_FACE('',(#17744,#17755,#17791,#17802,#17838,#17874,
    #17885),#17921,.F.);
#17744 = FACE_BOUND('',#17745,.F.);
#17745 = EDGE_LOOP('',(#17746,#17747,#17748,#17754));
#17746 = ORIENTED_EDGE('',*,*,#17671,.F.);
#17747 = ORIENTED_EDGE('',*,*,#17702,.F.);
#17748 = ORIENTED_EDGE('',*,*,#17749,.F.);
#17749 = EDGE_CURVE('',#17726,#17686,#17750,.T.);
#17750 = LINE('',#17751,#17752);
#17751 = CARTESIAN_POINT('',(115.,-80.,0.));
#17752 = VECTOR('',#17753,1.);
#17753 = DIRECTION('',(1.,0.,0.));
#17754 = ORIENTED_EDGE('',*,*,#17733,.F.);
#17755 = FACE_BOUND('',#17756,.F.);
#17756 = EDGE_LOOP('',(#17757,#17768,#17776,#17785));
#17757 = ORIENTED_EDGE('',*,*,#17758,.T.);
#17758 = EDGE_CURVE('',#17759,#17761,#17763,.T.);
#17759 = VERTEX_POINT('',#17760);
#17760 = CARTESIAN_POINT('',(118.27,-108.8,0.));
#17761 = VERTEX_POINT('',#17762);
#17762 = CARTESIAN_POINT('',(117.47,-108.8,0.));
#17763 = CIRCLE('',#17764,0.4);
#17764 = AXIS2_PLACEMENT_3D('',#17765,#17766,#17767);
#17765 = CARTESIAN_POINT('',(117.87,-108.8,0.));
#17766 = DIRECTION('',(-0.,0.,-1.));
#17767 = DIRECTION('',(-1.,3.552713678801E-14,0.));
#17768 = ORIENTED_EDGE('',*,*,#17769,.T.);
#17769 = EDGE_CURVE('',#17761,#17770,#17772,.T.);
#17770 = VERTEX_POINT('',#17771);
#17771 = CARTESIAN_POINT('',(117.47,-108.2,0.));
#17772 = LINE('',#17773,#17774);
#17773 = CARTESIAN_POINT('',(117.47,-54.1,0.));
#17774 = VECTOR('',#17775,1.);
#17775 = DIRECTION('',(-0.,1.,0.));
#17776 = ORIENTED_EDGE('',*,*,#17777,.T.);
#17777 = EDGE_CURVE('',#17770,#17778,#17780,.T.);
#17778 = VERTEX_POINT('',#17779);
#17779 = CARTESIAN_POINT('',(118.27,-108.2,0.));
#17780 = CIRCLE('',#17781,0.4);
#17781 = AXIS2_PLACEMENT_3D('',#17782,#17783,#17784);
#17782 = CARTESIAN_POINT('',(117.87,-108.2,0.));
#17783 = DIRECTION('',(0.,-0.,-1.));
#17784 = DIRECTION('',(1.,-3.5527136788E-14,0.));
#17785 = ORIENTED_EDGE('',*,*,#17786,.T.);
#17786 = EDGE_CURVE('',#17778,#17759,#17787,.T.);
#17787 = LINE('',#17788,#17789);
#17788 = CARTESIAN_POINT('',(118.27,-54.4,0.));
#17789 = VECTOR('',#17790,1.);
#17790 = DIRECTION('',(0.,-1.,0.));
#17791 = FACE_BOUND('',#17792,.F.);
#17792 = EDGE_LOOP('',(#17793));
#17793 = ORIENTED_EDGE('',*,*,#17794,.T.);
#17794 = EDGE_CURVE('',#17795,#17795,#17797,.T.);
#17795 = VERTEX_POINT('',#17796);
#17796 = CARTESIAN_POINT('',(120.41,-107.4,0.));
#17797 = CIRCLE('',#17798,0.9);
#17798 = AXIS2_PLACEMENT_3D('',#17799,#17800,#17801);
#17799 = CARTESIAN_POINT('',(120.41,-106.5,0.));
#17800 = DIRECTION('',(-0.,0.,-1.));
#17801 = DIRECTION('',(-0.,-1.,0.));
#17802 = FACE_BOUND('',#17803,.F.);
#17803 = EDGE_LOOP('',(#17804,#17815,#17823,#17832));
#17804 = ORIENTED_EDGE('',*,*,#17805,.T.);
#17805 = EDGE_CURVE('',#17806,#17808,#17810,.T.);
#17806 = VERTEX_POINT('',#17807);
#17807 = CARTESIAN_POINT('',(118.27,-106.1,0.));
#17808 = VERTEX_POINT('',#17809);
#17809 = CARTESIAN_POINT('',(117.47,-106.1,0.));
#17810 = CIRCLE('',#17811,0.4);
#17811 = AXIS2_PLACEMENT_3D('',#17812,#17813,#17814);
#17812 = CARTESIAN_POINT('',(117.87,-106.1,0.));
#17813 = DIRECTION('',(-0.,0.,-1.));
#17814 = DIRECTION('',(-1.,3.552713678801E-14,0.));
#17815 = ORIENTED_EDGE('',*,*,#17816,.T.);
#17816 = EDGE_CURVE('',#17808,#17817,#17819,.T.);
#17817 = VERTEX_POINT('',#17818);
#17818 = CARTESIAN_POINT('',(117.47,-105.3,0.));
#17819 = LINE('',#17820,#17821);
#17820 = CARTESIAN_POINT('',(117.47,-52.65,0.));
#17821 = VECTOR('',#17822,1.);
#17822 = DIRECTION('',(-0.,1.,0.));
#17823 = ORIENTED_EDGE('',*,*,#17824,.T.);
#17824 = EDGE_CURVE('',#17817,#17825,#17827,.T.);
#17825 = VERTEX_POINT('',#17826);
#17826 = CARTESIAN_POINT('',(118.27,-105.3,0.));
#17827 = CIRCLE('',#17828,0.4);
#17828 = AXIS2_PLACEMENT_3D('',#17829,#17830,#17831);
#17829 = CARTESIAN_POINT('',(117.87,-105.3,0.));
#17830 = DIRECTION('',(0.,-0.,-1.));
#17831 = DIRECTION('',(1.,0.,-0.));
#17832 = ORIENTED_EDGE('',*,*,#17833,.T.);
#17833 = EDGE_CURVE('',#17825,#17806,#17834,.T.);
#17834 = LINE('',#17835,#17836);
#17835 = CARTESIAN_POINT('',(118.27,-53.05,0.));
#17836 = VECTOR('',#17837,1.);
#17837 = DIRECTION('',(0.,-1.,0.));
#17838 = FACE_BOUND('',#17839,.F.);
#17839 = EDGE_LOOP('',(#17840,#17851,#17859,#17868));
#17840 = ORIENTED_EDGE('',*,*,#17841,.T.);
#17841 = EDGE_CURVE('',#17842,#17844,#17846,.T.);
#17842 = VERTEX_POINT('',#17843);
#17843 = CARTESIAN_POINT('',(123.35,-107.9,0.));
#17844 = VERTEX_POINT('',#17845);
#17845 = CARTESIAN_POINT('',(122.55,-107.9,0.));
#17846 = CIRCLE('',#17847,0.4);
#17847 = AXIS2_PLACEMENT_3D('',#17848,#17849,#17850);
#17848 = CARTESIAN_POINT('',(122.95,-107.9,0.));
#17849 = DIRECTION('',(-0.,0.,-1.));
#17850 = DIRECTION('',(-1.,-3.5527136788E-14,0.));
#17851 = ORIENTED_EDGE('',*,*,#17852,.T.);
#17852 = EDGE_CURVE('',#17844,#17853,#17855,.T.);
#17853 = VERTEX_POINT('',#17854);
#17854 = CARTESIAN_POINT('',(122.55,-107.3,0.));
#17855 = LINE('',#17856,#17857);
#17856 = CARTESIAN_POINT('',(122.55,-53.65,0.));
#17857 = VECTOR('',#17858,1.);
#17858 = DIRECTION('',(-0.,1.,0.));
#17859 = ORIENTED_EDGE('',*,*,#17860,.T.);
#17860 = EDGE_CURVE('',#17853,#17861,#17863,.T.);
#17861 = VERTEX_POINT('',#17862);
#17862 = CARTESIAN_POINT('',(123.35,-107.3,0.));
#17863 = CIRCLE('',#17864,0.4);
#17864 = AXIS2_PLACEMENT_3D('',#17865,#17866,#17867);
#17865 = CARTESIAN_POINT('',(122.95,-107.3,0.));
#17866 = DIRECTION('',(0.,-0.,-1.));
#17867 = DIRECTION('',(1.,0.,-0.));
#17868 = ORIENTED_EDGE('',*,*,#17869,.T.);
#17869 = EDGE_CURVE('',#17861,#17842,#17870,.T.);
#17870 = LINE('',#17871,#17872);
#17871 = CARTESIAN_POINT('',(123.35,-53.95,0.));
#17872 = VECTOR('',#17873,1.);
#17873 = DIRECTION('',(0.,-1.,0.));
#17874 = FACE_BOUND('',#17875,.F.);
#17875 = EDGE_LOOP('',(#17876));
#17876 = ORIENTED_EDGE('',*,*,#17877,.T.);
#17877 = EDGE_CURVE('',#17878,#17878,#17880,.T.);
#17878 = VERTEX_POINT('',#17879);
#17879 = CARTESIAN_POINT('',(120.41,-100.4,0.));
#17880 = CIRCLE('',#17881,0.9);
#17881 = AXIS2_PLACEMENT_3D('',#17882,#17883,#17884);
#17882 = CARTESIAN_POINT('',(120.41,-99.5,0.));
#17883 = DIRECTION('',(-0.,0.,-1.));
#17884 = DIRECTION('',(-0.,-1.,0.));
#17885 = FACE_BOUND('',#17886,.F.);
#17886 = EDGE_LOOP('',(#17887,#17898,#17906,#17915));
#17887 = ORIENTED_EDGE('',*,*,#17888,.T.);
#17888 = EDGE_CURVE('',#17889,#17891,#17893,.T.);
#17889 = VERTEX_POINT('',#17890);
#17890 = CARTESIAN_POINT('',(123.13,-98.8,0.));
#17891 = VERTEX_POINT('',#17892);
#17892 = CARTESIAN_POINT('',(122.33,-98.8,0.));
#17893 = CIRCLE('',#17894,0.4);
#17894 = AXIS2_PLACEMENT_3D('',#17895,#17896,#17897);
#17895 = CARTESIAN_POINT('',(122.73,-98.8,0.));
#17896 = DIRECTION('',(-0.,0.,-1.));
#17897 = DIRECTION('',(-1.,0.,0.));
#17898 = ORIENTED_EDGE('',*,*,#17899,.T.);
#17899 = EDGE_CURVE('',#17891,#17900,#17902,.T.);
#17900 = VERTEX_POINT('',#17901);
#17901 = CARTESIAN_POINT('',(122.33,-97.6,0.));
#17902 = LINE('',#17903,#17904);
#17903 = CARTESIAN_POINT('',(122.33,-48.8,0.));
#17904 = VECTOR('',#17905,1.);
#17905 = DIRECTION('',(-0.,1.,0.));
#17906 = ORIENTED_EDGE('',*,*,#17907,.T.);
#17907 = EDGE_CURVE('',#17900,#17908,#17910,.T.);
#17908 = VERTEX_POINT('',#17909);
#17909 = CARTESIAN_POINT('',(123.13,-97.6,0.));
#17910 = CIRCLE('',#17911,0.4);
#17911 = AXIS2_PLACEMENT_3D('',#17912,#17913,#17914);
#17912 = CARTESIAN_POINT('',(122.73,-97.6,0.));
#17913 = DIRECTION('',(0.,-0.,-1.));
#17914 = DIRECTION('',(1.,3.552713678801E-14,-0.));
#17915 = ORIENTED_EDGE('',*,*,#17916,.T.);
#17916 = EDGE_CURVE('',#17908,#17889,#17917,.T.);
#17917 = LINE('',#17918,#17919);
#17918 = CARTESIAN_POINT('',(123.13,-49.4,0.));
#17919 = VECTOR('',#17920,1.);
#17920 = DIRECTION('',(0.,-1.,0.));
#17921 = PLANE('',#17922);
#17922 = AXIS2_PLACEMENT_3D('',#17923,#17924,#17925);
#17923 = CARTESIAN_POINT('',(0.,0.,0.));
#17924 = DIRECTION('',(0.,0.,1.));
#17925 = DIRECTION('',(1.,0.,-0.));
#17926 = ADVANCED_FACE('',(#17927,#17938,#17974,#17985,#18021,#18057,
    #18068),#18104,.T.);
#17927 = FACE_BOUND('',#17928,.T.);
#17928 = EDGE_LOOP('',(#17929,#17930,#17931,#17937));
#17929 = ORIENTED_EDGE('',*,*,#17655,.F.);
#17930 = ORIENTED_EDGE('',*,*,#17695,.F.);
#17931 = ORIENTED_EDGE('',*,*,#17932,.F.);
#17932 = EDGE_CURVE('',#17718,#17688,#17933,.T.);
#17933 = LINE('',#17934,#17935);
#17934 = CARTESIAN_POINT('',(115.,-80.,1.51));
#17935 = VECTOR('',#17936,1.);
#17936 = DIRECTION('',(1.,0.,0.));
#17937 = ORIENTED_EDGE('',*,*,#17717,.F.);
#17938 = FACE_BOUND('',#17939,.T.);
#17939 = EDGE_LOOP('',(#17940,#17951,#17959,#17968));
#17940 = ORIENTED_EDGE('',*,*,#17941,.T.);
#17941 = EDGE_CURVE('',#17942,#17944,#17946,.T.);
#17942 = VERTEX_POINT('',#17943);
#17943 = CARTESIAN_POINT('',(118.27,-108.8,1.51));
#17944 = VERTEX_POINT('',#17945);
#17945 = CARTESIAN_POINT('',(117.47,-108.8,1.51));
#17946 = CIRCLE('',#17947,0.4);
#17947 = AXIS2_PLACEMENT_3D('',#17948,#17949,#17950);
#17948 = CARTESIAN_POINT('',(117.87,-108.8,1.51));
#17949 = DIRECTION('',(-0.,0.,-1.));
#17950 = DIRECTION('',(-1.,3.552713678801E-14,0.));
#17951 = ORIENTED_EDGE('',*,*,#17952,.T.);
#17952 = EDGE_CURVE('',#17944,#17953,#17955,.T.);
#17953 = VERTEX_POINT('',#17954);
#17954 = CARTESIAN_POINT('',(117.47,-108.2,1.51));
#17955 = LINE('',#17956,#17957);
#17956 = CARTESIAN_POINT('',(117.47,-54.1,1.51));
#17957 = VECTOR('',#17958,1.);
#17958 = DIRECTION('',(-0.,1.,0.));
#17959 = ORIENTED_EDGE('',*,*,#17960,.T.);
#17960 = EDGE_CURVE('',#17953,#17961,#17963,.T.);
#17961 = VERTEX_POINT('',#17962);
#17962 = CARTESIAN_POINT('',(118.27,-108.2,1.51));
#17963 = CIRCLE('',#17964,0.4);
#17964 = AXIS2_PLACEMENT_3D('',#17965,#17966,#17967);
#17965 = CARTESIAN_POINT('',(117.87,-108.2,1.51));
#17966 = DIRECTION('',(0.,-0.,-1.));
#17967 = DIRECTION('',(1.,-3.5527136788E-14,0.));
#17968 = ORIENTED_EDGE('',*,*,#17969,.T.);
#17969 = EDGE_CURVE('',#17961,#17942,#17970,.T.);
#17970 = LINE('',#17971,#17972);
#17971 = CARTESIAN_POINT('',(118.27,-54.4,1.51));
#17972 = VECTOR('',#17973,1.);
#17973 = DIRECTION('',(0.,-1.,0.));
#17974 = FACE_BOUND('',#17975,.T.);
#17975 = EDGE_LOOP('',(#17976));
#17976 = ORIENTED_EDGE('',*,*,#17977,.T.);
#17977 = EDGE_CURVE('',#17978,#17978,#17980,.T.);
#17978 = VERTEX_POINT('',#17979);
#17979 = CARTESIAN_POINT('',(120.41,-107.4,1.51));
#17980 = CIRCLE('',#17981,0.9);
#17981 = AXIS2_PLACEMENT_3D('',#17982,#17983,#17984);
#17982 = CARTESIAN_POINT('',(120.41,-106.5,1.51));
#17983 = DIRECTION('',(-0.,0.,-1.));
#17984 = DIRECTION('',(-0.,-1.,0.));
#17985 = FACE_BOUND('',#17986,.T.);
#17986 = EDGE_LOOP('',(#17987,#17998,#18006,#18015));
#17987 = ORIENTED_EDGE('',*,*,#17988,.T.);
#17988 = EDGE_CURVE('',#17989,#17991,#17993,.T.);
#17989 = VERTEX_POINT('',#17990);
#17990 = CARTESIAN_POINT('',(118.27,-106.1,1.51));
#17991 = VERTEX_POINT('',#17992);
#17992 = CARTESIAN_POINT('',(117.47,-106.1,1.51));
#17993 = CIRCLE('',#17994,0.4);
#17994 = AXIS2_PLACEMENT_3D('',#17995,#17996,#17997);
#17995 = CARTESIAN_POINT('',(117.87,-106.1,1.51));
#17996 = DIRECTION('',(-0.,0.,-1.));
#17997 = DIRECTION('',(-1.,3.552713678801E-14,0.));
#17998 = ORIENTED_EDGE('',*,*,#17999,.T.);
#17999 = EDGE_CURVE('',#17991,#18000,#18002,.T.);
#18000 = VERTEX_POINT('',#18001);
#18001 = CARTESIAN_POINT('',(117.47,-105.3,1.51));
#18002 = LINE('',#18003,#18004);
#18003 = CARTESIAN_POINT('',(117.47,-52.65,1.51));
#18004 = VECTOR('',#18005,1.);
#18005 = DIRECTION('',(-0.,1.,0.));
#18006 = ORIENTED_EDGE('',*,*,#18007,.T.);
#18007 = EDGE_CURVE('',#18000,#18008,#18010,.T.);
#18008 = VERTEX_POINT('',#18009);
#18009 = CARTESIAN_POINT('',(118.27,-105.3,1.51));
#18010 = CIRCLE('',#18011,0.4);
#18011 = AXIS2_PLACEMENT_3D('',#18012,#18013,#18014);
#18012 = CARTESIAN_POINT('',(117.87,-105.3,1.51));
#18013 = DIRECTION('',(0.,-0.,-1.));
#18014 = DIRECTION('',(1.,0.,-0.));
#18015 = ORIENTED_EDGE('',*,*,#18016,.T.);
#18016 = EDGE_CURVE('',#18008,#17989,#18017,.T.);
#18017 = LINE('',#18018,#18019);
#18018 = CARTESIAN_POINT('',(118.27,-53.05,1.51));
#18019 = VECTOR('',#18020,1.);
#18020 = DIRECTION('',(0.,-1.,0.));
#18021 = FACE_BOUND('',#18022,.T.);
#18022 = EDGE_LOOP('',(#18023,#18034,#18042,#18051));
#18023 = ORIENTED_EDGE('',*,*,#18024,.T.);
#18024 = EDGE_CURVE('',#18025,#18027,#18029,.T.);
#18025 = VERTEX_POINT('',#18026);
#18026 = CARTESIAN_POINT('',(123.35,-107.9,1.51));
#18027 = VERTEX_POINT('',#18028);
#18028 = CARTESIAN_POINT('',(122.55,-107.9,1.51));
#18029 = CIRCLE('',#18030,0.4);
#18030 = AXIS2_PLACEMENT_3D('',#18031,#18032,#18033);
#18031 = CARTESIAN_POINT('',(122.95,-107.9,1.51));
#18032 = DIRECTION('',(-0.,0.,-1.));
#18033 = DIRECTION('',(-1.,-3.5527136788E-14,0.));
#18034 = ORIENTED_EDGE('',*,*,#18035,.T.);
#18035 = EDGE_CURVE('',#18027,#18036,#18038,.T.);
#18036 = VERTEX_POINT('',#18037);
#18037 = CARTESIAN_POINT('',(122.55,-107.3,1.51));
#18038 = LINE('',#18039,#18040);
#18039 = CARTESIAN_POINT('',(122.55,-53.65,1.51));
#18040 = VECTOR('',#18041,1.);
#18041 = DIRECTION('',(-0.,1.,0.));
#18042 = ORIENTED_EDGE('',*,*,#18043,.T.);
#18043 = EDGE_CURVE('',#18036,#18044,#18046,.T.);
#18044 = VERTEX_POINT('',#18045);
#18045 = CARTESIAN_POINT('',(123.35,-107.3,1.51));
#18046 = CIRCLE('',#18047,0.4);
#18047 = AXIS2_PLACEMENT_3D('',#18048,#18049,#18050);
#18048 = CARTESIAN_POINT('',(122.95,-107.3,1.51));
#18049 = DIRECTION('',(0.,-0.,-1.));
#18050 = DIRECTION('',(1.,0.,-0.));
#18051 = ORIENTED_EDGE('',*,*,#18052,.T.);
#18052 = EDGE_CURVE('',#18044,#18025,#18053,.T.);
#18053 = LINE('',#18054,#18055);
#18054 = CARTESIAN_POINT('',(123.35,-53.95,1.51));
#18055 = VECTOR('',#18056,1.);
#18056 = DIRECTION('',(0.,-1.,0.));
#18057 = FACE_BOUND('',#18058,.T.);
#18058 = EDGE_LOOP('',(#18059));
#18059 = ORIENTED_EDGE('',*,*,#18060,.T.);
#18060 = EDGE_CURVE('',#18061,#18061,#18063,.T.);
#18061 = VERTEX_POINT('',#18062);
#18062 = CARTESIAN_POINT('',(120.41,-100.4,1.51));
#18063 = CIRCLE('',#18064,0.9);
#18064 = AXIS2_PLACEMENT_3D('',#18065,#18066,#18067);
#18065 = CARTESIAN_POINT('',(120.41,-99.5,1.51));
#18066 = DIRECTION('',(-0.,0.,-1.));
#18067 = DIRECTION('',(-0.,-1.,0.));
#18068 = FACE_BOUND('',#18069,.T.);
#18069 = EDGE_LOOP('',(#18070,#18081,#18089,#18098));
#18070 = ORIENTED_EDGE('',*,*,#18071,.T.);
#18071 = EDGE_CURVE('',#18072,#18074,#18076,.T.);
#18072 = VERTEX_POINT('',#18073);
#18073 = CARTESIAN_POINT('',(123.13,-98.8,1.51));
#18074 = VERTEX_POINT('',#18075);
#18075 = CARTESIAN_POINT('',(122.33,-98.8,1.51));
#18076 = CIRCLE('',#18077,0.4);
#18077 = AXIS2_PLACEMENT_3D('',#18078,#18079,#18080);
#18078 = CARTESIAN_POINT('',(122.73,-98.8,1.51));
#18079 = DIRECTION('',(-0.,0.,-1.));
#18080 = DIRECTION('',(-1.,0.,0.));
#18081 = ORIENTED_EDGE('',*,*,#18082,.T.);
#18082 = EDGE_CURVE('',#18074,#18083,#18085,.T.);
#18083 = VERTEX_POINT('',#18084);
#18084 = CARTESIAN_POINT('',(122.33,-97.6,1.51));
#18085 = LINE('',#18086,#18087);
#18086 = CARTESIAN_POINT('',(122.33,-48.8,1.51));
#18087 = VECTOR('',#18088,1.);
#18088 = DIRECTION('',(-0.,1.,0.));
#18089 = ORIENTED_EDGE('',*,*,#18090,.T.);
#18090 = EDGE_CURVE('',#18083,#18091,#18093,.T.);
#18091 = VERTEX_POINT('',#18092);
#18092 = CARTESIAN_POINT('',(123.13,-97.6,1.51));
#18093 = CIRCLE('',#18094,0.4);
#18094 = AXIS2_PLACEMENT_3D('',#18095,#18096,#18097);
#18095 = CARTESIAN_POINT('',(122.73,-97.6,1.51));
#18096 = DIRECTION('',(0.,-0.,-1.));
#18097 = DIRECTION('',(1.,3.552713678801E-14,-0.));
#18098 = ORIENTED_EDGE('',*,*,#18099,.T.);
#18099 = EDGE_CURVE('',#18091,#18072,#18100,.T.);
#18100 = LINE('',#18101,#18102);
#18101 = CARTESIAN_POINT('',(123.13,-49.4,1.51));
#18102 = VECTOR('',#18103,1.);
#18103 = DIRECTION('',(0.,-1.,0.));
#18104 = PLANE('',#18105);
#18105 = AXIS2_PLACEMENT_3D('',#18106,#18107,#18108);
#18106 = CARTESIAN_POINT('',(0.,0.,1.51));
#18107 = DIRECTION('',(0.,0.,1.));
#18108 = DIRECTION('',(1.,0.,-0.));
#18109 = ADVANCED_FACE('',(#18110),#18116,.T.);
#18110 = FACE_BOUND('',#18111,.T.);
#18111 = EDGE_LOOP('',(#18112,#18113,#18114,#18115));
#18112 = ORIENTED_EDGE('',*,*,#17725,.T.);
#18113 = ORIENTED_EDGE('',*,*,#17932,.T.);
#18114 = ORIENTED_EDGE('',*,*,#17685,.F.);
#18115 = ORIENTED_EDGE('',*,*,#17749,.F.);
#18116 = PLANE('',#18117);
#18117 = AXIS2_PLACEMENT_3D('',#18118,#18119,#18120);
#18118 = CARTESIAN_POINT('',(115.,-80.,0.));
#18119 = DIRECTION('',(0.,1.,0.));
#18120 = DIRECTION('',(1.,0.,0.));
#18121 = ADVANCED_FACE('',(#18122),#18138,.F.);
#18122 = FACE_BOUND('',#18123,.T.);
#18123 = EDGE_LOOP('',(#18124,#18125,#18131,#18132));
#18124 = ORIENTED_EDGE('',*,*,#17758,.T.);
#18125 = ORIENTED_EDGE('',*,*,#18126,.T.);
#18126 = EDGE_CURVE('',#17761,#17944,#18127,.T.);
#18127 = LINE('',#18128,#18129);
#18128 = CARTESIAN_POINT('',(117.47,-108.8,-4.6E-02));
#18129 = VECTOR('',#18130,1.);
#18130 = DIRECTION('',(0.,0.,1.));
#18131 = ORIENTED_EDGE('',*,*,#17941,.F.);
#18132 = ORIENTED_EDGE('',*,*,#18133,.F.);
#18133 = EDGE_CURVE('',#17759,#17942,#18134,.T.);
#18134 = LINE('',#18135,#18136);
#18135 = CARTESIAN_POINT('',(118.27,-108.8,-4.6E-02));
#18136 = VECTOR('',#18137,1.);
#18137 = DIRECTION('',(0.,0.,1.));
#18138 = CYLINDRICAL_SURFACE('',#18139,0.4);
#18139 = AXIS2_PLACEMENT_3D('',#18140,#18141,#18142);
#18140 = CARTESIAN_POINT('',(117.87,-108.8,-4.6E-02));
#18141 = DIRECTION('',(-0.,-0.,-1.));
#18142 = DIRECTION('',(-1.,3.552713678801E-14,-0.));
#18143 = ADVANCED_FACE('',(#18144),#18155,.T.);
#18144 = FACE_BOUND('',#18145,.T.);
#18145 = EDGE_LOOP('',(#18146,#18147,#18148,#18149));
#18146 = ORIENTED_EDGE('',*,*,#17786,.T.);
#18147 = ORIENTED_EDGE('',*,*,#18133,.T.);
#18148 = ORIENTED_EDGE('',*,*,#17969,.F.);
#18149 = ORIENTED_EDGE('',*,*,#18150,.F.);
#18150 = EDGE_CURVE('',#17778,#17961,#18151,.T.);
#18151 = LINE('',#18152,#18153);
#18152 = CARTESIAN_POINT('',(118.27,-108.2,-4.6E-02));
#18153 = VECTOR('',#18154,1.);
#18154 = DIRECTION('',(0.,0.,1.));
#18155 = PLANE('',#18156);
#18156 = AXIS2_PLACEMENT_3D('',#18157,#18158,#18159);
#18157 = CARTESIAN_POINT('',(118.27,-108.8,-4.6E-02));
#18158 = DIRECTION('',(-1.,0.,0.));
#18159 = DIRECTION('',(0.,1.,0.));
#18160 = ADVANCED_FACE('',(#18161),#18172,.F.);
#18161 = FACE_BOUND('',#18162,.T.);
#18162 = EDGE_LOOP('',(#18163,#18164,#18165,#18166));
#18163 = ORIENTED_EDGE('',*,*,#17777,.T.);
#18164 = ORIENTED_EDGE('',*,*,#18150,.T.);
#18165 = ORIENTED_EDGE('',*,*,#17960,.F.);
#18166 = ORIENTED_EDGE('',*,*,#18167,.F.);
#18167 = EDGE_CURVE('',#17770,#17953,#18168,.T.);
#18168 = LINE('',#18169,#18170);
#18169 = CARTESIAN_POINT('',(117.47,-108.2,-4.6E-02));
#18170 = VECTOR('',#18171,1.);
#18171 = DIRECTION('',(0.,0.,1.));
#18172 = CYLINDRICAL_SURFACE('',#18173,0.4);
#18173 = AXIS2_PLACEMENT_3D('',#18174,#18175,#18176);
#18174 = CARTESIAN_POINT('',(117.87,-108.2,-4.6E-02));
#18175 = DIRECTION('',(-0.,-0.,-1.));
#18176 = DIRECTION('',(1.,-3.5527136788E-14,0.));
#18177 = ADVANCED_FACE('',(#18178),#18184,.T.);
#18178 = FACE_BOUND('',#18179,.T.);
#18179 = EDGE_LOOP('',(#18180,#18181,#18182,#18183));
#18180 = ORIENTED_EDGE('',*,*,#17769,.T.);
#18181 = ORIENTED_EDGE('',*,*,#18167,.T.);
#18182 = ORIENTED_EDGE('',*,*,#17952,.F.);
#18183 = ORIENTED_EDGE('',*,*,#18126,.F.);
#18184 = PLANE('',#18185);
#18185 = AXIS2_PLACEMENT_3D('',#18186,#18187,#18188);
#18186 = CARTESIAN_POINT('',(117.47,-108.2,-4.6E-02));
#18187 = DIRECTION('',(1.,0.,-0.));
#18188 = DIRECTION('',(0.,-1.,0.));
#18189 = ADVANCED_FACE('',(#18190),#18201,.F.);
#18190 = FACE_BOUND('',#18191,.T.);
#18191 = EDGE_LOOP('',(#18192,#18193,#18199,#18200));
#18192 = ORIENTED_EDGE('',*,*,#17794,.T.);
#18193 = ORIENTED_EDGE('',*,*,#18194,.T.);
#18194 = EDGE_CURVE('',#17795,#17978,#18195,.T.);
#18195 = LINE('',#18196,#18197);
#18196 = CARTESIAN_POINT('',(120.41,-107.4,-4.6E-02));
#18197 = VECTOR('',#18198,1.);
#18198 = DIRECTION('',(0.,0.,1.));
#18199 = ORIENTED_EDGE('',*,*,#17977,.F.);
#18200 = ORIENTED_EDGE('',*,*,#18194,.F.);
#18201 = CYLINDRICAL_SURFACE('',#18202,0.9);
#18202 = AXIS2_PLACEMENT_3D('',#18203,#18204,#18205);
#18203 = CARTESIAN_POINT('',(120.41,-106.5,-4.6E-02));
#18204 = DIRECTION('',(-0.,-0.,-1.));
#18205 = DIRECTION('',(-0.,-1.,0.));
#18206 = ADVANCED_FACE('',(#18207),#18223,.F.);
#18207 = FACE_BOUND('',#18208,.T.);
#18208 = EDGE_LOOP('',(#18209,#18210,#18216,#18217));
#18209 = ORIENTED_EDGE('',*,*,#17805,.T.);
#18210 = ORIENTED_EDGE('',*,*,#18211,.T.);
#18211 = EDGE_CURVE('',#17808,#17991,#18212,.T.);
#18212 = LINE('',#18213,#18214);
#18213 = CARTESIAN_POINT('',(117.47,-106.1,-4.6E-02));
#18214 = VECTOR('',#18215,1.);
#18215 = DIRECTION('',(0.,0.,1.));
#18216 = ORIENTED_EDGE('',*,*,#17988,.F.);
#18217 = ORIENTED_EDGE('',*,*,#18218,.F.);
#18218 = EDGE_CURVE('',#17806,#17989,#18219,.T.);
#18219 = LINE('',#18220,#18221);
#18220 = CARTESIAN_POINT('',(118.27,-106.1,-4.6E-02));
#18221 = VECTOR('',#18222,1.);
#18222 = DIRECTION('',(0.,0.,1.));
#18223 = CYLINDRICAL_SURFACE('',#18224,0.4);
#18224 = AXIS2_PLACEMENT_3D('',#18225,#18226,#18227);
#18225 = CARTESIAN_POINT('',(117.87,-106.1,-4.6E-02));
#18226 = DIRECTION('',(-0.,-0.,-1.));
#18227 = DIRECTION('',(-1.,3.552713678801E-14,-0.));
#18228 = ADVANCED_FACE('',(#18229),#18240,.T.);
#18229 = FACE_BOUND('',#18230,.T.);
#18230 = EDGE_LOOP('',(#18231,#18232,#18233,#18234));
#18231 = ORIENTED_EDGE('',*,*,#17833,.T.);
#18232 = ORIENTED_EDGE('',*,*,#18218,.T.);
#18233 = ORIENTED_EDGE('',*,*,#18016,.F.);
#18234 = ORIENTED_EDGE('',*,*,#18235,.F.);
#18235 = EDGE_CURVE('',#17825,#18008,#18236,.T.);
#18236 = LINE('',#18237,#18238);
#18237 = CARTESIAN_POINT('',(118.27,-105.3,-4.6E-02));
#18238 = VECTOR('',#18239,1.);
#18239 = DIRECTION('',(0.,0.,1.));
#18240 = PLANE('',#18241);
#18241 = AXIS2_PLACEMENT_3D('',#18242,#18243,#18244);
#18242 = CARTESIAN_POINT('',(118.27,-106.1,-4.6E-02));
#18243 = DIRECTION('',(-1.,0.,0.));
#18244 = DIRECTION('',(0.,1.,0.));
#18245 = ADVANCED_FACE('',(#18246),#18257,.F.);
#18246 = FACE_BOUND('',#18247,.T.);
#18247 = EDGE_LOOP('',(#18248,#18249,#18250,#18251));
#18248 = ORIENTED_EDGE('',*,*,#17824,.T.);
#18249 = ORIENTED_EDGE('',*,*,#18235,.T.);
#18250 = ORIENTED_EDGE('',*,*,#18007,.F.);
#18251 = ORIENTED_EDGE('',*,*,#18252,.F.);
#18252 = EDGE_CURVE('',#17817,#18000,#18253,.T.);
#18253 = LINE('',#18254,#18255);
#18254 = CARTESIAN_POINT('',(117.47,-105.3,-4.6E-02));
#18255 = VECTOR('',#18256,1.);
#18256 = DIRECTION('',(0.,0.,1.));
#18257 = CYLINDRICAL_SURFACE('',#18258,0.4);
#18258 = AXIS2_PLACEMENT_3D('',#18259,#18260,#18261);
#18259 = CARTESIAN_POINT('',(117.87,-105.3,-4.6E-02));
#18260 = DIRECTION('',(-0.,-0.,-1.));
#18261 = DIRECTION('',(1.,0.,-0.));
#18262 = ADVANCED_FACE('',(#18263),#18269,.T.);
#18263 = FACE_BOUND('',#18264,.T.);
#18264 = EDGE_LOOP('',(#18265,#18266,#18267,#18268));
#18265 = ORIENTED_EDGE('',*,*,#17816,.T.);
#18266 = ORIENTED_EDGE('',*,*,#18252,.T.);
#18267 = ORIENTED_EDGE('',*,*,#17999,.F.);
#18268 = ORIENTED_EDGE('',*,*,#18211,.F.);
#18269 = PLANE('',#18270);
#18270 = AXIS2_PLACEMENT_3D('',#18271,#18272,#18273);
#18271 = CARTESIAN_POINT('',(117.47,-105.3,-4.6E-02));
#18272 = DIRECTION('',(1.,0.,-0.));
#18273 = DIRECTION('',(0.,-1.,0.));
#18274 = ADVANCED_FACE('',(#18275),#18291,.F.);
#18275 = FACE_BOUND('',#18276,.T.);
#18276 = EDGE_LOOP('',(#18277,#18278,#18284,#18285));
#18277 = ORIENTED_EDGE('',*,*,#17841,.T.);
#18278 = ORIENTED_EDGE('',*,*,#18279,.T.);
#18279 = EDGE_CURVE('',#17844,#18027,#18280,.T.);
#18280 = LINE('',#18281,#18282);
#18281 = CARTESIAN_POINT('',(122.55,-107.9,-4.6E-02));
#18282 = VECTOR('',#18283,1.);
#18283 = DIRECTION('',(0.,0.,1.));
#18284 = ORIENTED_EDGE('',*,*,#18024,.F.);
#18285 = ORIENTED_EDGE('',*,*,#18286,.F.);
#18286 = EDGE_CURVE('',#17842,#18025,#18287,.T.);
#18287 = LINE('',#18288,#18289);
#18288 = CARTESIAN_POINT('',(123.35,-107.9,-4.6E-02));
#18289 = VECTOR('',#18290,1.);
#18290 = DIRECTION('',(0.,0.,1.));
#18291 = CYLINDRICAL_SURFACE('',#18292,0.4);
#18292 = AXIS2_PLACEMENT_3D('',#18293,#18294,#18295);
#18293 = CARTESIAN_POINT('',(122.95,-107.9,-4.6E-02));
#18294 = DIRECTION('',(-0.,-0.,-1.));
#18295 = DIRECTION('',(-1.,-3.5527136788E-14,0.));
#18296 = ADVANCED_FACE('',(#18297),#18308,.T.);
#18297 = FACE_BOUND('',#18298,.T.);
#18298 = EDGE_LOOP('',(#18299,#18300,#18301,#18302));
#18299 = ORIENTED_EDGE('',*,*,#17869,.T.);
#18300 = ORIENTED_EDGE('',*,*,#18286,.T.);
#18301 = ORIENTED_EDGE('',*,*,#18052,.F.);
#18302 = ORIENTED_EDGE('',*,*,#18303,.F.);
#18303 = EDGE_CURVE('',#17861,#18044,#18304,.T.);
#18304 = LINE('',#18305,#18306);
#18305 = CARTESIAN_POINT('',(123.35,-107.3,-4.6E-02));
#18306 = VECTOR('',#18307,1.);
#18307 = DIRECTION('',(0.,0.,1.));
#18308 = PLANE('',#18309);
#18309 = AXIS2_PLACEMENT_3D('',#18310,#18311,#18312);
#18310 = CARTESIAN_POINT('',(123.35,-107.9,-4.6E-02));
#18311 = DIRECTION('',(-1.,0.,0.));
#18312 = DIRECTION('',(0.,1.,0.));
#18313 = ADVANCED_FACE('',(#18314),#18325,.F.);
#18314 = FACE_BOUND('',#18315,.T.);
#18315 = EDGE_LOOP('',(#18316,#18317,#18318,#18319));
#18316 = ORIENTED_EDGE('',*,*,#17860,.T.);
#18317 = ORIENTED_EDGE('',*,*,#18303,.T.);
#18318 = ORIENTED_EDGE('',*,*,#18043,.F.);
#18319 = ORIENTED_EDGE('',*,*,#18320,.F.);
#18320 = EDGE_CURVE('',#17853,#18036,#18321,.T.);
#18321 = LINE('',#18322,#18323);
#18322 = CARTESIAN_POINT('',(122.55,-107.3,-4.6E-02));
#18323 = VECTOR('',#18324,1.);
#18324 = DIRECTION('',(0.,0.,1.));
#18325 = CYLINDRICAL_SURFACE('',#18326,0.4);
#18326 = AXIS2_PLACEMENT_3D('',#18327,#18328,#18329);
#18327 = CARTESIAN_POINT('',(122.95,-107.3,-4.6E-02));
#18328 = DIRECTION('',(-0.,-0.,-1.));
#18329 = DIRECTION('',(1.,0.,-0.));
#18330 = ADVANCED_FACE('',(#18331),#18337,.T.);
#18331 = FACE_BOUND('',#18332,.T.);
#18332 = EDGE_LOOP('',(#18333,#18334,#18335,#18336));
#18333 = ORIENTED_EDGE('',*,*,#17852,.T.);
#18334 = ORIENTED_EDGE('',*,*,#18320,.T.);
#18335 = ORIENTED_EDGE('',*,*,#18035,.F.);
#18336 = ORIENTED_EDGE('',*,*,#18279,.F.);
#18337 = PLANE('',#18338);
#18338 = AXIS2_PLACEMENT_3D('',#18339,#18340,#18341);
#18339 = CARTESIAN_POINT('',(122.55,-107.3,-4.6E-02));
#18340 = DIRECTION('',(1.,0.,-0.));
#18341 = DIRECTION('',(0.,-1.,0.));
#18342 = ADVANCED_FACE('',(#18343),#18354,.F.);
#18343 = FACE_BOUND('',#18344,.T.);
#18344 = EDGE_LOOP('',(#18345,#18346,#18352,#18353));
#18345 = ORIENTED_EDGE('',*,*,#17877,.T.);
#18346 = ORIENTED_EDGE('',*,*,#18347,.T.);
#18347 = EDGE_CURVE('',#17878,#18061,#18348,.T.);
#18348 = LINE('',#18349,#18350);
#18349 = CARTESIAN_POINT('',(120.41,-100.4,-4.6E-02));
#18350 = VECTOR('',#18351,1.);
#18351 = DIRECTION('',(0.,0.,1.));
#18352 = ORIENTED_EDGE('',*,*,#18060,.F.);
#18353 = ORIENTED_EDGE('',*,*,#18347,.F.);
#18354 = CYLINDRICAL_SURFACE('',#18355,0.9);
#18355 = AXIS2_PLACEMENT_3D('',#18356,#18357,#18358);
#18356 = CARTESIAN_POINT('',(120.41,-99.5,-4.6E-02));
#18357 = DIRECTION('',(-0.,-0.,-1.));
#18358 = DIRECTION('',(-0.,-1.,0.));
#18359 = ADVANCED_FACE('',(#18360),#18376,.F.);
#18360 = FACE_BOUND('',#18361,.T.);
#18361 = EDGE_LOOP('',(#18362,#18363,#18369,#18370));
#18362 = ORIENTED_EDGE('',*,*,#17888,.T.);
#18363 = ORIENTED_EDGE('',*,*,#18364,.T.);
#18364 = EDGE_CURVE('',#17891,#18074,#18365,.T.);
#18365 = LINE('',#18366,#18367);
#18366 = CARTESIAN_POINT('',(122.33,-98.8,-4.6E-02));
#18367 = VECTOR('',#18368,1.);
#18368 = DIRECTION('',(0.,0.,1.));
#18369 = ORIENTED_EDGE('',*,*,#18071,.F.);
#18370 = ORIENTED_EDGE('',*,*,#18371,.F.);
#18371 = EDGE_CURVE('',#17889,#18072,#18372,.T.);
#18372 = LINE('',#18373,#18374);
#18373 = CARTESIAN_POINT('',(123.13,-98.8,-4.6E-02));
#18374 = VECTOR('',#18375,1.);
#18375 = DIRECTION('',(0.,0.,1.));
#18376 = CYLINDRICAL_SURFACE('',#18377,0.4);
#18377 = AXIS2_PLACEMENT_3D('',#18378,#18379,#18380);
#18378 = CARTESIAN_POINT('',(122.73,-98.8,-4.6E-02));
#18379 = DIRECTION('',(-0.,-0.,-1.));
#18380 = DIRECTION('',(-1.,0.,-0.));
#18381 = ADVANCED_FACE('',(#18382),#18393,.T.);
#18382 = FACE_BOUND('',#18383,.T.);
#18383 = EDGE_LOOP('',(#18384,#18385,#18386,#18387));
#18384 = ORIENTED_EDGE('',*,*,#17916,.T.);
#18385 = ORIENTED_EDGE('',*,*,#18371,.T.);
#18386 = ORIENTED_EDGE('',*,*,#18099,.F.);
#18387 = ORIENTED_EDGE('',*,*,#18388,.F.);
#18388 = EDGE_CURVE('',#17908,#18091,#18389,.T.);
#18389 = LINE('',#18390,#18391);
#18390 = CARTESIAN_POINT('',(123.13,-97.6,-4.6E-02));
#18391 = VECTOR('',#18392,1.);
#18392 = DIRECTION('',(0.,0.,1.));
#18393 = PLANE('',#18394);
#18394 = AXIS2_PLACEMENT_3D('',#18395,#18396,#18397);
#18395 = CARTESIAN_POINT('',(123.13,-98.8,-4.6E-02));
#18396 = DIRECTION('',(-1.,0.,0.));
#18397 = DIRECTION('',(0.,1.,0.));
#18398 = ADVANCED_FACE('',(#18399),#18410,.F.);
#18399 = FACE_BOUND('',#18400,.T.);
#18400 = EDGE_LOOP('',(#18401,#18402,#18403,#18404));
#18401 = ORIENTED_EDGE('',*,*,#17907,.T.);
#18402 = ORIENTED_EDGE('',*,*,#18388,.T.);
#18403 = ORIENTED_EDGE('',*,*,#18090,.F.);
#18404 = ORIENTED_EDGE('',*,*,#18405,.F.);
#18405 = EDGE_CURVE('',#17900,#18083,#18406,.T.);
#18406 = LINE('',#18407,#18408);
#18407 = CARTESIAN_POINT('',(122.33,-97.6,-4.6E-02));
#18408 = VECTOR('',#18409,1.);
#18409 = DIRECTION('',(0.,0.,1.));
#18410 = CYLINDRICAL_SURFACE('',#18411,0.4);
#18411 = AXIS2_PLACEMENT_3D('',#18412,#18413,#18414);
#18412 = CARTESIAN_POINT('',(122.73,-97.6,-4.6E-02));
#18413 = DIRECTION('',(-0.,-0.,-1.));
#18414 = DIRECTION('',(1.,3.552713678801E-14,-0.));
#18415 = ADVANCED_FACE('',(#18416),#18422,.T.);
#18416 = FACE_BOUND('',#18417,.T.);
#18417 = EDGE_LOOP('',(#18418,#18419,#18420,#18421));
#18418 = ORIENTED_EDGE('',*,*,#17899,.T.);
#18419 = ORIENTED_EDGE('',*,*,#18405,.T.);
#18420 = ORIENTED_EDGE('',*,*,#18082,.F.);
#18421 = ORIENTED_EDGE('',*,*,#18364,.F.);
#18422 = PLANE('',#18423);
#18423 = AXIS2_PLACEMENT_3D('',#18424,#18425,#18426);
#18424 = CARTESIAN_POINT('',(122.33,-97.6,-4.6E-02));
#18425 = DIRECTION('',(1.,0.,-0.));
#18426 = DIRECTION('',(0.,-1.,0.));
#18427 = ( GEOMETRIC_REPRESENTATION_CONTEXT(3) 
GLOBAL_UNCERTAINTY_ASSIGNED_CONTEXT((#18431)) 
GLOBAL_UNIT_ASSIGNED_CONTEXT((#18428,#18429,#18430)) 
REPRESENTATION_CONTEXT('Context #1',
  '3D Context with UNIT and UNCERTAINTY') );
#18428 = ( LENGTH_UNIT() NAMED_UNIT(*) SI_UNIT(.MILLI.,.METRE.) );
#18429 = ( NAMED_UNIT(*) PLANE_ANGLE_UNIT() SI_UNIT($,.RADIAN.) );
#18430 = ( NAMED_UNIT(*) SI_UNIT($,.STERADIAN.) SOLID_ANGLE_UNIT() );
#18431 = UNCERTAINTY_MEASURE_WITH_UNIT(LENGTH_MEASURE(1.E-07),#18428,
  'distance_accuracy_value','confusion accuracy');
#18432 = CONTEXT_DEPENDENT_SHAPE_REPRESENTATION(#18433,#18435);
#18433 = ( REPRESENTATION_RELATIONSHIP('','',#17638,#10) 
REPRESENTATION_RELATIONSHIP_WITH_TRANSFORMATION(#18434) 
SHAPE_REPRESENTATION_RELATIONSHIP() );
#18434 = ITEM_DEFINED_TRANSFORMATION('','',#11,#23);
#18435 = PRODUCT_DEFINITION_SHAPE('Placement','Placement of an item',
  #18436);
#18436 = NEXT_ASSEMBLY_USAGE_OCCURRENCE('3','=>[0:1:1:4]','',#5,#17633,$
  );
#18437 = PRODUCT_RELATED_PRODUCT_CATEGORY('part',$,(#17635));
#18438 = MECHANICAL_DESIGN_GEOMETRIC_PRESENTATION_REPRESENTATION('',(
    #18439),#18427);
#18439 = STYLED_ITEM('color',(#18440),#17639);
#18440 = PRESENTATION_STYLE_ASSIGNMENT((#18441));
#18441 = SURFACE_STYLE_USAGE(.BOTH.,#18442);
#18442 = SURFACE_SIDE_STYLE('',(#18443));
#18443 = SURFACE_STYLE_FILL_AREA(#18444);
#18444 = FILL_AREA_STYLE('',(#18445));
#18445 = FILL_AREA_STYLE_COLOUR('',#18446);
#18446 = COLOUR_RGB('',0.313304153717,0.484529207832,0.410020903123);
#18447 = MECHANICAL_DESIGN_GEOMETRIC_PRESENTATION_REPRESENTATION('',(
    #18448,#18456,#18463,#18470,#18477),#16811);
#18448 = STYLED_ITEM('color',(#18449),#41);
#18449 = PRESENTATION_STYLE_ASSIGNMENT((#18450));
#18450 = SURFACE_STYLE_USAGE(.BOTH.,#18451);
#18451 = SURFACE_SIDE_STYLE('',(#18452));
#18452 = SURFACE_STYLE_FILL_AREA(#18453);
#18453 = FILL_AREA_STYLE('',(#18454));
#18454 = FILL_AREA_STYLE_COLOUR('',#18455);
#18455 = COLOUR_RGB('',0.792156867455,0.819607826924,0.933333342953);
#18456 = STYLED_ITEM('color',(#18457),#2248);
#18457 = PRESENTATION_STYLE_ASSIGNMENT((#18458));
#18458 = SURFACE_STYLE_USAGE(.BOTH.,#18459);
#18459 = SURFACE_SIDE_STYLE('',(#18460));
#18460 = SURFACE_STYLE_FILL_AREA(#18461);
#18461 = FILL_AREA_STYLE('',(#18462));
#18462 = FILL_AREA_STYLE_COLOUR('',#18455);
#18463 = STYLED_ITEM('color',(#18464),#4872);
#18464 = PRESENTATION_STYLE_ASSIGNMENT((#18465));
#18465 = SURFACE_STYLE_USAGE(.BOTH.,#18466);
#18466 = SURFACE_SIDE_STYLE('',(#18467));
#18467 = SURFACE_STYLE_FILL_AREA(#18468);
#18468 = FILL_AREA_STYLE('',(#18469));
#18469 = FILL_AREA_STYLE_COLOUR('',#18455);
#18470 = STYLED_ITEM('color',(#18471),#7364);
#18471 = PRESENTATION_STYLE_ASSIGNMENT((#18472));
#18472 = SURFACE_STYLE_USAGE(.BOTH.,#18473);
#18473 = SURFACE_SIDE_STYLE('',(#18474));
#18474 = SURFACE_STYLE_FILL_AREA(#18475);
#18475 = FILL_AREA_STYLE('',(#18476));
#18476 = FILL_AREA_STYLE_COLOUR('',#18455);
#18477 = STYLED_ITEM('color',(#18478),#14187);
#18478 = PRESENTATION_STYLE_ASSIGNMENT((#18479));
#18479 = SURFACE_STYLE_USAGE(.BOTH.,#18480);
#18480 = SURFACE_SIDE_STYLE('',(#18481));
#18481 = SURFACE_STYLE_FILL_AREA(#18482);
#18482 = FILL_AREA_STYLE('',(#18483));
#18483 = FILL_AREA_STYLE_COLOUR('',#18455);
#18484 = MECHANICAL_DESIGN_GEOMETRIC_PRESENTATION_REPRESENTATION('',(
    #18485,#18493,#18500,#18507,#18514,#18521,#18528,#18535,#18543,
    #18550,#18557,#18564,#18571,#18578,#18586,#18593,#18600,#18607,
    #18614,#18621,#18628,#18635,#18642,#18649,#18656,#18663),#17620);
#18485 = STYLED_ITEM('color',(#18486),#16832);
#18486 = PRESENTATION_STYLE_ASSIGNMENT((#18487));
#18487 = SURFACE_STYLE_USAGE(.BOTH.,#18488);
#18488 = SURFACE_SIDE_STYLE('',(#18489));
#18489 = SURFACE_STYLE_FILL_AREA(#18490);
#18490 = FILL_AREA_STYLE('',(#18491));
#18491 = FILL_AREA_STYLE_COLOUR('',#18492);
#18492 = COLOUR_RGB('',0.823999987314,0.819999987296,0.781000009244);
#18493 = STYLED_ITEM('color',(#18494),#16872);
#18494 = PRESENTATION_STYLE_ASSIGNMENT((#18495));
#18495 = SURFACE_STYLE_USAGE(.BOTH.,#18496);
#18496 = SURFACE_SIDE_STYLE('',(#18497));
#18497 = SURFACE_STYLE_FILL_AREA(#18498);
#18498 = FILL_AREA_STYLE('',(#18499));
#18499 = FILL_AREA_STYLE_COLOUR('',#18492);
#18500 = STYLED_ITEM('color',(#18501),#16955);
#18501 = PRESENTATION_STYLE_ASSIGNMENT((#18502));
#18502 = SURFACE_STYLE_USAGE(.BOTH.,#18503);
#18503 = SURFACE_SIDE_STYLE('',(#18504));
#18504 = SURFACE_STYLE_FILL_AREA(#18505);
#18505 = FILL_AREA_STYLE('',(#18506));
#18506 = FILL_AREA_STYLE_COLOUR('',#18492);
#18507 = STYLED_ITEM('color',(#18508),#16980);
#18508 = PRESENTATION_STYLE_ASSIGNMENT((#18509));
#18509 = SURFACE_STYLE_USAGE(.BOTH.,#18510);
#18510 = SURFACE_SIDE_STYLE('',(#18511));
#18511 = SURFACE_STYLE_FILL_AREA(#18512);
#18512 = FILL_AREA_STYLE('',(#18513));
#18513 = FILL_AREA_STYLE_COLOUR('',#18492);
#18514 = STYLED_ITEM('color',(#18515),#17005);
#18515 = PRESENTATION_STYLE_ASSIGNMENT((#18516));
#18516 = SURFACE_STYLE_USAGE(.BOTH.,#18517);
#18517 = SURFACE_SIDE_STYLE('',(#18518));
#18518 = SURFACE_STYLE_FILL_AREA(#18519);
#18519 = FILL_AREA_STYLE('',(#18520));
#18520 = FILL_AREA_STYLE_COLOUR('',#18492);
#18521 = STYLED_ITEM('color',(#18522),#17072);
#18522 = PRESENTATION_STYLE_ASSIGNMENT((#18523));
#18523 = SURFACE_STYLE_USAGE(.BOTH.,#18524);
#18524 = SURFACE_SIDE_STYLE('',(#18525));
#18525 = SURFACE_STYLE_FILL_AREA(#18526);
#18526 = FILL_AREA_STYLE('',(#18527));
#18527 = FILL_AREA_STYLE_COLOUR('',#18492);
#18528 = STYLED_ITEM('color',(#18529),#17089);
#18529 = PRESENTATION_STYLE_ASSIGNMENT((#18530));
#18530 = SURFACE_STYLE_USAGE(.BOTH.,#18531);
#18531 = SURFACE_SIDE_STYLE('',(#18532));
#18532 = SURFACE_STYLE_FILL_AREA(#18533);
#18533 = FILL_AREA_STYLE('',(#18534));
#18534 = FILL_AREA_STYLE_COLOUR('',#18492);
#18535 = STYLED_ITEM('color',(#18536),#17106);
#18536 = PRESENTATION_STYLE_ASSIGNMENT((#18537));
#18537 = SURFACE_STYLE_USAGE(.BOTH.,#18538);
#18538 = SURFACE_SIDE_STYLE('',(#18539));
#18539 = SURFACE_STYLE_FILL_AREA(#18540);
#18540 = FILL_AREA_STYLE('',(#18541));
#18541 = FILL_AREA_STYLE_COLOUR('',#18542);
#18542 = COLOUR_RGB('',0.894999966383,0.890999961016,0.813000030345);
#18543 = STYLED_ITEM('color',(#18544),#17155);
#18544 = PRESENTATION_STYLE_ASSIGNMENT((#18545));
#18545 = SURFACE_STYLE_USAGE(.BOTH.,#18546);
#18546 = SURFACE_SIDE_STYLE('',(#18547));
#18547 = SURFACE_STYLE_FILL_AREA(#18548);
#18548 = FILL_AREA_STYLE('',(#18549));
#18549 = FILL_AREA_STYLE_COLOUR('',#18492);
#18550 = STYLED_ITEM('color',(#18551),#17172);
#18551 = PRESENTATION_STYLE_ASSIGNMENT((#18552));
#18552 = SURFACE_STYLE_USAGE(.BOTH.,#18553);
#18553 = SURFACE_SIDE_STYLE('',(#18554));
#18554 = SURFACE_STYLE_FILL_AREA(#18555);
#18555 = FILL_AREA_STYLE('',(#18556));
#18556 = FILL_AREA_STYLE_COLOUR('',#18492);
#18557 = STYLED_ITEM('color',(#18558),#17189);
#18558 = PRESENTATION_STYLE_ASSIGNMENT((#18559));
#18559 = SURFACE_STYLE_USAGE(.BOTH.,#18560);
#18560 = SURFACE_SIDE_STYLE('',(#18561));
#18561 = SURFACE_STYLE_FILL_AREA(#18562);
#18562 = FILL_AREA_STYLE('',(#18563));
#18563 = FILL_AREA_STYLE_COLOUR('',#18542);
#18564 = STYLED_ITEM('color',(#18565),#17238);
#18565 = PRESENTATION_STYLE_ASSIGNMENT((#18566));
#18566 = SURFACE_STYLE_USAGE(.BOTH.,#18567);
#18567 = SURFACE_SIDE_STYLE('',(#18568));
#18568 = SURFACE_STYLE_FILL_AREA(#18569);
#18569 = FILL_AREA_STYLE('',(#18570));
#18570 = FILL_AREA_STYLE_COLOUR('',#18542);
#18571 = STYLED_ITEM('color',(#18572),#17255);
#18572 = PRESENTATION_STYLE_ASSIGNMENT((#18573));
#18573 = SURFACE_STYLE_USAGE(.BOTH.,#18574);
#18574 = SURFACE_SIDE_STYLE('',(#18575));
#18575 = SURFACE_STYLE_FILL_AREA(#18576);
#18576 = FILL_AREA_STYLE('',(#18577));
#18577 = FILL_AREA_STYLE_COLOUR('',#18492);
#18578 = STYLED_ITEM('color',(#18579),#17324);
#18579 = PRESENTATION_STYLE_ASSIGNMENT((#18580));
#18580 = SURFACE_STYLE_USAGE(.BOTH.,#18581);
#18581 = SURFACE_SIDE_STYLE('',(#18582));
#18582 = SURFACE_STYLE_FILL_AREA(#18583);
#18583 = FILL_AREA_STYLE('',(#18584));
#18584 = FILL_AREA_STYLE_COLOUR('',#18585);
#18585 = COLOUR_RGB('',8.200000279077E-02,8.600000121357E-02,
  9.399999706163E-02);
#18586 = STYLED_ITEM('color',(#18587),#17355);
#18587 = PRESENTATION_STYLE_ASSIGNMENT((#18588));
#18588 = SURFACE_STYLE_USAGE(.BOTH.,#18589);
#18589 = SURFACE_SIDE_STYLE('',(#18590));
#18590 = SURFACE_STYLE_FILL_AREA(#18591);
#18591 = FILL_AREA_STYLE('',(#18592));
#18592 = FILL_AREA_STYLE_COLOUR('',#18585);
#18593 = STYLED_ITEM('color',(#18594),#17379);
#18594 = PRESENTATION_STYLE_ASSIGNMENT((#18595));
#18595 = SURFACE_STYLE_USAGE(.BOTH.,#18596);
#18596 = SURFACE_SIDE_STYLE('',(#18597));
#18597 = SURFACE_STYLE_FILL_AREA(#18598);
#18598 = FILL_AREA_STYLE('',(#18599));
#18599 = FILL_AREA_STYLE_COLOUR('',#18492);
#18600 = STYLED_ITEM('color',(#18601),#17448);
#18601 = PRESENTATION_STYLE_ASSIGNMENT((#18602));
#18602 = SURFACE_STYLE_USAGE(.BOTH.,#18603);
#18603 = SURFACE_SIDE_STYLE('',(#18604));
#18604 = SURFACE_STYLE_FILL_AREA(#18605);
#18605 = FILL_AREA_STYLE('',(#18606));
#18606 = FILL_AREA_STYLE_COLOUR('',#18585);
#18607 = STYLED_ITEM('color',(#18608),#17472);
#18608 = PRESENTATION_STYLE_ASSIGNMENT((#18609));
#18609 = SURFACE_STYLE_USAGE(.BOTH.,#18610);
#18610 = SURFACE_SIDE_STYLE('',(#18611));
#18611 = SURFACE_STYLE_FILL_AREA(#18612);
#18612 = FILL_AREA_STYLE('',(#18613));
#18613 = FILL_AREA_STYLE_COLOUR('',#18492);
#18614 = STYLED_ITEM('color',(#18615),#17489);
#18615 = PRESENTATION_STYLE_ASSIGNMENT((#18616));
#18616 = SURFACE_STYLE_USAGE(.BOTH.,#18617);
#18617 = SURFACE_SIDE_STYLE('',(#18618));
#18618 = SURFACE_STYLE_FILL_AREA(#18619);
#18619 = FILL_AREA_STYLE('',(#18620));
#18620 = FILL_AREA_STYLE_COLOUR('',#18492);
#18621 = STYLED_ITEM('color',(#18622),#17506);
#18622 = PRESENTATION_STYLE_ASSIGNMENT((#18623));
#18623 = SURFACE_STYLE_USAGE(.BOTH.,#18624);
#18624 = SURFACE_SIDE_STYLE('',(#18625));
#18625 = SURFACE_STYLE_FILL_AREA(#18626);
#18626 = FILL_AREA_STYLE('',(#18627));
#18627 = FILL_AREA_STYLE_COLOUR('',#18492);
#18628 = STYLED_ITEM('color',(#18629),#17523);
#18629 = PRESENTATION_STYLE_ASSIGNMENT((#18630));
#18630 = SURFACE_STYLE_USAGE(.BOTH.,#18631);
#18631 = SURFACE_SIDE_STYLE('',(#18632));
#18632 = SURFACE_STYLE_FILL_AREA(#18633);
#18633 = FILL_AREA_STYLE('',(#18634));
#18634 = FILL_AREA_STYLE_COLOUR('',#18492);
#18635 = STYLED_ITEM('color',(#18636),#17540);
#18636 = PRESENTATION_STYLE_ASSIGNMENT((#18637));
#18637 = SURFACE_STYLE_USAGE(.BOTH.,#18638);
#18638 = SURFACE_SIDE_STYLE('',(#18639));
#18639 = SURFACE_STYLE_FILL_AREA(#18640);
#18640 = FILL_AREA_STYLE('',(#18641));
#18641 = FILL_AREA_STYLE_COLOUR('',#18492);
#18642 = STYLED_ITEM('color',(#18643),#17557);
#18643 = PRESENTATION_STYLE_ASSIGNMENT((#18644));
#18644 = SURFACE_STYLE_USAGE(.BOTH.,#18645);
#18645 = SURFACE_SIDE_STYLE('',(#18646));
#18646 = SURFACE_STYLE_FILL_AREA(#18647);
#18647 = FILL_AREA_STYLE('',(#18648));
#18648 = FILL_AREA_STYLE_COLOUR('',#18492);
#18649 = STYLED_ITEM('color',(#18650),#17574);
#18650 = PRESENTATION_STYLE_ASSIGNMENT((#18651));
#18651 = SURFACE_STYLE_USAGE(.BOTH.,#18652);
#18652 = SURFACE_SIDE_STYLE('',(#18653));
#18653 = SURFACE_STYLE_FILL_AREA(#18654);
#18654 = FILL_AREA_STYLE('',(#18655));
#18655 = FILL_AREA_STYLE_COLOUR('',#18492);
#18656 = STYLED_ITEM('color',(#18657),#17591);
#18657 = PRESENTATION_STYLE_ASSIGNMENT((#18658));
#18658 = SURFACE_STYLE_USAGE(.BOTH.,#18659);
#18659 = SURFACE_SIDE_STYLE('',(#18660));
#18660 = SURFACE_STYLE_FILL_AREA(#18661);
#18661 = FILL_AREA_STYLE('',(#18662));
#18662 = FILL_AREA_STYLE_COLOUR('',#18585);
#18663 = STYLED_ITEM('color',(#18664),#17608);
#18664 = PRESENTATION_STYLE_ASSIGNMENT((#18665));
#18665 = SURFACE_STYLE_USAGE(.BOTH.,#18666);
#18666 = SURFACE_SIDE_STYLE('',(#18667));
#18667 = SURFACE_STYLE_FILL_AREA(#18668);
#18668 = FILL_AREA_STYLE('',(#18669));
#18669 = FILL_AREA_STYLE_COLOUR('',#18585);
ENDSEC;
END-ISO-10303-21;
